+ launcher_opts=(--etc-dir /etc/trino)
+ grep -s -q node.id /etc/trino/node.properties
+ launcher_opts+=("-Dnode.id=${HOSTNAME}")
+ exec /usr/lib/trino/bin/launcher run --etc-dir /etc/trino -Dnode.id=trino-coordinator-67d898dc5f-744cw
WARNING: Using incubator modules: jdk.incubator.vector
# WARNING: Unable to attach Serviceability Agent. You can try again with escalated privileges. Two options: a) use -Djol.tryWithSudo=true to try with sudo; b) echo 0 | sudo tee /proc/sys/kernel/yama/ptrace_scope
May 07, 2026 6:40:54 PM io.airlift.log.Logger info
INFO: Java version: 25.0.1
2026-05-07T18:40:54.473Z	INFO	main	io.airlift.log.Logging	Logging to stderr
2026-05-07T18:40:54.476Z	INFO	main	io.trino.bootstrap.engine	Loading secrets plugins
2026-05-07T18:40:54.476Z	INFO	main	io.trino.bootstrap.engine	Loading configuration
2026-05-07T18:40:54.571Z	INFO	main	org.hibernate.validator.internal.util.Version	HV000001: Hibernate Validator 9.1.0.Final
2026-05-07T18:40:54.689Z	INFO	main	io.trino.bootstrap.engine	Initializing logging
2026-05-07T18:40:54.733Z	INFO	main	io.airlift.log.Logging	Disabling stderr output
2026-05-07T18:40:55.400Z	WARN	main	oshi.software.os.linux.LinuxOperatingSystem	Did not find udev library in operating system. Some features may not work.
2026-05-07T18:40:55.742Z	INFO	main	io.trino.bootstrap.engine	PROPERTY                                                                                DEFAULT                                                                    RUNTIME                                                                    DESCRIPTION
2026-05-07T18:40:55.742Z	INFO	main	io.trino.bootstrap.engine	memory-manager.http-client.https.automatic-shared-secret                                [REDACTED]                                                                 [REDACTED]
2026-05-07T18:40:55.742Z	INFO	main	io.trino.bootstrap.engine	memory-manager.http-client.use-blocking-connect                                         false                                                                      false
2026-05-07T18:40:55.742Z	INFO	main	io.trino.bootstrap.engine	memory-manager.http-client.connect-timeout                                              5.00s                                                                      5.00s
2026-05-07T18:40:55.742Z	INFO	main	io.trino.bootstrap.engine	memory-manager.http-client.destination-idle-timeout                                     1.00m                                                                      1.00m
2026-05-07T18:40:55.743Z	INFO	main	io.trino.bootstrap.engine	memory-manager.http-client.http2.enabled                                                false                                                                      false                                                                      Enable the HTTP/2 transport
2026-05-07T18:40:55.743Z	INFO	main	io.trino.bootstrap.engine	memory-manager.http-client.http2.session-receive-window-size                            16MB                                                                       16MB                                                                       Initial size of session's flow control receive window for HTTP/2
2026-05-07T18:40:55.743Z	INFO	main	io.trino.bootstrap.engine	memory-manager.http-client.http2.stream-receive-window-size                             16MB                                                                       16MB                                                                       Initial size of stream's flow control receive window for HTTP/2
2026-05-07T18:40:55.743Z	INFO	main	io.trino.bootstrap.engine	memory-manager.http-client.http2.input-buffer-size                                      8kB                                                                        8kB                                                                        Size of the buffer used to read from the network for HTTP/2
2026-05-07T18:40:55.743Z	INFO	main	io.trino.bootstrap.engine	memory-manager.http-client.http-proxy                                                   ----                                                                       ----
2026-05-07T18:40:55.743Z	INFO	main	io.trino.bootstrap.engine	memory-manager.http-client.http-proxy.password                                          [REDACTED]                                                                 [REDACTED]
2026-05-07T18:40:55.743Z	INFO	main	io.trino.bootstrap.engine	memory-manager.http-client.http-proxy.user                                              ----                                                                       ----
2026-05-07T18:40:55.743Z	INFO	main	io.trino.bootstrap.engine	memory-manager.http-client.https.excluded-cipher                                        [^.*_(MD5|SHA|SHA1)$, ^TLS_RSA_.*$, ^SSL_.*$, ^.*_NULL_.*$, ^.*_anon_.*$]  [^.*_(MD5|SHA|SHA1)$, ^TLS_RSA_.*$, ^SSL_.*$, ^.*_NULL_.*$, ^.*_anon_.*$]  Setting this config property overwrites Jetty's default excluded cipher suites
2026-05-07T18:40:55.743Z	INFO	main	io.trino.bootstrap.engine	memory-manager.http-client.https.included-cipher                                        []                                                                         []
2026-05-07T18:40:55.743Z	INFO	main	io.trino.bootstrap.engine	memory-manager.http-client.idle-timeout                                                 30.00s                                                                     30.00s
2026-05-07T18:40:55.743Z	INFO	main	io.trino.bootstrap.engine	memory-manager.http-client.key-store-password                                           [REDACTED]                                                                 [REDACTED]
2026-05-07T18:40:55.743Z	INFO	main	io.trino.bootstrap.engine	memory-manager.http-client.key-store-path                                               ----                                                                       ----
2026-05-07T18:40:55.743Z	INFO	main	io.trino.bootstrap.engine	memory-manager.http-client.log.buffer-size                                              1MB                                                                        1MB
2026-05-07T18:40:55.743Z	INFO	main	io.trino.bootstrap.engine	memory-manager.http-client.log.compression.enabled                                      true                                                                       true
2026-05-07T18:40:55.743Z	INFO	main	io.trino.bootstrap.engine	memory-manager.http-client.log.enabled                                                  false                                                                      false
2026-05-07T18:40:55.743Z	INFO	main	io.trino.bootstrap.engine	memory-manager.http-client.log.flush-interval                                           10.00s                                                                     10.00s
2026-05-07T18:40:55.744Z	INFO	main	io.trino.bootstrap.engine	memory-manager.http-client.log.max-history                                              15                                                                         15
2026-05-07T18:40:55.744Z	INFO	main	io.trino.bootstrap.engine	memory-manager.http-client.log.max-size                                                 1GB                                                                        1GB
2026-05-07T18:40:55.744Z	INFO	main	io.trino.bootstrap.engine	memory-manager.http-client.log.path                                                     var/log/                                                                   var/log/                                                                   The name of the log file will be prefixed with the name of the HTTP client (<client_name>-http-client.log)
2026-05-07T18:40:55.744Z	INFO	main	io.trino.bootstrap.engine	memory-manager.http-client.log.queue-size                                               10000                                                                      10000
2026-05-07T18:40:55.744Z	INFO	main	io.trino.bootstrap.engine	memory-manager.http-client.max-connections-per-server                                   20                                                                         20
2026-05-07T18:40:55.744Z	INFO	main	io.trino.bootstrap.engine	memory-manager.http-client.max-content-length                                           16MB                                                                       16MB
2026-05-07T18:40:55.744Z	INFO	main	io.trino.bootstrap.engine	memory-manager.http-client.max-direct-memory                                            ----                                                                       ----
2026-05-07T18:40:55.744Z	INFO	main	io.trino.bootstrap.engine	memory-manager.http-client.max-heap-memory                                              ----                                                                       ----
2026-05-07T18:40:55.744Z	INFO	main	io.trino.bootstrap.engine	memory-manager.http-client.max-request-header-size                                      8kB                                                                        8kB
2026-05-07T18:40:55.744Z	INFO	main	io.trino.bootstrap.engine	memory-manager.http-client.max-requests-queued-per-destination                          1024                                                                       1024
2026-05-07T18:40:55.744Z	INFO	main	io.trino.bootstrap.engine	memory-manager.http-client.max-response-header-size                                     16kB                                                                       16kB
2026-05-07T18:40:55.756Z	INFO	main	io.trino.bootstrap.engine	memory-manager.http-client.max-threads                                                  200                                                                        200
2026-05-07T18:40:55.756Z	INFO	main	io.trino.bootstrap.engine	memory-manager.http-client.min-threads                                                  8                                                                          8
2026-05-07T18:40:55.756Z	INFO	main	io.trino.bootstrap.engine	memory-manager.http-client.record-request-complete                                      true                                                                       true
2026-05-07T18:40:55.756Z	INFO	main	io.trino.bootstrap.engine	memory-manager.http-client.request-buffer-size                                          4kB                                                                        4kB
2026-05-07T18:40:55.756Z	INFO	main	io.trino.bootstrap.engine	memory-manager.http-client.request-timeout                                              10.00s                                                                     10.00s
2026-05-07T18:40:55.756Z	INFO	main	io.trino.bootstrap.engine	memory-manager.http-client.response-buffer-size                                         16kB                                                                       16kB
2026-05-07T18:40:55.756Z	INFO	main	io.trino.bootstrap.engine	memory-manager.http-client.http-proxy.secure                                            false                                                                      false
2026-05-07T18:40:55.756Z	INFO	main	io.trino.bootstrap.engine	memory-manager.http-client.secure-random-algorithm                                      ----                                                                       ----
2026-05-07T18:40:55.756Z	INFO	main	io.trino.bootstrap.engine	memory-manager.http-client.selector-count                                               2                                                                          2
2026-05-07T18:40:55.756Z	INFO	main	io.trino.bootstrap.engine	memory-manager.http-client.socks-proxy                                                  ----                                                                       ----
2026-05-07T18:40:55.757Z	INFO	main	io.trino.bootstrap.engine	memory-manager.http-client.tcp-keep-alive-idle-time                                     ----                                                                       ----
2026-05-07T18:40:55.757Z	INFO	main	io.trino.bootstrap.engine	memory-manager.http-client.timeout-concurrency                                          1                                                                          1                                                                          Number of concurrent locks for timeout
2026-05-07T18:40:55.757Z	INFO	main	io.trino.bootstrap.engine	memory-manager.http-client.timeout-threads                                              1                                                                          1                                                                          Total number of timeout threads
2026-05-07T18:40:55.757Z	INFO	main	io.trino.bootstrap.engine	memory-manager.http-client.trust-store-password                                         [REDACTED]                                                                 [REDACTED]
2026-05-07T18:40:55.757Z	INFO	main	io.trino.bootstrap.engine	memory-manager.http-client.trust-store-path                                             ----                                                                       ----
2026-05-07T18:40:55.757Z	INFO	main	io.trino.bootstrap.engine	memory-manager.http-client.https.hostname-verification                                  true                                                                       true                                                                       Verify that server hostname matches the server certificate
2026-05-07T18:40:55.757Z	INFO	main	io.trino.bootstrap.engine	announcer.http-client.https.automatic-shared-secret                                     [REDACTED]                                                                 [REDACTED]
2026-05-07T18:40:55.757Z	INFO	main	io.trino.bootstrap.engine	announcer.http-client.use-blocking-connect                                              false                                                                      false
2026-05-07T18:40:55.757Z	INFO	main	io.trino.bootstrap.engine	announcer.http-client.connect-timeout                                                   5.00s                                                                      5.00s
2026-05-07T18:40:55.757Z	INFO	main	io.trino.bootstrap.engine	announcer.http-client.destination-idle-timeout                                          1.00m                                                                      1.00m
2026-05-07T18:40:55.757Z	INFO	main	io.trino.bootstrap.engine	announcer.http-client.http2.enabled                                                     false                                                                      false                                                                      Enable the HTTP/2 transport
2026-05-07T18:40:55.757Z	INFO	main	io.trino.bootstrap.engine	announcer.http-client.http2.session-receive-window-size                                 16MB                                                                       16MB                                                                       Initial size of session's flow control receive window for HTTP/2
2026-05-07T18:40:55.757Z	INFO	main	io.trino.bootstrap.engine	announcer.http-client.http2.stream-receive-window-size                                  16MB                                                                       16MB                                                                       Initial size of stream's flow control receive window for HTTP/2
2026-05-07T18:40:55.757Z	INFO	main	io.trino.bootstrap.engine	announcer.http-client.http2.input-buffer-size                                           8kB                                                                        8kB                                                                        Size of the buffer used to read from the network for HTTP/2
2026-05-07T18:40:55.757Z	INFO	main	io.trino.bootstrap.engine	announcer.http-client.http-proxy                                                        ----                                                                       ----
2026-05-07T18:40:55.758Z	INFO	main	io.trino.bootstrap.engine	announcer.http-client.http-proxy.password                                               [REDACTED]                                                                 [REDACTED]
2026-05-07T18:40:55.758Z	INFO	main	io.trino.bootstrap.engine	announcer.http-client.http-proxy.user                                                   ----                                                                       ----
2026-05-07T18:40:55.758Z	INFO	main	io.trino.bootstrap.engine	announcer.http-client.https.excluded-cipher                                             [^.*_(MD5|SHA|SHA1)$, ^TLS_RSA_.*$, ^SSL_.*$, ^.*_NULL_.*$, ^.*_anon_.*$]  [^.*_(MD5|SHA|SHA1)$, ^TLS_RSA_.*$, ^SSL_.*$, ^.*_NULL_.*$, ^.*_anon_.*$]  Setting this config property overwrites Jetty's default excluded cipher suites
2026-05-07T18:40:55.758Z	INFO	main	io.trino.bootstrap.engine	announcer.http-client.https.included-cipher                                             []                                                                         []
2026-05-07T18:40:55.758Z	INFO	main	io.trino.bootstrap.engine	announcer.http-client.idle-timeout                                                      3.00s                                                                      3.00s
2026-05-07T18:40:55.758Z	INFO	main	io.trino.bootstrap.engine	announcer.http-client.key-store-password                                                [REDACTED]                                                                 [REDACTED]
2026-05-07T18:40:55.758Z	INFO	main	io.trino.bootstrap.engine	announcer.http-client.key-store-path                                                    ----                                                                       ----
2026-05-07T18:40:55.758Z	INFO	main	io.trino.bootstrap.engine	announcer.http-client.log.buffer-size                                                   1MB                                                                        1MB
2026-05-07T18:40:55.758Z	INFO	main	io.trino.bootstrap.engine	announcer.http-client.log.compression.enabled                                           true                                                                       true
2026-05-07T18:40:55.758Z	INFO	main	io.trino.bootstrap.engine	announcer.http-client.log.enabled                                                       false                                                                      false
2026-05-07T18:40:55.758Z	INFO	main	io.trino.bootstrap.engine	announcer.http-client.log.flush-interval                                                10.00s                                                                     10.00s
2026-05-07T18:40:55.759Z	INFO	main	io.trino.bootstrap.engine	announcer.http-client.log.max-history                                                   15                                                                         15
2026-05-07T18:40:55.759Z	INFO	main	io.trino.bootstrap.engine	announcer.http-client.log.max-size                                                      1GB                                                                        1GB
2026-05-07T18:40:55.759Z	INFO	main	io.trino.bootstrap.engine	announcer.http-client.log.path                                                          var/log/                                                                   var/log/                                                                   The name of the log file will be prefixed with the name of the HTTP client (<client_name>-http-client.log)
2026-05-07T18:40:55.759Z	INFO	main	io.trino.bootstrap.engine	announcer.http-client.log.queue-size                                                    10000                                                                      10000
2026-05-07T18:40:55.759Z	INFO	main	io.trino.bootstrap.engine	announcer.http-client.max-connections-per-server                                        20                                                                         20
2026-05-07T18:40:55.759Z	INFO	main	io.trino.bootstrap.engine	announcer.http-client.max-content-length                                                16MB                                                                       16MB
2026-05-07T18:40:55.759Z	INFO	main	io.trino.bootstrap.engine	announcer.http-client.max-direct-memory                                                 ----                                                                       ----
2026-05-07T18:40:55.759Z	INFO	main	io.trino.bootstrap.engine	announcer.http-client.max-heap-memory                                                   ----                                                                       ----
2026-05-07T18:40:55.759Z	INFO	main	io.trino.bootstrap.engine	announcer.http-client.max-request-header-size                                           8kB                                                                        8kB
2026-05-07T18:40:55.759Z	INFO	main	io.trino.bootstrap.engine	announcer.http-client.max-requests-queued-per-destination                               1024                                                                       1024
2026-05-07T18:40:55.759Z	INFO	main	io.trino.bootstrap.engine	announcer.http-client.max-response-header-size                                          16kB                                                                       16kB
2026-05-07T18:40:55.759Z	INFO	main	io.trino.bootstrap.engine	announcer.http-client.max-threads                                                       200                                                                        200
2026-05-07T18:40:55.759Z	INFO	main	io.trino.bootstrap.engine	announcer.http-client.min-threads                                                       8                                                                          8
2026-05-07T18:40:55.759Z	INFO	main	io.trino.bootstrap.engine	announcer.http-client.record-request-complete                                           true                                                                       true
2026-05-07T18:40:55.760Z	INFO	main	io.trino.bootstrap.engine	announcer.http-client.request-buffer-size                                               4kB                                                                        4kB
2026-05-07T18:40:55.760Z	INFO	main	io.trino.bootstrap.engine	announcer.http-client.request-timeout                                                   3.00s                                                                      3.00s
2026-05-07T18:40:55.760Z	INFO	main	io.trino.bootstrap.engine	announcer.http-client.response-buffer-size                                              16kB                                                                       16kB
2026-05-07T18:40:55.760Z	INFO	main	io.trino.bootstrap.engine	announcer.http-client.http-proxy.secure                                                 false                                                                      false
2026-05-07T18:40:55.760Z	INFO	main	io.trino.bootstrap.engine	announcer.http-client.secure-random-algorithm                                           ----                                                                       ----
2026-05-07T18:40:55.760Z	INFO	main	io.trino.bootstrap.engine	announcer.http-client.selector-count                                                    2                                                                          2
2026-05-07T18:40:55.760Z	INFO	main	io.trino.bootstrap.engine	announcer.http-client.socks-proxy                                                       ----                                                                       ----
2026-05-07T18:40:55.760Z	INFO	main	io.trino.bootstrap.engine	announcer.http-client.tcp-keep-alive-idle-time                                          ----                                                                       ----
2026-05-07T18:40:55.760Z	INFO	main	io.trino.bootstrap.engine	announcer.http-client.timeout-concurrency                                               1                                                                          1                                                                          Number of concurrent locks for timeout
2026-05-07T18:40:55.760Z	INFO	main	io.trino.bootstrap.engine	announcer.http-client.timeout-threads                                                   1                                                                          1                                                                          Total number of timeout threads
2026-05-07T18:40:55.760Z	INFO	main	io.trino.bootstrap.engine	announcer.http-client.trust-store-password                                              [REDACTED]                                                                 [REDACTED]
2026-05-07T18:40:55.760Z	INFO	main	io.trino.bootstrap.engine	announcer.http-client.trust-store-path                                                  ----                                                                       ----
2026-05-07T18:40:55.760Z	INFO	main	io.trino.bootstrap.engine	announcer.http-client.https.hostname-verification                                       true                                                                       true                                                                       Verify that server hostname matches the server certificate
2026-05-07T18:40:55.760Z	INFO	main	io.trino.bootstrap.engine	node-manager.http-client.https.automatic-shared-secret                                  [REDACTED]                                                                 [REDACTED]
2026-05-07T18:40:55.760Z	INFO	main	io.trino.bootstrap.engine	node-manager.http-client.use-blocking-connect                                           false                                                                      false
2026-05-07T18:40:55.760Z	INFO	main	io.trino.bootstrap.engine	node-manager.http-client.connect-timeout                                                5.00s                                                                      5.00s
2026-05-07T18:40:55.760Z	INFO	main	io.trino.bootstrap.engine	node-manager.http-client.destination-idle-timeout                                       1.00m                                                                      1.00m
2026-05-07T18:40:55.760Z	INFO	main	io.trino.bootstrap.engine	node-manager.http-client.http2.enabled                                                  false                                                                      false                                                                      Enable the HTTP/2 transport
2026-05-07T18:40:55.761Z	INFO	main	io.trino.bootstrap.engine	node-manager.http-client.http2.session-receive-window-size                              16MB                                                                       16MB                                                                       Initial size of session's flow control receive window for HTTP/2
2026-05-07T18:40:55.761Z	INFO	main	io.trino.bootstrap.engine	node-manager.http-client.http2.stream-receive-window-size                               16MB                                                                       16MB                                                                       Initial size of stream's flow control receive window for HTTP/2
2026-05-07T18:40:55.761Z	INFO	main	io.trino.bootstrap.engine	node-manager.http-client.http2.input-buffer-size                                        8kB                                                                        8kB                                                                        Size of the buffer used to read from the network for HTTP/2
2026-05-07T18:40:55.761Z	INFO	main	io.trino.bootstrap.engine	node-manager.http-client.http-proxy                                                     ----                                                                       ----
2026-05-07T18:40:55.761Z	INFO	main	io.trino.bootstrap.engine	node-manager.http-client.http-proxy.password                                            [REDACTED]                                                                 [REDACTED]
2026-05-07T18:40:55.761Z	INFO	main	io.trino.bootstrap.engine	node-manager.http-client.http-proxy.user                                                ----                                                                       ----
2026-05-07T18:40:55.761Z	INFO	main	io.trino.bootstrap.engine	node-manager.http-client.https.excluded-cipher                                          [^.*_(MD5|SHA|SHA1)$, ^TLS_RSA_.*$, ^SSL_.*$, ^.*_NULL_.*$, ^.*_anon_.*$]  [^.*_(MD5|SHA|SHA1)$, ^TLS_RSA_.*$, ^SSL_.*$, ^.*_NULL_.*$, ^.*_anon_.*$]  Setting this config property overwrites Jetty's default excluded cipher suites
2026-05-07T18:40:55.761Z	INFO	main	io.trino.bootstrap.engine	node-manager.http-client.https.included-cipher                                          []                                                                         []
2026-05-07T18:40:55.761Z	INFO	main	io.trino.bootstrap.engine	node-manager.http-client.idle-timeout                                                   30.00s                                                                     30.00s
2026-05-07T18:40:55.761Z	INFO	main	io.trino.bootstrap.engine	node-manager.http-client.key-store-password                                             [REDACTED]                                                                 [REDACTED]
2026-05-07T18:40:55.761Z	INFO	main	io.trino.bootstrap.engine	node-manager.http-client.key-store-path                                                 ----                                                                       ----
2026-05-07T18:40:55.761Z	INFO	main	io.trino.bootstrap.engine	node-manager.http-client.log.buffer-size                                                1MB                                                                        1MB
2026-05-07T18:40:55.761Z	INFO	main	io.trino.bootstrap.engine	node-manager.http-client.log.compression.enabled                                        true                                                                       true
2026-05-07T18:40:55.761Z	INFO	main	io.trino.bootstrap.engine	node-manager.http-client.log.enabled                                                    false                                                                      false
2026-05-07T18:40:55.761Z	INFO	main	io.trino.bootstrap.engine	node-manager.http-client.log.flush-interval                                             10.00s                                                                     10.00s
2026-05-07T18:40:55.761Z	INFO	main	io.trino.bootstrap.engine	node-manager.http-client.log.max-history                                                15                                                                         15
2026-05-07T18:40:55.761Z	INFO	main	io.trino.bootstrap.engine	node-manager.http-client.log.max-size                                                   1GB                                                                        1GB
2026-05-07T18:40:55.761Z	INFO	main	io.trino.bootstrap.engine	node-manager.http-client.log.path                                                       var/log/                                                                   var/log/                                                                   The name of the log file will be prefixed with the name of the HTTP client (<client_name>-http-client.log)
2026-05-07T18:40:55.762Z	INFO	main	io.trino.bootstrap.engine	node-manager.http-client.log.queue-size                                                 10000                                                                      10000
2026-05-07T18:40:55.762Z	INFO	main	io.trino.bootstrap.engine	node-manager.http-client.max-connections-per-server                                     20                                                                         20
2026-05-07T18:40:55.762Z	INFO	main	io.trino.bootstrap.engine	node-manager.http-client.max-content-length                                             16MB                                                                       16MB
2026-05-07T18:40:55.762Z	INFO	main	io.trino.bootstrap.engine	node-manager.http-client.max-direct-memory                                              ----                                                                       ----
2026-05-07T18:40:55.762Z	INFO	main	io.trino.bootstrap.engine	node-manager.http-client.max-heap-memory                                                ----                                                                       ----
2026-05-07T18:40:55.762Z	INFO	main	io.trino.bootstrap.engine	node-manager.http-client.max-request-header-size                                        8kB                                                                        8kB
2026-05-07T18:40:55.762Z	INFO	main	io.trino.bootstrap.engine	node-manager.http-client.max-requests-queued-per-destination                            1024                                                                       1024
2026-05-07T18:40:55.762Z	INFO	main	io.trino.bootstrap.engine	node-manager.http-client.max-response-header-size                                       16kB                                                                       16kB
2026-05-07T18:40:55.762Z	INFO	main	io.trino.bootstrap.engine	node-manager.http-client.max-threads                                                    200                                                                        200
2026-05-07T18:40:55.762Z	INFO	main	io.trino.bootstrap.engine	node-manager.http-client.min-threads                                                    8                                                                          8
2026-05-07T18:40:55.762Z	INFO	main	io.trino.bootstrap.engine	node-manager.http-client.record-request-complete                                        true                                                                       true
2026-05-07T18:40:55.762Z	INFO	main	io.trino.bootstrap.engine	node-manager.http-client.request-buffer-size                                            4kB                                                                        4kB
2026-05-07T18:40:55.762Z	INFO	main	io.trino.bootstrap.engine	node-manager.http-client.request-timeout                                                10.00s                                                                     10.00s
2026-05-07T18:40:55.762Z	INFO	main	io.trino.bootstrap.engine	node-manager.http-client.response-buffer-size                                           16kB                                                                       16kB
2026-05-07T18:40:55.762Z	INFO	main	io.trino.bootstrap.engine	node-manager.http-client.http-proxy.secure                                              false                                                                      false
2026-05-07T18:40:55.762Z	INFO	main	io.trino.bootstrap.engine	node-manager.http-client.secure-random-algorithm                                        ----                                                                       ----
2026-05-07T18:40:55.762Z	INFO	main	io.trino.bootstrap.engine	node-manager.http-client.selector-count                                                 2                                                                          2
2026-05-07T18:40:55.762Z	INFO	main	io.trino.bootstrap.engine	node-manager.http-client.socks-proxy                                                    ----                                                                       ----
2026-05-07T18:40:55.762Z	INFO	main	io.trino.bootstrap.engine	node-manager.http-client.tcp-keep-alive-idle-time                                       ----                                                                       ----
2026-05-07T18:40:55.762Z	INFO	main	io.trino.bootstrap.engine	node-manager.http-client.timeout-concurrency                                            1                                                                          1                                                                          Number of concurrent locks for timeout
2026-05-07T18:40:55.762Z	INFO	main	io.trino.bootstrap.engine	node-manager.http-client.timeout-threads                                                1                                                                          1                                                                          Total number of timeout threads
2026-05-07T18:40:55.762Z	INFO	main	io.trino.bootstrap.engine	node-manager.http-client.trust-store-password                                           [REDACTED]                                                                 [REDACTED]
2026-05-07T18:40:55.763Z	INFO	main	io.trino.bootstrap.engine	node-manager.http-client.trust-store-path                                               ----                                                                       ----
2026-05-07T18:40:55.763Z	INFO	main	io.trino.bootstrap.engine	node-manager.http-client.https.hostname-verification                                    true                                                                       true                                                                       Verify that server hostname matches the server certificate
2026-05-07T18:40:55.763Z	INFO	main	io.trino.bootstrap.engine	exchange.http-client.https.automatic-shared-secret                                      [REDACTED]                                                                 [REDACTED]
2026-05-07T18:40:55.763Z	INFO	main	io.trino.bootstrap.engine	exchange.http-client.use-blocking-connect                                               false                                                                      false
2026-05-07T18:40:55.763Z	INFO	main	io.trino.bootstrap.engine	exchange.http-client.connect-timeout                                                    5.00s                                                                      5.00s
2026-05-07T18:40:55.763Z	INFO	main	io.trino.bootstrap.engine	exchange.http-client.destination-idle-timeout                                           1.00m                                                                      1.00m
2026-05-07T18:40:55.763Z	INFO	main	io.trino.bootstrap.engine	exchange.http-client.http2.enabled                                                      false                                                                      false                                                                      Enable the HTTP/2 transport
2026-05-07T18:40:55.763Z	INFO	main	io.trino.bootstrap.engine	exchange.http-client.http2.session-receive-window-size                                  16MB                                                                       16MB                                                                       Initial size of session's flow control receive window for HTTP/2
2026-05-07T18:40:55.763Z	INFO	main	io.trino.bootstrap.engine	exchange.http-client.http2.stream-receive-window-size                                   16MB                                                                       16MB                                                                       Initial size of stream's flow control receive window for HTTP/2
2026-05-07T18:40:55.763Z	INFO	main	io.trino.bootstrap.engine	exchange.http-client.http2.input-buffer-size                                            8kB                                                                        8kB                                                                        Size of the buffer used to read from the network for HTTP/2
2026-05-07T18:40:55.763Z	INFO	main	io.trino.bootstrap.engine	exchange.http-client.http-proxy                                                         ----                                                                       ----
2026-05-07T18:40:55.763Z	INFO	main	io.trino.bootstrap.engine	exchange.http-client.http-proxy.password                                                [REDACTED]                                                                 [REDACTED]
2026-05-07T18:40:55.763Z	INFO	main	io.trino.bootstrap.engine	exchange.http-client.http-proxy.user                                                    ----                                                                       ----
2026-05-07T18:40:55.763Z	INFO	main	io.trino.bootstrap.engine	exchange.http-client.https.excluded-cipher                                              [^.*_(MD5|SHA|SHA1)$, ^TLS_RSA_.*$, ^SSL_.*$, ^.*_NULL_.*$, ^.*_anon_.*$]  [^.*_(MD5|SHA|SHA1)$, ^TLS_RSA_.*$, ^SSL_.*$, ^.*_NULL_.*$, ^.*_anon_.*$]  Setting this config property overwrites Jetty's default excluded cipher suites
2026-05-07T18:40:55.763Z	INFO	main	io.trino.bootstrap.engine	exchange.http-client.https.included-cipher                                              []                                                                         []
2026-05-07T18:40:55.763Z	INFO	main	io.trino.bootstrap.engine	exchange.http-client.idle-timeout                                                       30.00s                                                                     30.00s
2026-05-07T18:40:55.763Z	INFO	main	io.trino.bootstrap.engine	exchange.http-client.key-store-password                                                 [REDACTED]                                                                 [REDACTED]
2026-05-07T18:40:55.763Z	INFO	main	io.trino.bootstrap.engine	exchange.http-client.key-store-path                                                     ----                                                                       ----
2026-05-07T18:40:55.763Z	INFO	main	io.trino.bootstrap.engine	exchange.http-client.log.buffer-size                                                    1MB                                                                        1MB
2026-05-07T18:40:55.763Z	INFO	main	io.trino.bootstrap.engine	exchange.http-client.log.compression.enabled                                            true                                                                       true
2026-05-07T18:40:55.763Z	INFO	main	io.trino.bootstrap.engine	exchange.http-client.log.enabled                                                        false                                                                      false
2026-05-07T18:40:55.763Z	INFO	main	io.trino.bootstrap.engine	exchange.http-client.log.flush-interval                                                 10.00s                                                                     10.00s
2026-05-07T18:40:55.763Z	INFO	main	io.trino.bootstrap.engine	exchange.http-client.log.max-history                                                    15                                                                         15
2026-05-07T18:40:55.764Z	INFO	main	io.trino.bootstrap.engine	exchange.http-client.log.max-size                                                       1GB                                                                        1GB
2026-05-07T18:40:55.764Z	INFO	main	io.trino.bootstrap.engine	exchange.http-client.log.path                                                           var/log/                                                                   var/log/                                                                   The name of the log file will be prefixed with the name of the HTTP client (<client_name>-http-client.log)
2026-05-07T18:40:55.764Z	INFO	main	io.trino.bootstrap.engine	exchange.http-client.log.queue-size                                                     10000                                                                      10000
2026-05-07T18:40:55.764Z	INFO	main	io.trino.bootstrap.engine	exchange.http-client.max-connections-per-server                                         250                                                                        250
2026-05-07T18:40:55.764Z	INFO	main	io.trino.bootstrap.engine	exchange.http-client.max-content-length                                                 32MB                                                                       32MB
2026-05-07T18:40:55.764Z	INFO	main	io.trino.bootstrap.engine	exchange.http-client.max-direct-memory                                                  ----                                                                       ----
2026-05-07T18:40:55.764Z	INFO	main	io.trino.bootstrap.engine	exchange.http-client.max-heap-memory                                                    ----                                                                       ----
2026-05-07T18:40:55.764Z	INFO	main	io.trino.bootstrap.engine	exchange.http-client.max-request-header-size                                            8kB                                                                        8kB
2026-05-07T18:40:55.764Z	INFO	main	io.trino.bootstrap.engine	exchange.http-client.max-requests-queued-per-destination                                65536                                                                      65536
2026-05-07T18:40:55.764Z	INFO	main	io.trino.bootstrap.engine	exchange.http-client.max-response-header-size                                           16kB                                                                       16kB
2026-05-07T18:40:55.764Z	INFO	main	io.trino.bootstrap.engine	exchange.http-client.max-threads                                                        200                                                                        200
2026-05-07T18:40:55.764Z	INFO	main	io.trino.bootstrap.engine	exchange.http-client.min-threads                                                        8                                                                          8
2026-05-07T18:40:55.764Z	INFO	main	io.trino.bootstrap.engine	exchange.http-client.record-request-complete                                            true                                                                       true
2026-05-07T18:40:55.764Z	INFO	main	io.trino.bootstrap.engine	exchange.http-client.request-buffer-size                                                4kB                                                                        4kB
2026-05-07T18:40:55.764Z	INFO	main	io.trino.bootstrap.engine	exchange.http-client.request-timeout                                                    10.00s                                                                     10.00s
2026-05-07T18:40:55.764Z	INFO	main	io.trino.bootstrap.engine	exchange.http-client.response-buffer-size                                               16kB                                                                       16kB
2026-05-07T18:40:55.764Z	INFO	main	io.trino.bootstrap.engine	exchange.http-client.http-proxy.secure                                                  false                                                                      false
2026-05-07T18:40:55.764Z	INFO	main	io.trino.bootstrap.engine	exchange.http-client.secure-random-algorithm                                            ----                                                                       ----
2026-05-07T18:40:55.764Z	INFO	main	io.trino.bootstrap.engine	exchange.http-client.selector-count                                                     2                                                                          2
2026-05-07T18:40:55.764Z	INFO	main	io.trino.bootstrap.engine	exchange.http-client.socks-proxy                                                        ----                                                                       ----
2026-05-07T18:40:55.764Z	INFO	main	io.trino.bootstrap.engine	exchange.http-client.tcp-keep-alive-idle-time                                           ----                                                                       ----
2026-05-07T18:40:55.764Z	INFO	main	io.trino.bootstrap.engine	exchange.http-client.timeout-concurrency                                                1                                                                          1                                                                          Number of concurrent locks for timeout
2026-05-07T18:40:55.764Z	INFO	main	io.trino.bootstrap.engine	exchange.http-client.timeout-threads                                                    1                                                                          1                                                                          Total number of timeout threads
2026-05-07T18:40:55.764Z	INFO	main	io.trino.bootstrap.engine	exchange.http-client.trust-store-password                                               [REDACTED]                                                                 [REDACTED]
2026-05-07T18:40:55.764Z	INFO	main	io.trino.bootstrap.engine	exchange.http-client.trust-store-path                                                   ----                                                                       ----
2026-05-07T18:40:55.764Z	INFO	main	io.trino.bootstrap.engine	exchange.http-client.https.hostname-verification                                        true                                                                       true                                                                       Verify that server hostname matches the server certificate
2026-05-07T18:40:55.764Z	INFO	main	io.trino.bootstrap.engine	scheduler.http-client.https.automatic-shared-secret                                     [REDACTED]                                                                 [REDACTED]
2026-05-07T18:40:55.764Z	INFO	main	io.trino.bootstrap.engine	scheduler.http-client.use-blocking-connect                                              false                                                                      false
2026-05-07T18:40:55.764Z	INFO	main	io.trino.bootstrap.engine	scheduler.http-client.connect-timeout                                                   5.00s                                                                      5.00s
2026-05-07T18:40:55.764Z	INFO	main	io.trino.bootstrap.engine	scheduler.http-client.destination-idle-timeout                                          1.00m                                                                      1.00m
2026-05-07T18:40:55.764Z	INFO	main	io.trino.bootstrap.engine	scheduler.http-client.http2.enabled                                                     false                                                                      false                                                                      Enable the HTTP/2 transport
2026-05-07T18:40:55.764Z	INFO	main	io.trino.bootstrap.engine	scheduler.http-client.http2.session-receive-window-size                                 16MB                                                                       16MB                                                                       Initial size of session's flow control receive window for HTTP/2
2026-05-07T18:40:55.764Z	INFO	main	io.trino.bootstrap.engine	scheduler.http-client.http2.stream-receive-window-size                                  16MB                                                                       16MB                                                                       Initial size of stream's flow control receive window for HTTP/2
2026-05-07T18:40:55.764Z	INFO	main	io.trino.bootstrap.engine	scheduler.http-client.http2.input-buffer-size                                           8kB                                                                        8kB                                                                        Size of the buffer used to read from the network for HTTP/2
2026-05-07T18:40:55.764Z	INFO	main	io.trino.bootstrap.engine	scheduler.http-client.http-proxy                                                        ----                                                                       ----
2026-05-07T18:40:55.765Z	INFO	main	io.trino.bootstrap.engine	scheduler.http-client.http-proxy.password                                               [REDACTED]                                                                 [REDACTED]
2026-05-07T18:40:55.765Z	INFO	main	io.trino.bootstrap.engine	scheduler.http-client.http-proxy.user                                                   ----                                                                       ----
2026-05-07T18:40:55.765Z	INFO	main	io.trino.bootstrap.engine	scheduler.http-client.https.excluded-cipher                                             [^.*_(MD5|SHA|SHA1)$, ^TLS_RSA_.*$, ^SSL_.*$, ^.*_NULL_.*$, ^.*_anon_.*$]  [^.*_(MD5|SHA|SHA1)$, ^TLS_RSA_.*$, ^SSL_.*$, ^.*_NULL_.*$, ^.*_anon_.*$]  Setting this config property overwrites Jetty's default excluded cipher suites
2026-05-07T18:40:55.765Z	INFO	main	io.trino.bootstrap.engine	scheduler.http-client.https.included-cipher                                             []                                                                         []
2026-05-07T18:40:55.765Z	INFO	main	io.trino.bootstrap.engine	scheduler.http-client.idle-timeout                                                      60.00s                                                                     60.00s
2026-05-07T18:40:55.765Z	INFO	main	io.trino.bootstrap.engine	scheduler.http-client.key-store-password                                                [REDACTED]                                                                 [REDACTED]
2026-05-07T18:40:55.765Z	INFO	main	io.trino.bootstrap.engine	scheduler.http-client.key-store-path                                                    ----                                                                       ----
2026-05-07T18:40:55.765Z	INFO	main	io.trino.bootstrap.engine	scheduler.http-client.log.buffer-size                                                   1MB                                                                        1MB
2026-05-07T18:40:55.765Z	INFO	main	io.trino.bootstrap.engine	scheduler.http-client.log.compression.enabled                                           true                                                                       true
2026-05-07T18:40:55.765Z	INFO	main	io.trino.bootstrap.engine	scheduler.http-client.log.enabled                                                       false                                                                      false
2026-05-07T18:40:55.765Z	INFO	main	io.trino.bootstrap.engine	scheduler.http-client.log.flush-interval                                                10.00s                                                                     10.00s
2026-05-07T18:40:55.765Z	INFO	main	io.trino.bootstrap.engine	scheduler.http-client.log.max-history                                                   15                                                                         15
2026-05-07T18:40:55.765Z	INFO	main	io.trino.bootstrap.engine	scheduler.http-client.log.max-size                                                      1GB                                                                        1GB
2026-05-07T18:40:55.765Z	INFO	main	io.trino.bootstrap.engine	scheduler.http-client.log.path                                                          var/log/                                                                   var/log/                                                                   The name of the log file will be prefixed with the name of the HTTP client (<client_name>-http-client.log)
2026-05-07T18:40:55.765Z	INFO	main	io.trino.bootstrap.engine	scheduler.http-client.log.queue-size                                                    10000                                                                      10000
2026-05-07T18:40:55.765Z	INFO	main	io.trino.bootstrap.engine	scheduler.http-client.max-connections-per-server                                        250                                                                        250
2026-05-07T18:40:55.765Z	INFO	main	io.trino.bootstrap.engine	scheduler.http-client.max-content-length                                                16MB                                                                       16MB
2026-05-07T18:40:55.765Z	INFO	main	io.trino.bootstrap.engine	scheduler.http-client.max-direct-memory                                                 ----                                                                       ----
2026-05-07T18:40:55.765Z	INFO	main	io.trino.bootstrap.engine	scheduler.http-client.max-heap-memory                                                   ----                                                                       ----
2026-05-07T18:40:55.765Z	INFO	main	io.trino.bootstrap.engine	scheduler.http-client.max-request-header-size                                           8kB                                                                        8kB
2026-05-07T18:40:55.765Z	INFO	main	io.trino.bootstrap.engine	scheduler.http-client.max-requests-queued-per-destination                               1024                                                                       1024
2026-05-07T18:40:55.765Z	INFO	main	io.trino.bootstrap.engine	scheduler.http-client.max-response-header-size                                          16kB                                                                       16kB
2026-05-07T18:40:55.765Z	INFO	main	io.trino.bootstrap.engine	scheduler.http-client.max-threads                                                       200                                                                        200
2026-05-07T18:40:55.766Z	INFO	main	io.trino.bootstrap.engine	scheduler.http-client.min-threads                                                       8                                                                          8
2026-05-07T18:40:55.766Z	INFO	main	io.trino.bootstrap.engine	scheduler.http-client.record-request-complete                                           true                                                                       true
2026-05-07T18:40:55.766Z	INFO	main	io.trino.bootstrap.engine	scheduler.http-client.request-buffer-size                                               4kB                                                                        4kB
2026-05-07T18:40:55.766Z	INFO	main	io.trino.bootstrap.engine	scheduler.http-client.request-timeout                                                   20.00s                                                                     20.00s
2026-05-07T18:40:55.766Z	INFO	main	io.trino.bootstrap.engine	scheduler.http-client.response-buffer-size                                              16kB                                                                       16kB
2026-05-07T18:40:55.766Z	INFO	main	io.trino.bootstrap.engine	scheduler.http-client.http-proxy.secure                                                 false                                                                      false
2026-05-07T18:40:55.766Z	INFO	main	io.trino.bootstrap.engine	scheduler.http-client.secure-random-algorithm                                           ----                                                                       ----
2026-05-07T18:40:55.766Z	INFO	main	io.trino.bootstrap.engine	scheduler.http-client.selector-count                                                    2                                                                          2
2026-05-07T18:40:55.766Z	INFO	main	io.trino.bootstrap.engine	scheduler.http-client.socks-proxy                                                       ----                                                                       ----
2026-05-07T18:40:55.766Z	INFO	main	io.trino.bootstrap.engine	scheduler.http-client.tcp-keep-alive-idle-time                                          ----                                                                       ----
2026-05-07T18:40:55.766Z	INFO	main	io.trino.bootstrap.engine	scheduler.http-client.timeout-concurrency                                               1                                                                          1                                                                          Number of concurrent locks for timeout
2026-05-07T18:40:55.766Z	INFO	main	io.trino.bootstrap.engine	scheduler.http-client.timeout-threads                                                   1                                                                          1                                                                          Total number of timeout threads
2026-05-07T18:40:55.766Z	INFO	main	io.trino.bootstrap.engine	scheduler.http-client.trust-store-password                                              [REDACTED]                                                                 [REDACTED]
2026-05-07T18:40:55.766Z	INFO	main	io.trino.bootstrap.engine	scheduler.http-client.trust-store-path                                                  ----                                                                       ----
2026-05-07T18:40:55.766Z	INFO	main	io.trino.bootstrap.engine	scheduler.http-client.https.hostname-verification                                       true                                                                       true                                                                       Verify that server hostname matches the server certificate
2026-05-07T18:40:55.766Z	INFO	main	io.trino.bootstrap.engine	worker-info.http-client.https.automatic-shared-secret                                   [REDACTED]                                                                 [REDACTED]
2026-05-07T18:40:55.766Z	INFO	main	io.trino.bootstrap.engine	worker-info.http-client.use-blocking-connect                                            false                                                                      false
2026-05-07T18:40:55.766Z	INFO	main	io.trino.bootstrap.engine	worker-info.http-client.connect-timeout                                                 5.00s                                                                      5.00s
2026-05-07T18:40:55.766Z	INFO	main	io.trino.bootstrap.engine	worker-info.http-client.destination-idle-timeout                                        1.00m                                                                      1.00m
2026-05-07T18:40:55.766Z	INFO	main	io.trino.bootstrap.engine	worker-info.http-client.http2.enabled                                                   false                                                                      false                                                                      Enable the HTTP/2 transport
2026-05-07T18:40:55.766Z	INFO	main	io.trino.bootstrap.engine	worker-info.http-client.http2.session-receive-window-size                               16MB                                                                       16MB                                                                       Initial size of session's flow control receive window for HTTP/2
2026-05-07T18:40:55.766Z	INFO	main	io.trino.bootstrap.engine	worker-info.http-client.http2.stream-receive-window-size                                16MB                                                                       16MB                                                                       Initial size of stream's flow control receive window for HTTP/2
2026-05-07T18:40:55.766Z	INFO	main	io.trino.bootstrap.engine	worker-info.http-client.http2.input-buffer-size                                         8kB                                                                        8kB                                                                        Size of the buffer used to read from the network for HTTP/2
2026-05-07T18:40:55.766Z	INFO	main	io.trino.bootstrap.engine	worker-info.http-client.http-proxy                                                      ----                                                                       ----
2026-05-07T18:40:55.766Z	INFO	main	io.trino.bootstrap.engine	worker-info.http-client.http-proxy.password                                             [REDACTED]                                                                 [REDACTED]
2026-05-07T18:40:55.767Z	INFO	main	io.trino.bootstrap.engine	worker-info.http-client.http-proxy.user                                                 ----                                                                       ----
2026-05-07T18:40:55.767Z	INFO	main	io.trino.bootstrap.engine	worker-info.http-client.https.excluded-cipher                                           [^.*_(MD5|SHA|SHA1)$, ^TLS_RSA_.*$, ^SSL_.*$, ^.*_NULL_.*$, ^.*_anon_.*$]  [^.*_(MD5|SHA|SHA1)$, ^TLS_RSA_.*$, ^SSL_.*$, ^.*_NULL_.*$, ^.*_anon_.*$]  Setting this config property overwrites Jetty's default excluded cipher suites
2026-05-07T18:40:55.767Z	INFO	main	io.trino.bootstrap.engine	worker-info.http-client.https.included-cipher                                           []                                                                         []
2026-05-07T18:40:55.767Z	INFO	main	io.trino.bootstrap.engine	worker-info.http-client.idle-timeout                                                    1.00m                                                                      1.00m
2026-05-07T18:40:55.767Z	INFO	main	io.trino.bootstrap.engine	worker-info.http-client.key-store-password                                              [REDACTED]                                                                 [REDACTED]
2026-05-07T18:40:55.767Z	INFO	main	io.trino.bootstrap.engine	worker-info.http-client.key-store-path                                                  ----                                                                       ----
2026-05-07T18:40:55.767Z	INFO	main	io.trino.bootstrap.engine	worker-info.http-client.log.buffer-size                                                 1MB                                                                        1MB
2026-05-07T18:40:55.767Z	INFO	main	io.trino.bootstrap.engine	worker-info.http-client.log.compression.enabled                                         true                                                                       true
2026-05-07T18:40:55.767Z	INFO	main	io.trino.bootstrap.engine	worker-info.http-client.log.enabled                                                     false                                                                      false
2026-05-07T18:40:55.767Z	INFO	main	io.trino.bootstrap.engine	worker-info.http-client.log.flush-interval                                              10.00s                                                                     10.00s
2026-05-07T18:40:55.767Z	INFO	main	io.trino.bootstrap.engine	worker-info.http-client.log.max-history                                                 15                                                                         15
2026-05-07T18:40:55.767Z	INFO	main	io.trino.bootstrap.engine	worker-info.http-client.log.max-size                                                    1GB                                                                        1GB
2026-05-07T18:40:55.767Z	INFO	main	io.trino.bootstrap.engine	worker-info.http-client.log.path                                                        var/log/                                                                   var/log/                                                                   The name of the log file will be prefixed with the name of the HTTP client (<client_name>-http-client.log)
2026-05-07T18:40:55.767Z	INFO	main	io.trino.bootstrap.engine	worker-info.http-client.log.queue-size                                                  10000                                                                      10000
2026-05-07T18:40:55.767Z	INFO	main	io.trino.bootstrap.engine	worker-info.http-client.max-connections-per-server                                      20                                                                         20
2026-05-07T18:40:55.767Z	INFO	main	io.trino.bootstrap.engine	worker-info.http-client.max-content-length                                              16MB                                                                       16MB
2026-05-07T18:40:55.767Z	INFO	main	io.trino.bootstrap.engine	worker-info.http-client.max-direct-memory                                               ----                                                                       ----
2026-05-07T18:40:55.767Z	INFO	main	io.trino.bootstrap.engine	worker-info.http-client.max-heap-memory                                                 ----                                                                       ----
2026-05-07T18:40:55.767Z	INFO	main	io.trino.bootstrap.engine	worker-info.http-client.max-request-header-size                                         8kB                                                                        8kB
2026-05-07T18:40:55.768Z	INFO	main	io.trino.bootstrap.engine	worker-info.http-client.max-requests-queued-per-destination                             1024                                                                       1024
2026-05-07T18:40:55.768Z	INFO	main	io.trino.bootstrap.engine	worker-info.http-client.max-response-header-size                                        16kB                                                                       16kB
2026-05-07T18:40:55.768Z	INFO	main	io.trino.bootstrap.engine	worker-info.http-client.max-threads                                                     200                                                                        200
2026-05-07T18:40:55.768Z	INFO	main	io.trino.bootstrap.engine	worker-info.http-client.min-threads                                                     8                                                                          8
2026-05-07T18:40:55.768Z	INFO	main	io.trino.bootstrap.engine	worker-info.http-client.record-request-complete                                         true                                                                       true
2026-05-07T18:40:55.768Z	INFO	main	io.trino.bootstrap.engine	worker-info.http-client.request-buffer-size                                             4kB                                                                        4kB
2026-05-07T18:40:55.768Z	INFO	main	io.trino.bootstrap.engine	worker-info.http-client.request-timeout                                                 5.00m                                                                      5.00m
2026-05-07T18:40:55.768Z	INFO	main	io.trino.bootstrap.engine	worker-info.http-client.response-buffer-size                                            16kB                                                                       16kB
2026-05-07T18:40:55.768Z	INFO	main	io.trino.bootstrap.engine	worker-info.http-client.http-proxy.secure                                               false                                                                      false
2026-05-07T18:40:55.768Z	INFO	main	io.trino.bootstrap.engine	worker-info.http-client.secure-random-algorithm                                         ----                                                                       ----
2026-05-07T18:40:55.768Z	INFO	main	io.trino.bootstrap.engine	worker-info.http-client.selector-count                                                  2                                                                          2
2026-05-07T18:40:55.768Z	INFO	main	io.trino.bootstrap.engine	worker-info.http-client.socks-proxy                                                     ----                                                                       ----
2026-05-07T18:40:55.768Z	INFO	main	io.trino.bootstrap.engine	worker-info.http-client.tcp-keep-alive-idle-time                                        ----                                                                       ----
2026-05-07T18:40:55.768Z	INFO	main	io.trino.bootstrap.engine	worker-info.http-client.timeout-concurrency                                             1                                                                          1                                                                          Number of concurrent locks for timeout
2026-05-07T18:40:55.768Z	INFO	main	io.trino.bootstrap.engine	worker-info.http-client.timeout-threads                                                 1                                                                          1                                                                          Total number of timeout threads
2026-05-07T18:40:55.768Z	INFO	main	io.trino.bootstrap.engine	worker-info.http-client.trust-store-password                                            [REDACTED]                                                                 [REDACTED]
2026-05-07T18:40:55.768Z	INFO	main	io.trino.bootstrap.engine	worker-info.http-client.trust-store-path                                                ----                                                                       ----
2026-05-07T18:40:55.768Z	INFO	main	io.trino.bootstrap.engine	worker-info.http-client.https.hostname-verification                                     true                                                                       true                                                                       Verify that server hostname matches the server certificate
2026-05-07T18:40:55.768Z	INFO	main	io.trino.bootstrap.engine	http-server.compression.enabled                                                         true                                                                       true
2026-05-07T18:40:55.768Z	INFO	main	io.trino.bootstrap.engine	http-server.http2.session-receive-window-size                                           16MB                                                                       16MB                                                                       Initial size of session's flow control receive window for HTTP/2
2026-05-07T18:40:55.768Z	INFO	main	io.trino.bootstrap.engine	http-server.http2.stream-receive-window-size                                            16MB                                                                       16MB                                                                       Initial size of stream's flow control receive window for HTTP/2
2026-05-07T18:40:55.768Z	INFO	main	io.trino.bootstrap.engine	http-server.http2.input-buffer-size                                                     8kB                                                                        8kB                                                                        Size of the buffer used to read from the network for HTTP/2
2026-05-07T18:40:55.768Z	INFO	main	io.trino.bootstrap.engine	http-server.http2.max-concurrent-streams                                                32768                                                                      32768                                                                      Maximum concurrent streams per connection for HTTP/2
2026-05-07T18:40:55.768Z	INFO	main	io.trino.bootstrap.engine	http-server.http2.stream-idle-timeout                                                   15.00s                                                                     15.00s
2026-05-07T18:40:55.768Z	INFO	main	io.trino.bootstrap.engine	http-server.accept-queue-size                                                           8000                                                                       8000
2026-05-07T18:40:55.768Z	INFO	main	io.trino.bootstrap.engine	http-server.http.acceptor-threads                                                       ----                                                                       ----
2026-05-07T18:40:55.768Z	INFO	main	io.trino.bootstrap.engine	http-server.http.enabled                                                                true                                                                       true
2026-05-07T18:40:55.768Z	INFO	main	io.trino.bootstrap.engine	http-server.http.port                                                                   8080                                                                       8080
2026-05-07T18:40:55.768Z	INFO	main	io.trino.bootstrap.engine	http-server.http.selector-threads                                                       ----                                                                       ----
2026-05-07T18:40:55.769Z	INFO	main	io.trino.bootstrap.engine	http-server.https.acceptor-threads                                                      ----                                                                       ----
2026-05-07T18:40:55.769Z	INFO	main	io.trino.bootstrap.engine	http-server.https.enabled                                                               false                                                                      false
2026-05-07T18:40:55.769Z	INFO	main	io.trino.bootstrap.engine	http-server.https.selector-threads                                                      ----                                                                       ----
2026-05-07T18:40:55.769Z	INFO	main	io.trino.bootstrap.engine	http-server.log.compression.enabled                                                     true                                                                       true
2026-05-07T18:40:55.769Z	INFO	main	io.trino.bootstrap.engine	http-server.log.enabled                                                                 true                                                                       true
2026-05-07T18:40:55.769Z	INFO	main	io.trino.bootstrap.engine	http-server.log.max-history                                                             15                                                                         15
2026-05-07T18:40:55.769Z	INFO	main	io.trino.bootstrap.engine	http-server.log.immediate-flush                                                         false                                                                      false
2026-05-07T18:40:55.769Z	INFO	main	io.trino.bootstrap.engine	http-server.log.max-size                                                                100MB                                                                      100MB
2026-05-07T18:40:55.769Z	INFO	main	io.trino.bootstrap.engine	http-server.log.path                                                                    var/log/http-request.log                                                   var/log/http-request.log
2026-05-07T18:40:55.769Z	INFO	main	io.trino.bootstrap.engine	http-server.log.queue-size                                                              10000                                                                      10000
2026-05-07T18:40:55.769Z	INFO	main	io.trino.bootstrap.engine	http-server.max-request-header-size                                                     2MB                                                                        2MB
2026-05-07T18:40:55.769Z	INFO	main	io.trino.bootstrap.engine	http-server.max-response-header-size                                                    2MB                                                                        2MB
2026-05-07T18:40:55.769Z	INFO	main	io.trino.bootstrap.engine	http-server.threads.max                                                                 200                                                                        200
2026-05-07T18:40:55.769Z	INFO	main	io.trino.bootstrap.engine	http-server.threads.min                                                                 2                                                                          2
2026-05-07T18:40:55.769Z	INFO	main	io.trino.bootstrap.engine	http-server.net.max-idle-time                                                           200.00s                                                                    200.00s
2026-05-07T18:40:55.769Z	INFO	main	io.trino.bootstrap.engine	http-server.notify-remote-async-errors                                                  false                                                                      false                                                                      Should remote exceptions be passed to AsyncContext
2026-05-07T18:40:55.769Z	INFO	main	io.trino.bootstrap.engine	http-server.output-buffer-size                                                          ----                                                                       ----
2026-05-07T18:40:55.769Z	INFO	main	io.trino.bootstrap.engine	http-server.process-forwarded                                                           REJECT                                                                     REJECT                                                                     Process Forwarded and X-Forwarded headers (for proxied environments)
2026-05-07T18:40:55.769Z	INFO	main	io.trino.bootstrap.engine	http-server.show-stack-trace                                                            true                                                                       true                                                                       Show the stack trace when generating an error response
2026-05-07T18:40:55.769Z	INFO	main	io.trino.bootstrap.engine	http-server.stop-timeout                                                                0.00s                                                                      0.00s                                                                      Maximum time to wait for active requests to complete during graceful shutdown
2026-05-07T18:40:55.769Z	INFO	main	io.trino.bootstrap.engine	http-server.threads.max-idle-time                                                       1.00m                                                                      1.00m
2026-05-07T18:40:55.769Z	INFO	main	io.trino.bootstrap.engine	jmx.rmiregistry.port                                                                    ----                                                                       ----
2026-05-07T18:40:55.769Z	INFO	main	io.trino.bootstrap.engine	jmx.rmiserver.port                                                                      ----                                                                       ----
2026-05-07T18:40:55.769Z	INFO	main	io.trino.bootstrap.engine	node.annotation-file                                                                    ----                                                                       ----
2026-05-07T18:40:55.769Z	INFO	main	io.trino.bootstrap.engine	node.annotations                                                                        ----                                                                       ----
2026-05-07T18:40:55.769Z	INFO	main	io.trino.bootstrap.engine	node.binary-spec                                                                        ----                                                                       ----
2026-05-07T18:40:55.769Z	INFO	main	io.trino.bootstrap.engine	node.config-spec                                                                        ----                                                                       ----
2026-05-07T18:40:55.769Z	INFO	main	io.trino.bootstrap.engine	node.environment                                                                        ----                                                                       production
2026-05-07T18:40:55.769Z	INFO	main	io.trino.bootstrap.engine	node.internal-address-source                                                            IP                                                                         IP
2026-05-07T18:40:55.769Z	INFO	main	io.trino.bootstrap.engine	node.location                                                                           ----                                                                       ----
2026-05-07T18:40:55.770Z	INFO	main	io.trino.bootstrap.engine	node.bind-ip                                                                            ----                                                                       ----
2026-05-07T18:40:55.770Z	INFO	main	io.trino.bootstrap.engine	node.external-address                                                                   ----                                                                       ----
2026-05-07T18:40:55.770Z	INFO	main	io.trino.bootstrap.engine	node.id                                                                                 ----                                                                       trino-coordinator-67d898dc5f-744cw
2026-05-07T18:40:55.770Z	INFO	main	io.trino.bootstrap.engine	node.internal-address                                                                   ----                                                                       ----
2026-05-07T18:40:55.770Z	INFO	main	io.trino.bootstrap.engine	node.pool                                                                               general                                                                    general
2026-05-07T18:40:55.770Z	INFO	main	io.trino.bootstrap.engine	node.prefer-ipv6-address                                                                false                                                                      false
2026-05-07T18:40:55.770Z	INFO	main	io.trino.bootstrap.engine	openmetrics.jmx-object-names                                                            []                                                                         []                                                                         JMX object names to include when retrieving all metrics, separated by '|'
2026-05-07T18:40:55.770Z	INFO	main	io.trino.bootstrap.engine	otel.tracing.sampling-ratio                                                             1.0                                                                        1.0
2026-05-07T18:40:55.770Z	INFO	main	io.trino.bootstrap.engine	tracing.enabled                                                                         false                                                                      false
2026-05-07T18:40:55.770Z	INFO	main	io.trino.bootstrap.engine	aggregation-operator-unspill-memory-limit                                               4MB                                                                        4MB
2026-05-07T18:40:55.770Z	INFO	main	io.trino.bootstrap.engine	experimental.columnar-filter-evaluation.enabled                                         true                                                                       true                                                                       Enables columnar evaluation of filters
2026-05-07T18:40:55.770Z	INFO	main	io.trino.bootstrap.engine	exchange.compression-codec                                                              NONE                                                                       NONE                                                                       Compression codec used for data in exchanges
2026-05-07T18:40:55.770Z	INFO	main	io.trino.bootstrap.engine	exchange.data-integrity-verification                                                    ABORT                                                                      ABORT
2026-05-07T18:40:55.770Z	INFO	main	io.trino.bootstrap.engine	exchange.experimental.vectorized-serde.enabled                                          true                                                                       true                                                                       Enable using Java Vector API for faster serialization and deserialization of exchange data
2026-05-07T18:40:55.770Z	INFO	main	io.trino.bootstrap.engine	fault-tolerant-execution-exchange-encryption-enabled                                    true                                                                       true
2026-05-07T18:40:55.770Z	INFO	main	io.trino.bootstrap.engine	filter-and-project-min-output-page-row-count                                            256                                                                        256
2026-05-07T18:40:55.770Z	INFO	main	io.trino.bootstrap.engine	filter-and-project-min-output-page-size                                                 500kB                                                                      500kB
2026-05-07T18:40:55.770Z	INFO	main	io.trino.bootstrap.engine	force-spilling-join-operator                                                            false                                                                      false                                                                      Force spilling join operator in favour of the non-spilling one even when there is no spill
2026-05-07T18:40:55.770Z	INFO	main	io.trino.bootstrap.engine	hide-inaccessible-columns                                                               false                                                                      false                                                                      When enabled non-accessible columns are silently filtered from results from SELECT * statements
2026-05-07T18:40:55.770Z	INFO	main	io.trino.bootstrap.engine	incremental-hash-array-load-factor.enabled                                              true                                                                       true                                                                       Use smaller load factor for small hash arrays in order to improve performance
2026-05-07T18:40:55.770Z	INFO	main	io.trino.bootstrap.engine	deprecated.legacy-arithmetic-decimal-operators                                          false                                                                      false
2026-05-07T18:40:55.770Z	INFO	main	io.trino.bootstrap.engine	deprecated.legacy-catalog-roles                                                         false                                                                      false                                                                      Enable legacy role management syntax that assumed all roles are catalog scoped
2026-05-07T18:40:55.770Z	INFO	main	io.trino.bootstrap.engine	analyzer.max-grouping-sets                                                              2048                                                                       2048
2026-05-07T18:40:55.770Z	INFO	main	io.trino.bootstrap.engine	max-memory-per-partition-writer                                                         256MB                                                                      256MB                                                                      Estimated maximum memory required per partition writer in a single thread
2026-05-07T18:40:55.770Z	INFO	main	io.trino.bootstrap.engine	max-recursion-depth                                                                     10                                                                         10                                                                         Maximum recursion depth for recursive common table expression
2026-05-07T18:40:55.770Z	INFO	main	io.trino.bootstrap.engine	memory-revoking-target                                                                  0.5                                                                        0.5                                                                        When revoking memory, try to revoke so much that pool is filled below target at the end
2026-05-07T18:40:55.770Z	INFO	main	io.trino.bootstrap.engine	memory-revoking-threshold                                                               0.9                                                                        0.9                                                                        Revoke memory when memory pool is filled over threshold
2026-05-07T18:40:55.770Z	INFO	main	io.trino.bootstrap.engine	pages-index.eager-compaction-enabled                                                    false                                                                      false
2026-05-07T18:40:55.770Z	INFO	main	io.trino.bootstrap.engine	re2j.dfa-retries                                                                        5                                                                          5
2026-05-07T18:40:55.771Z	INFO	main	io.trino.bootstrap.engine	re2j.dfa-states-limit                                                                   2147483647                                                                 2147483647
2026-05-07T18:40:55.771Z	INFO	main	io.trino.bootstrap.engine	redistribute-writes                                                                     true                                                                       true
2026-05-07T18:40:55.771Z	INFO	main	io.trino.bootstrap.engine	deprecated.regex-library                                                                JONI                                                                       JONI
2026-05-07T18:40:55.771Z	INFO	main	io.trino.bootstrap.engine	scale-writers                                                                           true                                                                       true
2026-05-07T18:40:55.771Z	INFO	main	io.trino.bootstrap.engine	spill-enabled                                                                           false                                                                      true
2026-05-07T18:40:55.771Z	INFO	main	io.trino.bootstrap.engine	spiller-max-used-space-threshold                                                        0.9                                                                        0.9
2026-05-07T18:40:55.771Z	INFO	main	io.trino.bootstrap.engine	spiller-spill-path                                                                      []                                                                         [/data/trino/spill]
2026-05-07T18:40:55.771Z	INFO	main	io.trino.bootstrap.engine	spiller-threads                                                                         4                                                                          4
2026-05-07T18:40:55.771Z	INFO	main	io.trino.bootstrap.engine	writer-scaling-min-data-processed                                                       120MB                                                                      120MB                                                                      Minimum amount of uncompressed output data processed by writers before writer scaling can happen
2026-05-07T18:40:55.771Z	INFO	main	io.trino.bootstrap.engine	catalog.management                                                                      STATIC                                                                     STATIC
2026-05-07T18:40:55.771Z	INFO	main	io.trino.bootstrap.engine	catalog.config-dir                                                                      etc/catalog                                                                etc/catalog
2026-05-07T18:40:55.771Z	INFO	main	io.trino.bootstrap.engine	catalog.disabled-catalogs                                                               []                                                                         []
2026-05-07T18:40:55.771Z	INFO	main	io.trino.bootstrap.engine	event.max-output-stage-size                                                             16MB                                                                       16MB
2026-05-07T18:40:55.771Z	INFO	main	io.trino.bootstrap.engine	event-listener.config-files                                                             []                                                                         []
2026-05-07T18:40:55.771Z	INFO	main	io.trino.bootstrap.engine	exchange-manager.config-file                                                            ----                                                                       ----
2026-05-07T18:40:55.771Z	INFO	main	io.trino.bootstrap.engine	dynamic-row-filtering.selectivity-threshold                                             0.7                                                                        0.7                                                                        Avoid using dynamic row filters when fraction of rows selected is above threshold
2026-05-07T18:40:55.771Z	INFO	main	io.trino.bootstrap.engine	enable-dynamic-filtering                                                                true                                                                       true
2026-05-07T18:40:55.771Z	INFO	main	io.trino.bootstrap.engine	enable-dynamic-row-filtering                                                            true                                                                       true                                                                       Enable fine-grained filtering of rows in the scan operator using dynamic filters
2026-05-07T18:40:55.771Z	INFO	main	io.trino.bootstrap.engine	enable-large-dynamic-filters                                                            true                                                                       true
2026-05-07T18:40:55.771Z	INFO	main	io.trino.bootstrap.engine	dynamic-filtering.large.max-distinct-values-per-driver                                  50000                                                                      50000
2026-05-07T18:40:55.771Z	INFO	main	io.trino.bootstrap.engine	dynamic-filtering.large.max-size-per-driver                                             4MB                                                                        4MB
2026-05-07T18:40:55.771Z	INFO	main	io.trino.bootstrap.engine	dynamic-filtering.large.max-size-per-filter                                             10MB                                                                       10MB
2026-05-07T18:40:55.771Z	INFO	main	io.trino.bootstrap.engine	dynamic-filtering.large.max-size-per-operator                                           5MB                                                                        5MB
2026-05-07T18:40:55.771Z	INFO	main	io.trino.bootstrap.engine	dynamic-filtering.large-partitioned.max-distinct-values-per-driver                      20000                                                                      20000
2026-05-07T18:40:55.771Z	INFO	main	io.trino.bootstrap.engine	dynamic-filtering.large-partitioned.max-size-per-driver                                 200kB                                                                      200kB
2026-05-07T18:40:55.771Z	INFO	main	io.trino.bootstrap.engine	dynamic-filtering.large-partitioned.max-size-per-operator                               5MB                                                                        5MB
2026-05-07T18:40:55.771Z	INFO	main	io.trino.bootstrap.engine	dynamic-filtering.large-partitioned.range-row-limit-per-driver                          30000                                                                      30000
2026-05-07T18:40:55.772Z	INFO	main	io.trino.bootstrap.engine	dynamic-filtering.large.range-row-limit-per-driver                                      100000                                                                     100000
2026-05-07T18:40:55.772Z	INFO	main	io.trino.bootstrap.engine	dynamic-filtering.small.max-distinct-values-per-driver                                  1000                                                                       1000
2026-05-07T18:40:55.772Z	INFO	main	io.trino.bootstrap.engine	dynamic-filtering.small.max-size-per-driver                                             100kB                                                                      100kB
2026-05-07T18:40:55.772Z	INFO	main	io.trino.bootstrap.engine	dynamic-filtering.small.max-size-per-filter                                             5MB                                                                        5MB
2026-05-07T18:40:55.772Z	INFO	main	io.trino.bootstrap.engine	dynamic-filtering.small.max-size-per-operator                                           1MB                                                                        1MB
2026-05-07T18:40:55.772Z	INFO	main	io.trino.bootstrap.engine	dynamic-filtering.small-partitioned.max-distinct-values-per-driver                      100                                                                        100
2026-05-07T18:40:55.772Z	INFO	main	io.trino.bootstrap.engine	dynamic-filtering.small-partitioned.max-size-per-driver                                 50kB                                                                       50kB
2026-05-07T18:40:55.772Z	INFO	main	io.trino.bootstrap.engine	dynamic-filtering.small-partitioned.max-size-per-operator                               500kB                                                                      500kB
2026-05-07T18:40:55.772Z	INFO	main	io.trino.bootstrap.engine	dynamic-filtering.small-partitioned.range-row-limit-per-driver                          500                                                                        500
2026-05-07T18:40:55.772Z	INFO	main	io.trino.bootstrap.engine	dynamic-filtering.small.range-row-limit-per-driver                                      2000                                                                       2000
2026-05-07T18:40:55.772Z	INFO	main	io.trino.bootstrap.engine	retry-policy.allowed                                                                    [TASK, QUERY, NONE]                                                        [TASK, QUERY, NONE]                                                        Retry policies that are allowed to be used
2026-05-07T18:40:55.772Z	INFO	main	io.trino.bootstrap.engine	query.client.timeout                                                                    5.00m                                                                      5.00m
2026-05-07T18:40:55.772Z	INFO	main	io.trino.bootstrap.engine	query.determine-partition-count-for-write-enabled                                       false                                                                      false                                                                      Determine the number of partitions based on amount of data read and processed by the query for write queries
2026-05-07T18:40:55.772Z	INFO	main	io.trino.bootstrap.engine	query.dispatcher-query-pool-size                                                        50                                                                         50
2026-05-07T18:40:55.772Z	INFO	main	io.trino.bootstrap.engine	query.remote-task.enable-adaptive-request-size                                          true                                                                       true
2026-05-07T18:40:55.772Z	INFO	main	io.trino.bootstrap.engine	fault-tolerant-execution-adaptive-join-reordering-enabled                               false                                                                      false                                                                      Reorder partitioned join based on run time stats in fault tolerant execution
2026-05-07T18:40:55.772Z	INFO	main	io.trino.bootstrap.engine	fault-tolerant-execution-adaptive-join-reordering-min-size-threshold                    5GB                                                                        5GB                                                                        The minimum size of the right side of join to consider reordering
2026-05-07T18:40:55.772Z	INFO	main	io.trino.bootstrap.engine	fault-tolerant-execution-adaptive-join-reordering-size-difference-ratio                 1.5                                                                        1.5                                                                        The ratio of difference in estimated size of right and left side of join to consider reordering
2026-05-07T18:40:55.772Z	INFO	main	io.trino.bootstrap.engine	fault-tolerant-execution-adaptive-query-planning-enabled                                true                                                                       true                                                                       Enable adaptive query planning for the fault tolerant execution
2026-05-07T18:40:55.772Z	INFO	main	io.trino.bootstrap.engine	fault-tolerant-execution-arbitrary-distribution-compute-task-target-size-growth-factor  1.26                                                                       1.26                                                                       Growth factor for adaptive sizing of non-writer tasks of arbitrary distribution for fault-tolerant execution
2026-05-07T18:40:55.772Z	INFO	main	io.trino.bootstrap.engine	fault-tolerant-execution-arbitrary-distribution-compute-task-target-size-growth-period  64                                                                         64                                                                         The number of tasks created for any given non-writer stage of arbitrary distribution before task size is increased
2026-05-07T18:40:55.772Z	INFO	main	io.trino.bootstrap.engine	fault-tolerant-execution-arbitrary-distribution-compute-task-target-size-max            50GB                                                                       50GB                                                                       Max target input size for non-writer task of arbitrary distribution of fault-tolerant execution
2026-05-07T18:40:55.772Z	INFO	main	io.trino.bootstrap.engine	fault-tolerant-execution-arbitrary-distribution-compute-task-target-size-min            512MB                                                                      512MB                                                                      Initial/min target input size for non-writer tasks of arbitrary distribution of fault-tolerant execution
2026-05-07T18:40:55.772Z	INFO	main	io.trino.bootstrap.engine	fault-tolerant-execution-arbitrary-distribution-write-task-target-size-growth-factor    1.26                                                                       1.26                                                                       Growth factor for adaptive sizing of writer tasks of arbitrary distribution for fault-tolerant execution
2026-05-07T18:40:55.772Z	INFO	main	io.trino.bootstrap.engine	fault-tolerant-execution-arbitrary-distribution-write-task-target-size-growth-period    64                                                                         64                                                                         The number of tasks created for any given writer stage of arbitrary distribution before task size is increased
2026-05-07T18:40:55.772Z	INFO	main	io.trino.bootstrap.engine	fault-tolerant-execution-arbitrary-distribution-write-task-target-size-max              50GB                                                                       50GB                                                                       Max target input size for writer tasks of arbitrary distribution of fault-tolerant execution
2026-05-07T18:40:55.773Z	INFO	main	io.trino.bootstrap.engine	fault-tolerant-execution-arbitrary-distribution-write-task-target-size-min              4GB                                                                        4GB                                                                        Initial/min target input size for writer tasks of arbitrary distribution of fault-tolerant execution
2026-05-07T18:40:55.773Z	INFO	main	io.trino.bootstrap.engine	fault-tolerant-execution-hash-distribution-compute-task-target-size                     512MB                                                                      512MB                                                                      Target input size for non-writer tasks of hash distribution of fault-tolerant execution
2026-05-07T18:40:55.773Z	INFO	main	io.trino.bootstrap.engine	fault-tolerant-execution-hash-distribution-compute-task-to-node-min-ratio               2.0                                                                        2.0                                                                        Minimal ratio of tasks count vs cluster nodes count for hash distributed compute stage in fault-tolerant execution
2026-05-07T18:40:55.773Z	INFO	main	io.trino.bootstrap.engine	fault-tolerant-execution-hash-distribution-write-task-target-max-count                  2000                                                                       2000                                                                       Soft upper bound on number of writer tasks in a stage of hash distribution of fault-tolerant execution
2026-05-07T18:40:55.773Z	INFO	main	io.trino.bootstrap.engine	fault-tolerant-execution-hash-distribution-write-task-target-size                       4GB                                                                        4GB                                                                        Target input size of writer tasks of hash distribution of fault-tolerant execution
2026-05-07T18:40:55.773Z	INFO	main	io.trino.bootstrap.engine	fault-tolerant-execution-hash-distribution-write-task-to-node-min-ratio                 2.0                                                                        2.0                                                                        Minimal ratio of tasks count vs cluster nodes count for hash distributed writer stage in fault-tolerant execution
2026-05-07T18:40:55.773Z	INFO	main	io.trino.bootstrap.engine	fault-tolerant-execution-max-partition-count                                            50                                                                         50                                                                         Maximum number of partitions for distributed joins and aggregations executed with fault tolerant execution enabled
2026-05-07T18:40:55.773Z	INFO	main	io.trino.bootstrap.engine	fault-tolerant-execution-max-task-split-count                                           2048                                                                       2048                                                                       Maximal number of splits for a single fault tolerant task (count based)
2026-05-07T18:40:55.773Z	INFO	main	io.trino.bootstrap.engine	fault-tolerant-execution-min-partition-count                                            4                                                                          4                                                                          Minimum number of partitions for distributed joins and aggregations executed with fault tolerant execution enabled
2026-05-07T18:40:55.773Z	INFO	main	io.trino.bootstrap.engine	fault-tolerant-execution-min-partition-count-for-write                                  50                                                                         50                                                                         Minimum number of partitions for distributed joins and aggregations in write queries executed with fault tolerant execution enabled
2026-05-07T18:40:55.773Z	INFO	main	io.trino.bootstrap.engine	fault-tolerant-execution-min-source-stage-progress                                      0.2                                                                        0.2                                                                        Minimal progress of source stage to consider scheduling of parent stage
2026-05-07T18:40:55.773Z	INFO	main	io.trino.bootstrap.engine	fault-tolerant-execution-runtime-adaptive-partitioning-enabled                          false                                                                      false
2026-05-07T18:40:55.773Z	INFO	main	io.trino.bootstrap.engine	fault-tolerant-execution-runtime-adaptive-partitioning-max-task-size                    12GB                                                                       12GB                                                                       Max average task input size when deciding runtime adaptive partitioning
2026-05-07T18:40:55.773Z	INFO	main	io.trino.bootstrap.engine	fault-tolerant-execution-runtime-adaptive-partitioning-partition-count                  1000                                                                       1000                                                                       The partition count to use for runtime adaptive partitioning when enabled
2026-05-07T18:40:55.773Z	INFO	main	io.trino.bootstrap.engine	fault-tolerant-execution-small-stage-estimation-enabled                                 true                                                                       true                                                                       Enable small stage estimation heuristic, used for more aggresive speculative stage scheduling
2026-05-07T18:40:55.773Z	INFO	main	io.trino.bootstrap.engine	fault-tolerant-execution-small-stage-estimation-threshold                               20GB                                                                       20GB                                                                       Threshold until which stage is considered small
2026-05-07T18:40:55.773Z	INFO	main	io.trino.bootstrap.engine	fault-tolerant-execution-small-stage-require-no-more-partitions                         false                                                                      false                                                                      Is it required for all stage partitions (tasks) to be enumerated for stage to be used in heuristic to determine if parent stage is small
2026-05-07T18:40:55.773Z	INFO	main	io.trino.bootstrap.engine	fault-tolerant-execution-small-stage-source-size-multiplier                             1.2                                                                        1.2                                                                        Multiplier used for heuristic estimation is stage is small; the bigger the more conservative estimation is
2026-05-07T18:40:55.773Z	INFO	main	io.trino.bootstrap.engine	fault-tolerant-execution-stage-estimation-for-eager-parent-enabled                      true                                                                       true                                                                       Enable aggressive stage output size estimation heuristic for children of stages to be executed eagerly
2026-05-07T18:40:55.773Z	INFO	main	io.trino.bootstrap.engine	fault-tolerant-execution-standard-split-size                                            64MB                                                                       64MB                                                                       Standard split size for a single fault tolerant task (split weight aware)
2026-05-07T18:40:55.773Z	INFO	main	io.trino.bootstrap.engine	fault-tolerant-execution-task-descriptor-storage-high-water-mark                        386547056B                                                                 386547056B                                                                 Compress the storage when task descriptors in memory are above given data size
2026-05-07T18:40:55.773Z	INFO	main	io.trino.bootstrap.engine	fault-tolerant-execution-task-descriptor-storage-low-water-mark                         257698037B                                                                 257698037B                                                                 Do not compress the storage when tasks descriptors in memory are below given data size
2026-05-07T18:40:55.773Z	INFO	main	io.trino.bootstrap.engine	fault-tolerant-execution-task-descriptor-storage-max-memory                             644245094B                                                                 644245094B                                                                 Maximum amount of memory to be used to store task descriptors for fault tolerant queries on coordinator
2026-05-07T18:40:55.773Z	INFO	main	io.trino.bootstrap.engine	query.max-concurrent-queries                                                            1000                                                                       1000
2026-05-07T18:40:55.773Z	INFO	main	io.trino.bootstrap.engine	query.max-hash-partition-count                                                          100                                                                        100                                                                        Maximum number of partitions for distributed joins and aggregations
2026-05-07T18:40:55.774Z	INFO	main	io.trino.bootstrap.engine	query.max-history                                                                       100                                                                        100
2026-05-07T18:40:55.774Z	INFO	main	io.trino.bootstrap.engine	query.max-length                                                                        1000000                                                                    1000000
2026-05-07T18:40:55.774Z	INFO	main	io.trino.bootstrap.engine	query.max-queued-queries                                                                5000                                                                       5000
2026-05-07T18:40:55.774Z	INFO	main	io.trino.bootstrap.engine	query.remote-task.max-request-size                                                      8MB                                                                        8MB
2026-05-07T18:40:55.774Z	INFO	main	io.trino.bootstrap.engine	query.max-split-manager-callback-threads                                                100                                                                        100                                                                        The maximum number of threads allowed to run splits generation callbacks concurrently
2026-05-07T18:40:55.774Z	INFO	main	io.trino.bootstrap.engine	query.max-stage-count                                                                   150                                                                        150
2026-05-07T18:40:55.774Z	INFO	main	io.trino.bootstrap.engine	query.max-state-machine-callback-threads                                                5                                                                          5                                                                          The maximum number of threads allowed to run query and stage state machine listener callbacks concurrently for each query
2026-05-07T18:40:55.774Z	INFO	main	io.trino.bootstrap.engine	max-tasks-waiting-for-execution-per-query                                               10                                                                         10                                                                         Maximum number of tasks waiting to be scheduled per query. Split enumeration is paused by the scheduler when this threshold is crossed
2026-05-07T18:40:55.774Z	INFO	main	io.trino.bootstrap.engine	max-tasks-waiting-for-node-per-query                                                    50                                                                         50                                                                         Maximum possible number of tasks waiting for node allocation per query before scheduling of new tasks for query is paused
2026-05-07T18:40:55.774Z	INFO	main	io.trino.bootstrap.engine	query.max-writer-task-count                                                             100                                                                        100                                                                        Maximum number of tasks that will participate in writing data
2026-05-07T18:40:55.774Z	INFO	main	io.trino.bootstrap.engine	query.min-hash-partition-count                                                          4                                                                          4                                                                          Minimum number of partitions for distributed joins and aggregations
2026-05-07T18:40:55.774Z	INFO	main	io.trino.bootstrap.engine	query.min-hash-partition-count-for-write                                                50                                                                         50                                                                         Minimum number of partitions for distributed joins and aggregations in write queries
2026-05-07T18:40:55.774Z	INFO	main	io.trino.bootstrap.engine	query.min-expire-age                                                                    15.00m                                                                     15.00m
2026-05-07T18:40:55.774Z	INFO	main	io.trino.bootstrap.engine	query.min-schedule-split-batch-size                                                     100                                                                        100
2026-05-07T18:40:55.774Z	INFO	main	io.trino.bootstrap.engine	query.execution-policy                                                                  phased                                                                     phased
2026-05-07T18:40:55.774Z	INFO	main	io.trino.bootstrap.engine	query.executor-pool-size                                                                1000                                                                       1000
2026-05-07T18:40:55.774Z	INFO	main	io.trino.bootstrap.engine	query.manager-executor-pool-size                                                        5                                                                          5
2026-05-07T18:40:55.774Z	INFO	main	io.trino.bootstrap.engine	query.max-cpu-time                                                                      1000000000.00d                                                             1000000000.00d
2026-05-07T18:40:55.774Z	INFO	main	io.trino.bootstrap.engine	query.max-execution-time                                                                100.00d                                                                    100.00d
2026-05-07T18:40:55.774Z	INFO	main	io.trino.bootstrap.engine	query.max-planning-time                                                                 10.00m                                                                     10.00m
2026-05-07T18:40:55.774Z	INFO	main	io.trino.bootstrap.engine	query.max-run-time                                                                      100.00d                                                                    100.00d
2026-05-07T18:40:55.774Z	INFO	main	io.trino.bootstrap.engine	query.max-scan-physical-bytes                                                           ----                                                                       ----
2026-05-07T18:40:55.774Z	INFO	main	io.trino.bootstrap.engine	query.max-write-physical-size                                                           ----                                                                       ----
2026-05-07T18:40:55.774Z	INFO	main	io.trino.bootstrap.engine	query.reported-rule-stats-limit                                                         10                                                                         10
2026-05-07T18:40:55.774Z	INFO	main	io.trino.bootstrap.engine	query-retry-attempts                                                                    4                                                                          4
2026-05-07T18:40:55.774Z	INFO	main	io.trino.bootstrap.engine	query.remote-task.guaranteed-splits-per-task                                            3                                                                          3
2026-05-07T18:40:55.774Z	INFO	main	io.trino.bootstrap.engine	query.remote-task.max-callback-threads                                                  1000                                                                       1000
2026-05-07T18:40:55.774Z	INFO	main	io.trino.bootstrap.engine	query.remote-task.max-error-duration                                                    1.00m                                                                      1.00m
2026-05-07T18:40:55.774Z	INFO	main	io.trino.bootstrap.engine	query.remote-task.request-size-headroom                                                 2MB                                                                        2MB
2026-05-07T18:40:55.774Z	INFO	main	io.trino.bootstrap.engine	query-manager.required-workers                                                          1                                                                          1                                                                          Minimum number of active workers that must be available before a query will start
2026-05-07T18:40:55.775Z	INFO	main	io.trino.bootstrap.engine	query-manager.required-workers-max-wait                                                 5.00m                                                                      5.00m                                                                      Maximum time to wait for minimum number of workers before the query is failed
2026-05-07T18:40:55.775Z	INFO	main	io.trino.bootstrap.engine	retry-delay-scale-factor                                                                2.0                                                                        2.0                                                                        Factor by which retry delay is scaled on subsequent failures
2026-05-07T18:40:55.775Z	INFO	main	io.trino.bootstrap.engine	retry-initial-delay                                                                     10.00s                                                                     10.00s                                                                     Initial delay before initiating a retry attempt. Delay increases exponentially for each subsequent attempt up to 'retry_max_delay'
2026-05-07T18:40:55.775Z	INFO	main	io.trino.bootstrap.engine	retry-max-delay                                                                         1.00m                                                                      1.00m                                                                      Maximum delay before initiating a retry attempt. Delay increases exponentially for each subsequent attempt starting from 'retry_initial_delay'
2026-05-07T18:40:55.775Z	INFO	main	io.trino.bootstrap.engine	retry-policy                                                                            NONE                                                                       NONE
2026-05-07T18:40:55.775Z	INFO	main	io.trino.bootstrap.engine	query.schedule-split-batch-size                                                         1000                                                                       1000
2026-05-07T18:40:55.775Z	INFO	main	io.trino.bootstrap.engine	source-pages-validation-enabled                                                         true                                                                       true                                                                       Runtime validation of blocks in source pages
2026-05-07T18:40:55.775Z	INFO	main	io.trino.bootstrap.engine	query.stage-count-warning-threshold                                                     50                                                                         50                                                                         Emit a warning when stage count exceeds this threshold
2026-05-07T18:40:55.775Z	INFO	main	io.trino.bootstrap.engine	task-retry-attempts-per-task                                                            4                                                                          4
2026-05-07T18:40:55.775Z	INFO	main	io.trino.bootstrap.engine	task.client.timeout                                                                     2.00m                                                                      2.00m
2026-05-07T18:40:55.775Z	INFO	main	io.trino.bootstrap.engine	task.driver-timeout-threads                                                             5                                                                          5                                                                          Number of threads used for timing out blocked drivers if the timeout is set
2026-05-07T18:40:55.775Z	INFO	main	io.trino.bootstrap.engine	task.http-response-threads                                                              100                                                                        100
2026-05-07T18:40:55.775Z	INFO	main	io.trino.bootstrap.engine	task.http-timeout-threads                                                               3                                                                          3
2026-05-07T18:40:55.775Z	INFO	main	io.trino.bootstrap.engine	task.info.max-age                                                                       5.00m                                                                      5.00m
2026-05-07T18:40:55.775Z	INFO	main	io.trino.bootstrap.engine	task.info-update-interval                                                               3.00s                                                                      3.00s                                                                      Interval between updating task data
2026-05-07T18:40:55.775Z	INFO	main	io.trino.bootstrap.engine	task.initial-splits-per-node                                                            4                                                                          4
2026-05-07T18:40:55.775Z	INFO	main	io.trino.bootstrap.engine	task.interrupt-stuck-split-tasks-detection-interval                                     2.00m                                                                      2.00m                                                                      Interval between detecting stuck split
2026-05-07T18:40:55.775Z	INFO	main	io.trino.bootstrap.engine	task.interrupt-stuck-split-tasks-enabled                                                true                                                                       true
2026-05-07T18:40:55.775Z	INFO	main	io.trino.bootstrap.engine	task.interrupt-stuck-split-tasks-timeout                                                15.00m                                                                     15.00m                                                                     Interrupt task processing thread after this timeout if the thread is stuck in certain external libraries used by Trino functions
2026-05-07T18:40:55.775Z	INFO	main	io.trino.bootstrap.engine	task.interrupt-stuck-split-tasks-warning-threshold                                      10.00m                                                                     10.00m                                                                     Print out call stacks and generate JMX metrics for splits running longer than the threshold
2026-05-07T18:40:55.775Z	INFO	main	io.trino.bootstrap.engine	task.level-time-multiplier                                                              2                                                                          2                                                                          Factor that determines the target scheduled time for a level relative to the next
2026-05-07T18:40:55.775Z	INFO	main	io.trino.bootstrap.engine	task.max-drivers-per-task                                                               2147483647                                                                 2147483647                                                                 Maximum number of drivers a task can run
2026-05-07T18:40:55.775Z	INFO	main	io.trino.bootstrap.engine	task.max-index-memory                                                                   64MB                                                                       64MB
2026-05-07T18:40:55.775Z	INFO	main	io.trino.bootstrap.engine	task.max-local-exchange-buffer-size                                                     128MB                                                                      128MB
2026-05-07T18:40:55.775Z	INFO	main	io.trino.bootstrap.engine	driver.max-page-partitioning-buffer-size                                                32MB                                                                       32MB
2026-05-07T18:40:55.775Z	INFO	main	io.trino.bootstrap.engine	task.max-partial-aggregation-memory                                                     16MB                                                                       16MB
2026-05-07T18:40:55.775Z	INFO	main	io.trino.bootstrap.engine	task.max-partial-top-n-memory                                                           16MB                                                                       16MB
2026-05-07T18:40:55.775Z	INFO	main	io.trino.bootstrap.engine	task.max-worker-threads                                                                 4                                                                          4
2026-05-07T18:40:55.775Z	INFO	main	io.trino.bootstrap.engine	task.max-writer-count                                                                   4                                                                          4                                                                          Maximum number of local parallel table writers per task when either task writer scaling or preferred partitioning is used
2026-05-07T18:40:55.775Z	INFO	main	io.trino.bootstrap.engine	task.min-drivers                                                                        8                                                                          8
2026-05-07T18:40:55.775Z	INFO	main	io.trino.bootstrap.engine	task.min-drivers-per-task                                                               3                                                                          3                                                                          Minimum number of drivers guaranteed to run per task given there is sufficient work to do
2026-05-07T18:40:55.775Z	INFO	main	io.trino.bootstrap.engine	task.min-writer-count                                                                   1                                                                          1                                                                          Minimum number of local parallel table writers per task when preferred partitioning and task writer scaling are not used
2026-05-07T18:40:55.776Z	INFO	main	io.trino.bootstrap.engine	driver.page-partitioning-buffer-pool-size                                               8                                                                          8                                                                          Maximum number of free buffers in the per task partitioned page buffer pool. Setting this to zero effectively disables the pool
2026-05-07T18:40:55.776Z	INFO	main	io.trino.bootstrap.engine	task.per-operator-cpu-timer-enabled                                                     true                                                                       true
2026-05-07T18:40:55.776Z	INFO	main	io.trino.bootstrap.engine	task.scale-writers.enabled                                                              true                                                                       true                                                                       Scale the number of concurrent table writers per task based on throughput
2026-05-07T18:40:55.776Z	INFO	main	io.trino.bootstrap.engine	task.share-index-loading                                                                false                                                                      false
2026-05-07T18:40:55.776Z	INFO	main	io.trino.bootstrap.engine	sink.max-broadcast-buffer-size                                                          200MB                                                                      200MB
2026-05-07T18:40:55.776Z	INFO	main	io.trino.bootstrap.engine	sink.max-buffer-size                                                                    32MB                                                                       32MB
2026-05-07T18:40:55.776Z	INFO	main	io.trino.bootstrap.engine	task.split-concurrency-adjustment-interval                                              100.00ms                                                                   100.00ms
2026-05-07T18:40:55.776Z	INFO	main	io.trino.bootstrap.engine	task.status-refresh-max-wait                                                            1.00s                                                                      1.00s
2026-05-07T18:40:55.776Z	INFO	main	io.trino.bootstrap.engine	task.concurrency                                                                        2                                                                          2                                                                          Default number of local parallel jobs per worker
2026-05-07T18:40:55.776Z	INFO	main	io.trino.bootstrap.engine	task.cpu-timer-enabled                                                                  true                                                                       true
2026-05-07T18:40:55.776Z	INFO	main	io.trino.bootstrap.engine	task.task-notification-threads                                                          5                                                                          5                                                                          Number of threads used for internal task event notifications
2026-05-07T18:40:55.776Z	INFO	main	io.trino.bootstrap.engine	task.termination-timeout                                                                1.00m                                                                      1.00m                                                                      Maximum duration to wait for a task to complete termination before failing the task on the coordinator
2026-05-07T18:40:55.776Z	INFO	main	io.trino.bootstrap.engine	task.task-yield-threads                                                                 3                                                                          3                                                                          Number of threads used for setting yield signals
2026-05-07T18:40:55.776Z	INFO	main	io.trino.bootstrap.engine	experimental.thread-per-driver-scheduler-enabled                                        true                                                                       true
2026-05-07T18:40:55.776Z	INFO	main	io.trino.bootstrap.engine	node-scheduler.allowed-no-matching-node-period                                          2.00m                                                                      2.00m                                                                      How long scheduler should wait before failing a query for which hard task requirements (e.g. node exposing specific catalog) cannot be satisfied. Relevant for TASK retry policy only.
2026-05-07T18:40:55.776Z	INFO	main	io.trino.bootstrap.engine	node-scheduler.exhausted-node-wait-period                                               2.00m                                                                      2.00m                                                                      Maximum time to wait for resource availability on preferred nodes before scheduling a remotely accessible split on other nodes. Relevant for TASK retry policy only.
2026-05-07T18:40:55.776Z	INFO	main	io.trino.bootstrap.engine	node-scheduler.include-coordinator                                                      true                                                                       false
2026-05-07T18:40:55.776Z	INFO	main	io.trino.bootstrap.engine	node-scheduler.max-adjusted-pending-splits-per-task                                     2000                                                                       2000
2026-05-07T18:40:55.776Z	INFO	main	io.trino.bootstrap.engine	node-scheduler.max-splits-per-node                                                      256                                                                        256
2026-05-07T18:40:55.776Z	INFO	main	io.trino.bootstrap.engine	node-scheduler.max-unacknowledged-splits-per-task                                       2000                                                                       2000                                                                       Maximum number of leaf splits not yet delivered to a given task
2026-05-07T18:40:55.776Z	INFO	main	io.trino.bootstrap.engine	node-scheduler.min-candidates                                                           10                                                                         10
2026-05-07T18:40:55.776Z	INFO	main	io.trino.bootstrap.engine	node-scheduler.min-pending-splits-per-task                                              16                                                                         16
2026-05-07T18:40:55.777Z	INFO	main	io.trino.bootstrap.engine	node-scheduler.policy                                                                   UNIFORM                                                                    UNIFORM
2026-05-07T18:40:55.777Z	INFO	main	io.trino.bootstrap.engine	node-scheduler.optimized-local-scheduling                                               true                                                                       true
2026-05-07T18:40:55.777Z	INFO	main	io.trino.bootstrap.engine	node-scheduler.splits-balancing-policy                                                  STAGE                                                                      STAGE                                                                      Strategy for balancing new splits on worker nodes
2026-05-07T18:40:55.777Z	INFO	main	io.trino.bootstrap.engine	warning-collector.max-warnings                                                          2147483647                                                                 2147483647
2026-05-07T18:40:55.777Z	INFO	main	io.trino.bootstrap.engine	fault-tolerant-execution-coordinator-task-memory                                        2GB                                                                        2GB                                                                        Estimated amount of memory a single coordinator task will use when task level retries are used; value is used when allocating nodes for tasks execution
2026-05-07T18:40:55.777Z	INFO	main	io.trino.bootstrap.engine	fault-tolerant-execution-eager-speculative-tasks-node-memory-overcommit                 20GB                                                                       20GB
2026-05-07T18:40:55.777Z	INFO	main	io.trino.bootstrap.engine	fault-tolerant-execution-memory-requirement-increase-on-worker-crash-enabled            true                                                                       true                                                                       Increase memory requirement for tasks failed due to a suspected worker crash
2026-05-07T18:40:55.777Z	INFO	main	io.trino.bootstrap.engine	fault-tolerant-execution-task-memory                                                    5GB                                                                        5GB                                                                        Estimated amount of memory a single task will use when task level retries are used; value is used when allocating nodes for tasks execution
2026-05-07T18:40:55.777Z	INFO	main	io.trino.bootstrap.engine	fault-tolerant-execution-task-memory-estimation-quantile                                0.9                                                                        0.9                                                                        What quantile of memory usage of completed tasks to look at when estimating memory usage for upcoming tasks
2026-05-07T18:40:55.777Z	INFO	main	io.trino.bootstrap.engine	fault-tolerant-execution-task-memory-growth-factor                                      3.0                                                                        3.0                                                                        Factor by which estimated task memory is increased if task execution runs out of memory; value is used allocating nodes for tasks execution
2026-05-07T18:40:55.777Z	INFO	main	io.trino.bootstrap.engine	fault-tolerant-execution-task-runtime-memory-estimation-overhead                        1GB                                                                        1GB                                                                        Extra memory to account for when estimating actual task runtime memory consumption
2026-05-07T18:40:55.777Z	INFO	main	io.trino.bootstrap.engine	query.low-memory-killer.policy                                                          TOTAL_RESERVATION_ON_BLOCKED_NODES                                         TOTAL_RESERVATION_ON_BLOCKED_NODES
2026-05-07T18:40:55.777Z	INFO	main	io.trino.bootstrap.engine	task.low-memory-killer.policy                                                           TOTAL_RESERVATION_ON_BLOCKED_NODES                                         TOTAL_RESERVATION_ON_BLOCKED_NODES
2026-05-07T18:40:55.777Z	INFO	main	io.trino.bootstrap.engine	query.max-memory                                                                        20GB                                                                       12GB
2026-05-07T18:40:55.777Z	INFO	main	io.trino.bootstrap.engine	query.max-total-memory                                                                  40GB                                                                       24GB
2026-05-07T18:40:55.777Z	INFO	main	io.trino.bootstrap.engine	memory.heap-headroom-per-node                                                           1.20GB                                                                     1GB                                                                        The amount of heap memory to set aside as headroom/buffer (e.g., for untracked allocations)
2026-05-07T18:40:55.777Z	INFO	main	io.trino.bootstrap.engine	query.max-memory-per-node                                                               1.20GB                                                                     4GB
2026-05-07T18:40:55.777Z	INFO	main	io.trino.bootstrap.engine	discovery.uri                                                                           []                                                                         [http://localhost:8080]
2026-05-07T18:40:55.777Z	INFO	main	io.trino.bootstrap.engine	discovery.type                                                                          ANNOUNCE                                                                   ANNOUNCE
2026-05-07T18:40:55.777Z	INFO	main	io.trino.bootstrap.engine	exchange.acknowledge-pages                                                              true                                                                       true
2026-05-07T18:40:55.777Z	INFO	main	io.trino.bootstrap.engine	exchange.client-threads                                                                 25                                                                         25
2026-05-07T18:40:55.777Z	INFO	main	io.trino.bootstrap.engine	exchange.concurrent-request-multiplier                                                  3                                                                          3
2026-05-07T18:40:55.777Z	INFO	main	io.trino.bootstrap.engine	exchange.deduplication-buffer-size                                                      32MB                                                                       32MB
2026-05-07T18:40:55.777Z	INFO	main	io.trino.bootstrap.engine	exchange.max-buffer-size                                                                32MB                                                                       32MB
2026-05-07T18:40:55.777Z	INFO	main	io.trino.bootstrap.engine	exchange.max-error-duration                                                             1.00m                                                                      1.00m
2026-05-07T18:40:55.777Z	INFO	main	io.trino.bootstrap.engine	exchange.max-response-size                                                              16MB                                                                       16MB
2026-05-07T18:40:55.777Z	INFO	main	io.trino.bootstrap.engine	exchange.page-buffer-client.max-callback-threads                                        25                                                                         25
2026-05-07T18:40:55.777Z	INFO	main	io.trino.bootstrap.engine	access-control.config-files                                                             []                                                                         []
2026-05-07T18:40:55.777Z	INFO	main	io.trino.bootstrap.engine	internal-communication.http2.enabled                                                    false                                                                      false                                                                      Enable the HTTP/2 transport
2026-05-07T18:40:55.777Z	INFO	main	io.trino.bootstrap.engine	internal-communication.https.required                                                   false                                                                      false
2026-05-07T18:40:55.777Z	INFO	main	io.trino.bootstrap.engine	internal-communication.https.keystore.key                                               [REDACTED]                                                                 [REDACTED]
2026-05-07T18:40:55.777Z	INFO	main	io.trino.bootstrap.engine	internal-communication.https.keystore.path                                              ----                                                                       ----
2026-05-07T18:40:55.777Z	INFO	main	io.trino.bootstrap.engine	internal-communication.shared-secret                                                    [REDACTED]                                                                 [REDACTED]
2026-05-07T18:40:55.778Z	INFO	main	io.trino.bootstrap.engine	internal-communication.https.truststore.key                                             [REDACTED]                                                                 [REDACTED]
2026-05-07T18:40:55.778Z	INFO	main	io.trino.bootstrap.engine	internal-communication.https.truststore.path                                            ----                                                                       ----
2026-05-07T18:40:55.778Z	INFO	main	io.trino.bootstrap.engine	jmx.base-name                                                                           trino                                                                      trino
2026-05-07T18:40:55.778Z	INFO	main	io.trino.bootstrap.engine	protocol.v1.alternate-header-name                                                       ----                                                                       ----                                                                       Alternate header name for V1 protocol
2026-05-07T18:40:55.778Z	INFO	main	io.trino.bootstrap.engine	protocol.v1.prepared-statement-compression.min-gain                                     512                                                                        512                                                                        Prepared statement compression is not applied if the size gain is less than the configured value
2026-05-07T18:40:55.778Z	INFO	main	io.trino.bootstrap.engine	protocol.v1.prepared-statement-compression.length-threshold                             2048                                                                       2048                                                                       Compression is applied to prepared statements longer than the configured value
2026-05-07T18:40:55.778Z	INFO	main	io.trino.bootstrap.engine	experimental.concurrent-startup                                                         false                                                                      false                                                                      Parallelize work during server startup
2026-05-07T18:40:55.778Z	INFO	main	io.trino.bootstrap.engine	coordinator                                                                             true                                                                       true
2026-05-07T18:40:55.778Z	INFO	main	io.trino.bootstrap.engine	shutdown.grace-period                                                                   2.00m                                                                      2.00m
2026-05-07T18:40:55.778Z	INFO	main	io.trino.bootstrap.engine	http.include-exception-in-response                                                      true                                                                       true
2026-05-07T18:40:55.778Z	INFO	main	io.trino.bootstrap.engine	query.info-url-template                                                                 ----                                                                       ----
2026-05-07T18:40:55.778Z	INFO	main	io.trino.bootstrap.engine	query-results.compression-enabled                                                       true                                                                       true
2026-05-07T18:40:55.778Z	INFO	main	io.trino.bootstrap.engine	plugin.dir                                                                              [plugin]                                                                   [/usr/lib/trino/plugin]                                                    Comma separated list of root directories where the plugins are located
2026-05-07T18:40:55.778Z	INFO	main	io.trino.bootstrap.engine	protocol.spooling.encoding.compression.threshold                                        8kB                                                                        8kB                                                                        Do not compress segments smaller than threshold
2026-05-07T18:40:55.778Z	INFO	main	io.trino.bootstrap.engine	protocol.spooling.encoding.json.enabled                                                 true                                                                       true                                                                       Enable uncompressed json spooled encoding
2026-05-07T18:40:55.778Z	INFO	main	io.trino.bootstrap.engine	protocol.spooling.encoding.json+lz4.enabled                                             true                                                                       true                                                                       Enable LZ4 compressed json spooled encoding
2026-05-07T18:40:55.778Z	INFO	main	io.trino.bootstrap.engine	protocol.spooling.encoding.json+zstd.enabled                                            true                                                                       true                                                                       Enable Zstd compressed json spooled encoding
2026-05-07T18:40:55.778Z	INFO	main	io.trino.bootstrap.engine	protocol.spooling.enabled                                                               false                                                                      false                                                                      Enable spooling protocol
2026-05-07T18:40:55.778Z	INFO	main	io.trino.bootstrap.engine	protocol.spooling.unsupported-warning.enabled                                           false                                                                      false                                                                      Generates a warning when a client lacks spooling support and connects to a spooling-enabled server
2026-05-07T18:40:55.778Z	INFO	main	io.trino.bootstrap.engine	http-server.authentication.insecure.user-mapping.file                                   ----                                                                       ----
2026-05-07T18:40:55.778Z	INFO	main	io.trino.bootstrap.engine	http-server.authentication.insecure.user-mapping.pattern                                ----                                                                       ----
2026-05-07T18:40:55.778Z	INFO	main	io.trino.bootstrap.engine	http-server.authentication.type                                                         [insecure]                                                                 [insecure]                                                                 Ordered list of authentication types
2026-05-07T18:40:55.778Z	INFO	main	io.trino.bootstrap.engine	management.user                                                                         ----                                                                       ----                                                                       Optional fixed user for all requests to management endpoints
2026-05-07T18:40:55.778Z	INFO	main	io.trino.bootstrap.engine	management.user.https-enabled                                                           false                                                                      false                                                                      Use fixed management user for secure HTTPS requests
2026-05-07T18:40:55.778Z	INFO	main	io.trino.bootstrap.engine	http-server.authentication.allow-insecure-over-http                                     true                                                                       true                                                                       Insecure authentication over HTTP (non-secure) enabled
2026-05-07T18:40:55.778Z	INFO	main	io.trino.bootstrap.engine	web-ui.session-timeout                                                                  1.00d                                                                      1.00d
2026-05-07T18:40:55.778Z	INFO	main	io.trino.bootstrap.engine	web-ui.shared-secret                                                                    [REDACTED]                                                                 [REDACTED]
2026-05-07T18:40:55.778Z	INFO	main	io.trino.bootstrap.engine	web-ui.authentication.type                                                              ----                                                                       ----                                                                       Authentication type for the web ui
2026-05-07T18:40:55.778Z	INFO	main	io.trino.bootstrap.engine	web-ui.enabled                                                                          true                                                                       true
2026-05-07T18:40:55.778Z	INFO	main	io.trino.bootstrap.engine	web-ui.preview.enabled                                                                  true                                                                       true
2026-05-07T18:40:55.778Z	INFO	main	io.trino.bootstrap.engine	max-spill-per-node                                                                      100GB                                                                      100GB
2026-05-07T18:40:55.778Z	INFO	main	io.trino.bootstrap.engine	query-max-spill-per-node                                                                100GB                                                                      100GB
2026-05-07T18:40:55.778Z	INFO	main	io.trino.bootstrap.engine	spill-compression-codec                                                                 NONE                                                                       NONE                                                                       Compression codec used for data in spills
2026-05-07T18:40:55.778Z	INFO	main	io.trino.bootstrap.engine	spill-encryption-enabled                                                                false                                                                      false
2026-05-07T18:40:55.778Z	INFO	main	io.trino.bootstrap.engine	sql.default-catalog                                                                     ----                                                                       ----
2026-05-07T18:40:55.778Z	INFO	main	io.trino.bootstrap.engine	sql.default-function-catalog                                                            ----                                                                       ----
2026-05-07T18:40:55.778Z	INFO	main	io.trino.bootstrap.engine	sql.default-function-schema                                                             ----                                                                       ----
2026-05-07T18:40:55.779Z	INFO	main	io.trino.bootstrap.engine	sql.default-schema                                                                      ----                                                                       ----
2026-05-07T18:40:55.779Z	INFO	main	io.trino.bootstrap.engine	sql.forced-session-time-zone                                                            ----                                                                       ----                                                                       User session time zone overriding value sent by client
2026-05-07T18:40:55.779Z	INFO	main	io.trino.bootstrap.engine	sql.path
2026-05-07T18:40:55.779Z	INFO	main	io.trino.bootstrap.engine	compiler.expression-cache-size                                                          10000                                                                      10000                                                                      Reuse compiled expressions across multiple queries
2026-05-07T18:40:55.779Z	INFO	main	io.trino.bootstrap.engine	compiler.specialized-aggregation-loops                                                  true                                                                       true
2026-05-07T18:40:55.779Z	INFO	main	io.trino.bootstrap.engine	adaptive-partial-aggregation.enabled                                                    true                                                                       true
2026-05-07T18:40:55.779Z	INFO	main	io.trino.bootstrap.engine	adaptive-partial-aggregation.unique-rows-ratio-threshold                                0.8                                                                        0.8                                                                        Ratio between aggregation output and input rows above which partial aggregation might be adaptively turned off
2026-05-07T18:40:55.779Z	INFO	main	io.trino.bootstrap.engine	collect-plan-statistics-for-all-queries                                                 false                                                                      false                                                                      Collect plan statistics for non-EXPLAIN queries
2026-05-07T18:40:55.779Z	INFO	main	io.trino.bootstrap.engine	colocated-joins-enabled                                                                 true                                                                       true                                                                       Use a colocated join when possible
2026-05-07T18:40:55.779Z	INFO	main	io.trino.bootstrap.engine	optimizer.complex-expression-pushdown.enabled                                           true                                                                       true
2026-05-07T18:40:55.779Z	INFO	main	io.trino.bootstrap.engine	cpu-cost-weight                                                                         75.0                                                                       75.0
2026-05-07T18:40:55.779Z	INFO	main	io.trino.bootstrap.engine	optimizer.default-filter-factor-enabled                                                 false                                                                      false
2026-05-07T18:40:55.779Z	INFO	main	io.trino.bootstrap.engine	optimizer.dictionary-aggregation                                                        false                                                                      false
2026-05-07T18:40:55.779Z	INFO	main	io.trino.bootstrap.engine	optimizer.distinct-aggregations-strategy                                                ----                                                                       ----                                                                       Strategy to use for distinct aggregations
2026-05-07T18:40:55.779Z	INFO	main	io.trino.bootstrap.engine	distributed-sort                                                                        true                                                                       true
2026-05-07T18:40:55.779Z	INFO	main	io.trino.bootstrap.engine	enable-forced-exchange-below-group-id                                                   true                                                                       true
2026-05-07T18:40:55.779Z	INFO	main	io.trino.bootstrap.engine	optimizer.enable-intermediate-aggregations                                              false                                                                      false
2026-05-07T18:40:55.779Z	INFO	main	io.trino.bootstrap.engine	enable-stats-calculator                                                                 true                                                                       true
2026-05-07T18:40:55.779Z	INFO	main	io.trino.bootstrap.engine	optimizer.filter-conjunction-independence-factor                                        0.75                                                                       0.75                                                                       Scales the strength of independence assumption for selectivity estimates of the conjunction of multiple filters
2026-05-07T18:40:55.779Z	INFO	main	io.trino.bootstrap.engine	optimizer.force-single-node-output                                                      false                                                                      false
2026-05-07T18:40:55.779Z	INFO	main	io.trino.bootstrap.engine	optimizer.ignore-downstream-preferences                                                 false                                                                      false
2026-05-07T18:40:55.779Z	INFO	main	io.trino.bootstrap.engine	optimizer.ignore-stats-calculator-failures                                              true                                                                       true                                                                       Ignore statistics calculator failures
2026-05-07T18:40:55.779Z	INFO	main	io.trino.bootstrap.engine	iterative-optimizer-timeout                                                             3.00m                                                                      3.00m
2026-05-07T18:40:55.779Z	INFO	main	io.trino.bootstrap.engine	join-distribution-type                                                                  AUTOMATIC                                                                  AUTOMATIC
2026-05-07T18:40:55.779Z	INFO	main	io.trino.bootstrap.engine	join-max-broadcast-table-size                                                           100MB                                                                      100MB                                                                      Maximum estimated size of a table that can be broadcast when using automatic join type selection
2026-05-07T18:40:55.779Z	INFO	main	io.trino.bootstrap.engine	optimizer.join-multi-clause-independence-factor                                         0.25                                                                       0.25                                                                       Scales the strength of independence assumption for selectivity estimates of multi-clause joins
2026-05-07T18:40:55.779Z	INFO	main	io.trino.bootstrap.engine	optimizer.join-partitioned-build-min-row-count                                          1000000                                                                    1000000                                                                    Minimum number of join build side rows required to use partitioned join lookup
2026-05-07T18:40:55.779Z	INFO	main	io.trino.bootstrap.engine	optimizer.join-reordering-strategy                                                      AUTOMATIC                                                                  AUTOMATIC                                                                  The strategy to use for reordering joins
2026-05-07T18:40:55.779Z	INFO	main	io.trino.bootstrap.engine	optimizer.max-reordered-joins                                                           8                                                                          8                                                                          The maximum number of tables to reorder in cost-based join reordering
2026-05-07T18:40:55.779Z	INFO	main	io.trino.bootstrap.engine	memory-cost-weight                                                                      10.0                                                                       10.0
2026-05-07T18:40:55.779Z	INFO	main	io.trino.bootstrap.engine	optimizer.merge-project-with-values                                                     true                                                                       true
2026-05-07T18:40:55.779Z	INFO	main	io.trino.bootstrap.engine	optimizer.min-input-rows-per-task                                                       10000000                                                                   10000000                                                                   Minimum input rows required per task. This will help optimizer determine hash partition count for joins and aggregations
2026-05-07T18:40:55.779Z	INFO	main	io.trino.bootstrap.engine	optimizer.min-input-size-per-task                                                       5GB                                                                        5GB                                                                        Minimum input data size required per task. This will help optimizer determine hash partition count for joins and aggregations
2026-05-07T18:40:55.779Z	INFO	main	io.trino.bootstrap.engine	network-cost-weight                                                                     15.0                                                                       15.0
2026-05-07T18:40:55.779Z	INFO	main	io.trino.bootstrap.engine	optimizer.non-estimatable-predicate-approximation.enabled                               true                                                                       true                                                                       Approximate the cost of filters which cannot be accurately estimated even with complete statistics
2026-05-07T18:40:55.779Z	INFO	main	io.trino.bootstrap.engine	optimizer.optimize-duplicate-insensitive-joins                                          true                                                                       true
2026-05-07T18:40:55.780Z	INFO	main	io.trino.bootstrap.engine	optimizer.optimize-metadata-queries                                                     false                                                                      false
2026-05-07T18:40:55.780Z	INFO	main	io.trino.bootstrap.engine	optimizer.optimize-top-n-ranking                                                        true                                                                       true
2026-05-07T18:40:55.780Z	INFO	main	io.trino.bootstrap.engine	optimizer.pre-aggregate-case-aggregations.enabled                                       true                                                                       true                                                                       Pre-aggregate rows before GROUP BY with multiple CASE aggregations on same column
2026-05-07T18:40:55.780Z	INFO	main	io.trino.bootstrap.engine	optimizer.predicate-pushdown-use-table-properties                                       true                                                                       true
2026-05-07T18:40:55.780Z	INFO	main	io.trino.bootstrap.engine	optimizer.prefer-partial-aggregation                                                    true                                                                       true
2026-05-07T18:40:55.780Z	INFO	main	io.trino.bootstrap.engine	optimizer.push-aggregation-through-outer-join                                           true                                                                       true
2026-05-07T18:40:55.780Z	INFO	main	io.trino.bootstrap.engine	optimizer.push-filter-into-values-max-row-count                                         100                                                                        100                                                                        Maximum number of rows in values for which filter is pushed down into values
2026-05-07T18:40:55.780Z	INFO	main	io.trino.bootstrap.engine	optimizer.push-partial-aggregation-through-join                                         true                                                                       true
2026-05-07T18:40:55.780Z	INFO	main	io.trino.bootstrap.engine	optimizer.push-table-write-through-union                                                true                                                                       true
2026-05-07T18:40:55.780Z	INFO	main	io.trino.bootstrap.engine	optimizer.rewrite-filtering-semi-join-to-inner-join                                     true                                                                       true
2026-05-07T18:40:55.780Z	INFO	main	io.trino.bootstrap.engine	optimizer.skip-redundant-sort                                                           true                                                                       true
2026-05-07T18:40:55.780Z	INFO	main	io.trino.bootstrap.engine	spatial-joins-enabled                                                                   true                                                                       true                                                                       Use spatial index for spatial joins when possible
2026-05-07T18:40:55.780Z	INFO	main	io.trino.bootstrap.engine	statistics-precalculation-for-pushdown.enabled                                          true                                                                       true
2026-05-07T18:40:55.780Z	INFO	main	io.trino.bootstrap.engine	optimizer.table-scan-node-partitioning-min-bucket-to-task-ratio                         0.5                                                                        0.5                                                                        Min table scan bucket to task ratio for which plan will be adopted to node pre-partitioned tables
2026-05-07T18:40:55.780Z	INFO	main	io.trino.bootstrap.engine	optimizer.allow-unsafe-pushdown                                                         false                                                                      false                                                                      Allow pushing down expressions that mail fail for some inputs
2026-05-07T18:40:55.780Z	INFO	main	io.trino.bootstrap.engine	optimizer.use-cost-based-partitioning                                                   true                                                                       true                                                                       When enabled the cost based optimizer is used to determine if repartitioning the output of an already partitioned stage is necessary
2026-05-07T18:40:55.780Z	INFO	main	io.trino.bootstrap.engine	optimizer.use-exact-partitioning                                                        false                                                                      false                                                                      When enabled this forces data repartitioning unless the partitioning of upstream stage matches exactly what downstream stage expects
2026-05-07T18:40:55.780Z	INFO	main	io.trino.bootstrap.engine	optimizer.use-legacy-window-filter-pushdown                                             false                                                                      false
2026-05-07T18:40:55.780Z	INFO	main	io.trino.bootstrap.engine	use-preferred-write-partitioning                                                        true                                                                       true
2026-05-07T18:40:55.780Z	INFO	main	io.trino.bootstrap.engine	optimizer.use-table-scan-node-partitioning                                              true                                                                       true                                                                       Adapt plan to node pre-partitioned tables
2026-05-07T18:40:55.780Z	INFO	main	io.trino.bootstrap.engine	transaction.idle-check-interval                                                         1.00m                                                                      1.00m                                                                      Time interval between idle transactions checks
2026-05-07T18:40:55.780Z	INFO	main	io.trino.bootstrap.engine	transaction.idle-timeout                                                                5.00m                                                                      5.00m                                                                      Amount of time before an inactive transaction is considered expired
2026-05-07T18:40:55.780Z	INFO	main	io.trino.bootstrap.engine	transaction.max-finishing-concurrency                                                   1                                                                          1                                                                          Maximum parallelism for committing or aborting a transaction
2026-05-07T18:40:58.978Z	ERROR	main	io.trino.server.Server	Unable to create injector, see the following errors:

1) [Guice/ErrorInjectingConstructor]: IllegalArgumentException: Invalid memory configuration. The sum of max query memory per node (4294967296) and heap headroom (1073741824) cannot be larger than the available heap memory (4294967296)
  at LocalMemoryManager.<init>(LocalMemoryManager.java:44)
  at java.base/DirectMethodHandleAccessor.invoke(DirectMethodHandleAccessor.java:104)
  at SqlTaskManager.<init>(SqlTaskManager.java:161)
      \_ for 8th parameter localMemoryManager
  at java.base/DirectMethodHandleAccessor.invoke(DirectMethodHandleAccessor.java:104)
  at SqlQueryExecution$SqlQueryExecutionFactory.<init>(SqlQueryExecution.java:838)
      \_ for 26th parameter coordinatorTaskManager
  at QueryExecutionFactoryModule.configure(QueryExecutionFactoryModule.java:145)
      \_ installed by: ServerMainModule -> CoordinatorModule -> QueryExecutionFactoryModule
  while locating SqlQueryExecution$SqlQueryExecutionFactory
  at QueryExecutionFactoryModule.configure(QueryExecutionFactoryModule.java:147)
      \_ installed by: ServerMainModule -> CoordinatorModule -> QueryExecutionFactoryModule
  while locating QueryExecution$QueryExecutionFactory<?> annotated with @Element(setName=,uniqueId=552, type=MAPBINDER, keyType=Class<? extends Statement>)
  at LocalDispatchQueryFactory.<init>(LocalDispatchQueryFactory.java:93)
      \_ for 9th parameter executionFactories
  while locating LocalDispatchQueryFactory
  at DispatchManager.<init>(DispatchManager.java:114)
      \_ for 4th parameter dispatchQueryFactory
  at java.base/DirectMethodHandleAccessor.invoke(DirectMethodHandleAccessor.java:104)
      \_ installed by: ServerMainModule -> CoordinatorModule
  at ClusterStatsResource.<init>(ClusterStatsResource.java:50)
      \_ for 3rd parameter dispatchManager
  at WebUiModule.setup(WebUiModule.java:36)
      \_ installed by: ServerMainModule -> CoordinatorModule -> WebUiModule
  while locating ClusterStatsResource
  at java.base/DirectMethodHandleAccessor.invoke(DirectMethodHandleAccessor.java:104)
      \_ installed by: ServerMainModule -> CoordinatorModule -> WebUiModule
  while locating Object annotated with @Element(setName=,uniqueId=508, type=MULTIBINDER, keyType=)
  while locating Set<Object>
  at java.base/DirectMethodHandleAccessor.invoke(DirectMethodHandleAccessor.java:104)
  while locating ResourceConfig
  at java.base/DirectMethodHandleAccessor.invoke(DirectMethodHandleAccessor.java:104)
  while locating Servlet
  at java.base/DirectMethodHandleAccessor.invoke(DirectMethodHandleAccessor.java:104)
  while locating HttpServer

Learn more:
  https://github.com/google/guice/wiki/ERROR_INJECTING_CONSTRUCTOR
Caused by: IllegalArgumentException: Invalid memory configuration. The sum of max query memory per node (4294967296) and heap headroom (1073741824) cannot be larger than the available heap memory (4294967296)
	at LocalMemoryManager.validateHeapHeadroom(LocalMemoryManager.java:64)
	at LocalMemoryManager.<init>(LocalMemoryManager.java:50)
	at LocalMemoryManager.<init>(LocalMemoryManager.java:44)
	at LocalMemoryManager$$FastClassByGuice$$7900c4b.GUICE$TRAMPOLINE(<generated>)
	at LocalMemoryManager$$FastClassByGuice$$7900c4b.apply(<generated>)
	at DefaultConstructionProxyFactory$FastClassProxy.newInstance(DefaultConstructionProxyFactory.java:82)
	at ConstructorInjector.provision(ConstructorInjector.java:114)
	at ConstructorInjector.access$000(ConstructorInjector.java:33)
	at ConstructorInjector$1.call(ConstructorInjector.java:98)
	at ProvisionListenerStackCallback$Provision.provision(ProvisionListenerStackCallback.java:109)
	at LifeCycleModule.provision(LifeCycleModule.java:70)
	at ProvisionListenerStackCallback$Provision.provision(ProvisionListenerStackCallback.java:117)
	at ProvisionListenerStackCallback.provision(ProvisionListenerStackCallback.java:66)
	at ConstructorInjector.construct(ConstructorInjector.java:93)
	at ConstructorBindingImpl$Factory.get(ConstructorBindingImpl.java:300)
	at ProviderToInternalFactoryAdapter.get(ProviderToInternalFactoryAdapter.java:40)
	at SingletonScope$1.get(SingletonScope.java:169)
	at InternalFactoryToProviderAdapter.get(InternalFactoryToProviderAdapter.java:45)
	at SingleParameterInjector.inject(SingleParameterInjector.java:40)
	at SingleParameterInjector.getAll(SingleParameterInjector.java:60)
	at ConstructorInjector.provision(ConstructorInjector.java:113)
	at ConstructorInjector.access$000(ConstructorInjector.java:33)
	at ConstructorInjector$1.call(ConstructorInjector.java:98)
	at ProvisionListenerStackCallback$Provision.provision(ProvisionListenerStackCallback.java:109)
	at LifeCycleModule.provision(LifeCycleModule.java:70)
	at ProvisionListenerStackCallback$Provision.provision(ProvisionListenerStackCallback.java:117)
	at ProvisionListenerStackCallback.provision(ProvisionListenerStackCallback.java:66)
	at ConstructorInjector.construct(ConstructorInjector.java:93)
	at ConstructorBindingImpl$Factory.get(ConstructorBindingImpl.java:300)
	at ProviderToInternalFactoryAdapter.get(ProviderToInternalFactoryAdapter.java:40)
	at SingletonScope$1.get(SingletonScope.java:169)
	at InternalFactoryToProviderAdapter.get(InternalFactoryToProviderAdapter.java:45)
	at SingleParameterInjector.inject(SingleParameterInjector.java:40)
	at SingleParameterInjector.getAll(SingleParameterInjector.java:60)
	at ConstructorInjector.provision(ConstructorInjector.java:113)
	at ConstructorInjector.access$000(ConstructorInjector.java:33)
	at ConstructorInjector$1.call(ConstructorInjector.java:98)
	at ProvisionListenerStackCallback$Provision.provision(ProvisionListenerStackCallback.java:109)
	at LifeCycleModule.provision(LifeCycleModule.java:70)
	at ProvisionListenerStackCallback$Provision.provision(ProvisionListenerStackCallback.java:117)
	at ProvisionListenerStackCallback.provision(ProvisionListenerStackCallback.java:66)
	at ConstructorInjector.construct(ConstructorInjector.java:93)
	at ConstructorBindingImpl$Factory.get(ConstructorBindingImpl.java:300)
	at ProviderToInternalFactoryAdapter.get(ProviderToInternalFactoryAdapter.java:40)
	at SingletonScope$1.get(SingletonScope.java:169)
	at InternalFactoryToProviderAdapter.get(InternalFactoryToProviderAdapter.java:45)
	at FactoryProxy.get(FactoryProxy.java:60)
	at ProviderToInternalFactoryAdapter.get(ProviderToInternalFactoryAdapter.java:40)
	at SingletonScope$1.get(SingletonScope.java:169)
	at InternalFactoryToProviderAdapter.get(InternalFactoryToProviderAdapter.java:45)
	at SingleParameterInjector.inject(SingleParameterInjector.java:40)
	at RealMapBinder$ExtensionRealMapProvider.doProvision(RealMapBinder.java:808)
	at RealMapBinder$ExtensionRealMapProvider.doProvision(RealMapBinder.java:743)
	at InternalProviderInstanceBindingImpl$Factory$1.call(InternalProviderInstanceBindingImpl.java:120)
	at ProvisionListenerStackCallback$Provision.provision(ProvisionListenerStackCallback.java:109)
	at LifeCycleModule.provision(LifeCycleModule.java:70)
	at ProvisionListenerStackCallback$Provision.provision(ProvisionListenerStackCallback.java:117)
	at ProvisionListenerStackCallback.provision(ProvisionListenerStackCallback.java:66)
	at InternalProviderInstanceBindingImpl$Factory.get(InternalProviderInstanceBindingImpl.java:115)
	at SingleParameterInjector.inject(SingleParameterInjector.java:40)
	at SingleParameterInjector.getAll(SingleParameterInjector.java:60)
	at ConstructorInjector.provision(ConstructorInjector.java:113)
	at ConstructorInjector.access$000(ConstructorInjector.java:33)
	at ConstructorInjector$1.call(ConstructorInjector.java:98)
	at ProvisionListenerStackCallback$Provision.provision(ProvisionListenerStackCallback.java:109)
	at LifeCycleModule.provision(LifeCycleModule.java:70)
	at ProvisionListenerStackCallback$Provision.provision(ProvisionListenerStackCallback.java:117)
	at ProvisionListenerStackCallback.provision(ProvisionListenerStackCallback.java:66)
	at ConstructorInjector.construct(ConstructorInjector.java:93)
	at ConstructorBindingImpl$Factory.get(ConstructorBindingImpl.java:300)
	at FactoryProxy.get(FactoryProxy.java:60)
	at SingleParameterInjector.inject(SingleParameterInjector.java:40)
	at SingleParameterInjector.getAll(SingleParameterInjector.java:60)
	at ConstructorInjector.provision(ConstructorInjector.java:113)
	at ConstructorInjector.access$000(ConstructorInjector.java:33)
	at ConstructorInjector$1.call(ConstructorInjector.java:98)
	at ProvisionListenerStackCallback$Provision.provision(ProvisionListenerStackCallback.java:109)
	at LifeCycleModule.provision(LifeCycleModule.java:70)
	at ProvisionListenerStackCallback$Provision.provision(ProvisionListenerStackCallback.java:117)
	at ProvisionListenerStackCallback.provision(ProvisionListenerStackCallback.java:66)
	at ConstructorInjector.construct(ConstructorInjector.java:93)
	at ConstructorBindingImpl$Factory.get(ConstructorBindingImpl.java:300)
	at ProviderToInternalFactoryAdapter.get(ProviderToInternalFactoryAdapter.java:40)
	at SingletonScope$1.get(SingletonScope.java:169)
	at InternalFactoryToProviderAdapter.get(InternalFactoryToProviderAdapter.java:45)
	at SingleParameterInjector.inject(SingleParameterInjector.java:40)
	at SingleParameterInjector.getAll(SingleParameterInjector.java:60)
	at ConstructorInjector.provision(ConstructorInjector.java:113)
	at ConstructorInjector.access$000(ConstructorInjector.java:33)
	at ConstructorInjector$1.call(ConstructorInjector.java:98)
	at ProvisionListenerStackCallback$Provision.provision(ProvisionListenerStackCallback.java:109)
	at LifeCycleModule.provision(LifeCycleModule.java:70)
	at ProvisionListenerStackCallback$Provision.provision(ProvisionListenerStackCallback.java:117)
	at ProvisionListenerStackCallback.provision(ProvisionListenerStackCallback.java:66)
	at ConstructorInjector.construct(ConstructorInjector.java:93)
	at ConstructorBindingImpl$Factory.get(ConstructorBindingImpl.java:300)
	at ProviderToInternalFactoryAdapter.get(ProviderToInternalFactoryAdapter.java:40)
	at SingletonScope$1.get(SingletonScope.java:169)
	at InternalFactoryToProviderAdapter.get(InternalFactoryToProviderAdapter.java:45)
	at FactoryProxy.get(FactoryProxy.java:60)
	at ProviderToInternalFactoryAdapter.get(ProviderToInternalFactoryAdapter.java:40)
	at SingletonScope$1.get(SingletonScope.java:169)
	at InternalFactoryToProviderAdapter.get(InternalFactoryToProviderAdapter.java:45)
	at SingleParameterInjector.inject(SingleParameterInjector.java:40)
	at RealMultibinder$RealMultibinderProvider.doProvision(RealMultibinder.java:247)
	at RealMultibinder$RealMultibinderProvider.doProvision(RealMultibinder.java:213)
	at InternalProviderInstanceBindingImpl$Factory$1.call(InternalProviderInstanceBindingImpl.java:120)
	at ProvisionListenerStackCallback$Provision.provision(ProvisionListenerStackCallback.java:109)
	at LifeCycleModule.provision(LifeCycleModule.java:70)
	at ProvisionListenerStackCallback$Provision.provision(ProvisionListenerStackCallback.java:117)
	at ProvisionListenerStackCallback.provision(ProvisionListenerStackCallback.java:66)
	at InternalProviderInstanceBindingImpl$Factory.get(InternalProviderInstanceBindingImpl.java:115)
	at InjectorImpl$1.get(InjectorImpl.java:1148)
	at InjectorImpl.getInstance(InjectorImpl.java:1181)
	at JaxrsResourceConfigProvider.get(JaxrsResourceConfigProvider.java:39)
	at JaxrsResourceConfigProvider.get(JaxrsResourceConfigProvider.java:19)
	at ProviderInternalFactory.provision(ProviderInternalFactory.java:86)
	at InternalFactoryToInitializableAdapter.provision(InternalFactoryToInitializableAdapter.java:57)
	at ProviderInternalFactory$1.call(ProviderInternalFactory.java:67)
	at ProvisionListenerStackCallback$Provision.provision(ProvisionListenerStackCallback.java:109)
	at LifeCycleModule.provision(LifeCycleModule.java:70)
	at ProvisionListenerStackCallback$Provision.provision(ProvisionListenerStackCallback.java:117)
	at ProvisionListenerStackCallback.provision(ProvisionListenerStackCallback.java:66)
	at ProviderInternalFactory.circularGet(ProviderInternalFactory.java:62)
	at InternalFactoryToInitializableAdapter.get(InternalFactoryToInitializableAdapter.java:47)
	at InjectorImpl$1.get(InjectorImpl.java:1148)
	at InjectorImpl.getInstance(InjectorImpl.java:1181)
	at JaxrsServletProvider.get(JaxrsServletProvider.java:35)
	at JaxrsServletProvider.get(JaxrsServletProvider.java:16)
	at ProviderInternalFactory.provision(ProviderInternalFactory.java:86)
	at InternalFactoryToInitializableAdapter.provision(InternalFactoryToInitializableAdapter.java:57)
	at ProviderInternalFactory$1.call(ProviderInternalFactory.java:67)
	at ProvisionListenerStackCallback$Provision.provision(ProvisionListenerStackCallback.java:109)
	at LifeCycleModule.provision(LifeCycleModule.java:70)
	at ProvisionListenerStackCallback$Provision.provision(ProvisionListenerStackCallback.java:117)
	at ProvisionListenerStackCallback.provision(ProvisionListenerStackCallback.java:66)
	at ProviderInternalFactory.circularGet(ProviderInternalFactory.java:62)
	at InternalFactoryToInitializableAdapter.get(InternalFactoryToInitializableAdapter.java:47)
	at InjectorImpl$1.get(InjectorImpl.java:1148)
	at InjectorImpl.getInstance(InjectorImpl.java:1181)
	at HttpServerProvider.get(HttpServerProvider.java:76)
	at HttpServerProvider.get(HttpServerProvider.java:39)
	at ProviderInternalFactory.provision(ProviderInternalFactory.java:86)
	at InternalFactoryToInitializableAdapter.provision(InternalFactoryToInitializableAdapter.java:57)
	at ProviderInternalFactory$1.call(ProviderInternalFactory.java:67)
	at ProvisionListenerStackCallback$Provision.provision(ProvisionListenerStackCallback.java:109)
	at LifeCycleModule.provision(LifeCycleModule.java:70)
	at ProvisionListenerStackCallback$Provision.provision(ProvisionListenerStackCallback.java:117)
	at ProvisionListenerStackCallback.provision(ProvisionListenerStackCallback.java:66)
	at ProviderInternalFactory.circularGet(ProviderInternalFactory.java:62)
	at InternalFactoryToInitializableAdapter.get(InternalFactoryToInitializableAdapter.java:47)
	at ProviderToInternalFactoryAdapter.get(ProviderToInternalFactoryAdapter.java:40)
	at SingletonScope$1.get(SingletonScope.java:169)
	at InternalFactoryToProviderAdapter.get(InternalFactoryToProviderAdapter.java:45)
	at InternalInjectorCreator.loadEagerSingletons(InternalInjectorCreator.java:213)
	at InternalInjectorCreator.injectDynamically(InternalInjectorCreator.java:186)
	at InternalInjectorCreator.build(InternalInjectorCreator.java:113)
	at Guice.createInjector(Guice.java:87)
	at Bootstrap.initialize(Bootstrap.java:366)
	at Server.doStart(Server.java:124)
	at Server.lambda$start$0(Server.java:79)
	at io.trino.$gen.Trino_479____20260507_184053_1.run(Unknown Source)
	at Server.start(Server.java:79)
	at TrinoServer.main(TrinoServer.java:37)

2) [Guice/ErrorInjectingConstructor]: IllegalArgumentException: Invalid memory configuration. The sum of max query memory per node (4294967296) and heap headroom (1073741824) cannot be larger than the available heap memory (4294967296)
  at LocalMemoryManager.<init>(LocalMemoryManager.java:44)
  at java.base/DirectMethodHandleAccessor.invoke(DirectMethodHandleAccessor.java:104)
  at SqlTaskManager.<init>(SqlTaskManager.java:161)
      \_ for 8th parameter localMemoryManager
  at java.base/DirectMethodHandleAccessor.invoke(DirectMethodHandleAccessor.java:104)
  at SqlQueryExecution$SqlQueryExecutionFactory.<init>(SqlQueryExecution.java:838)
      \_ for 26th parameter coordinatorTaskManager
  at QueryExecutionFactoryModule.configure(QueryExecutionFactoryModule.java:145)
      \_ installed by: ServerMainModule -> CoordinatorModule -> QueryExecutionFactoryModule
  while locating SqlQueryExecution$SqlQueryExecutionFactory
  at QueryExecutionFactoryModule.configure(QueryExecutionFactoryModule.java:147)
      \_ installed by: ServerMainModule -> CoordinatorModule -> QueryExecutionFactoryModule
  while locating QueryExecution$QueryExecutionFactory<?> annotated with @Element(setName=,uniqueId=552, type=MAPBINDER, keyType=Class<? extends Statement>)
  at LocalDispatchQueryFactory.<init>(LocalDispatchQueryFactory.java:93)
      \_ for 9th parameter executionFactories
  while locating LocalDispatchQueryFactory
  at DispatchManager.<init>(DispatchManager.java:114)
      \_ for 4th parameter dispatchQueryFactory
  at java.base/DirectMethodHandleAccessor.invoke(DirectMethodHandleAccessor.java:104)
      \_ installed by: ServerMainModule -> CoordinatorModule
  at ClusterStatsResource.<init>(ClusterStatsResource.java:50)
      \_ for 3rd parameter dispatchManager
  at WebUiModule.setup(WebUiModule.java:36)
      \_ installed by: ServerMainModule -> CoordinatorModule -> WebUiModule
  while locating ClusterStatsResource
  at java.base/DirectMethodHandleAccessor.invoke(DirectMethodHandleAccessor.java:104)
      \_ installed by: ServerMainModule -> CoordinatorModule -> WebUiModule
  while locating Object annotated with @Element(setName=,uniqueId=508, type=MULTIBINDER, keyType=)

Learn more:
  https://github.com/google/guice/wiki/ERROR_INJECTING_CONSTRUCTOR
Caused by: IllegalArgumentException: Invalid memory configuration. The sum of max query memory per node (4294967296) and heap headroom (1073741824) cannot be larger than the available heap memory (4294967296)
	at LocalMemoryManager.validateHeapHeadroom(LocalMemoryManager.java:64)
	at LocalMemoryManager.<init>(LocalMemoryManager.java:50)
	at LocalMemoryManager.<init>(LocalMemoryManager.java:44)
	at LocalMemoryManager$$FastClassByGuice$$7900c4b.GUICE$TRAMPOLINE(<generated>)
	at LocalMemoryManager$$FastClassByGuice$$7900c4b.apply(<generated>)
	at DefaultConstructionProxyFactory$FastClassProxy.newInstance(DefaultConstructionProxyFactory.java:82)
	at ConstructorInjector.provision(ConstructorInjector.java:114)
	at ConstructorInjector.access$000(ConstructorInjector.java:33)
	at ConstructorInjector$1.call(ConstructorInjector.java:98)
	at ProvisionListenerStackCallback$Provision.provision(ProvisionListenerStackCallback.java:109)
	at LifeCycleModule.provision(LifeCycleModule.java:70)
	at ProvisionListenerStackCallback$Provision.provision(ProvisionListenerStackCallback.java:117)
	at ProvisionListenerStackCallback.provision(ProvisionListenerStackCallback.java:66)
	at ConstructorInjector.construct(ConstructorInjector.java:93)
	at ConstructorBindingImpl$Factory.get(ConstructorBindingImpl.java:300)
	at ProviderToInternalFactoryAdapter.get(ProviderToInternalFactoryAdapter.java:40)
	at SingletonScope$1.get(SingletonScope.java:169)
	at InternalFactoryToProviderAdapter.get(InternalFactoryToProviderAdapter.java:45)
	at SingleParameterInjector.inject(SingleParameterInjector.java:40)
	at SingleParameterInjector.getAll(SingleParameterInjector.java:60)
	at ConstructorInjector.provision(ConstructorInjector.java:113)
	at ConstructorInjector.access$000(ConstructorInjector.java:33)
	at ConstructorInjector$1.call(ConstructorInjector.java:98)
	at ProvisionListenerStackCallback$Provision.provision(ProvisionListenerStackCallback.java:109)
	at LifeCycleModule.provision(LifeCycleModule.java:70)
	at ProvisionListenerStackCallback$Provision.provision(ProvisionListenerStackCallback.java:117)
	at ProvisionListenerStackCallback.provision(ProvisionListenerStackCallback.java:66)
	at ConstructorInjector.construct(ConstructorInjector.java:93)
	at ConstructorBindingImpl$Factory.get(ConstructorBindingImpl.java:300)
	at ProviderToInternalFactoryAdapter.get(ProviderToInternalFactoryAdapter.java:40)
	at SingletonScope$1.get(SingletonScope.java:169)
	at InternalFactoryToProviderAdapter.get(InternalFactoryToProviderAdapter.java:45)
	at SingleParameterInjector.inject(SingleParameterInjector.java:40)
	at SingleParameterInjector.getAll(SingleParameterInjector.java:60)
	at ConstructorInjector.provision(ConstructorInjector.java:113)
	at ConstructorInjector.access$000(ConstructorInjector.java:33)
	at ConstructorInjector$1.call(ConstructorInjector.java:98)
	at ProvisionListenerStackCallback$Provision.provision(ProvisionListenerStackCallback.java:109)
	at LifeCycleModule.provision(LifeCycleModule.java:70)
	at ProvisionListenerStackCallback$Provision.provision(ProvisionListenerStackCallback.java:117)
	at ProvisionListenerStackCallback.provision(ProvisionListenerStackCallback.java:66)
	at ConstructorInjector.construct(ConstructorInjector.java:93)
	at ConstructorBindingImpl$Factory.get(ConstructorBindingImpl.java:300)
	at ProviderToInternalFactoryAdapter.get(ProviderToInternalFactoryAdapter.java:40)
	at SingletonScope$1.get(SingletonScope.java:169)
	at InternalFactoryToProviderAdapter.get(InternalFactoryToProviderAdapter.java:45)
	at FactoryProxy.get(FactoryProxy.java:60)
	at ProviderToInternalFactoryAdapter.get(ProviderToInternalFactoryAdapter.java:40)
	at SingletonScope$1.get(SingletonScope.java:169)
	at InternalFactoryToProviderAdapter.get(InternalFactoryToProviderAdapter.java:45)
	at SingleParameterInjector.inject(SingleParameterInjector.java:40)
	at RealMapBinder$ExtensionRealMapProvider.doProvision(RealMapBinder.java:808)
	at RealMapBinder$ExtensionRealMapProvider.doProvision(RealMapBinder.java:743)
	at InternalProviderInstanceBindingImpl$Factory$1.call(InternalProviderInstanceBindingImpl.java:120)
	at ProvisionListenerStackCallback$Provision.provision(ProvisionListenerStackCallback.java:109)
	at LifeCycleModule.provision(LifeCycleModule.java:70)
	at ProvisionListenerStackCallback$Provision.provision(ProvisionListenerStackCallback.java:117)
	at ProvisionListenerStackCallback.provision(ProvisionListenerStackCallback.java:66)
	at InternalProviderInstanceBindingImpl$Factory.get(InternalProviderInstanceBindingImpl.java:115)
	at SingleParameterInjector.inject(SingleParameterInjector.java:40)
	at SingleParameterInjector.getAll(SingleParameterInjector.java:60)
	at ConstructorInjector.provision(ConstructorInjector.java:113)
	at ConstructorInjector.access$000(ConstructorInjector.java:33)
	at ConstructorInjector$1.call(ConstructorInjector.java:98)
	at ProvisionListenerStackCallback$Provision.provision(ProvisionListenerStackCallback.java:109)
	at LifeCycleModule.provision(LifeCycleModule.java:70)
	at ProvisionListenerStackCallback$Provision.provision(ProvisionListenerStackCallback.java:117)
	at ProvisionListenerStackCallback.provision(ProvisionListenerStackCallback.java:66)
	at ConstructorInjector.construct(ConstructorInjector.java:93)
	at ConstructorBindingImpl$Factory.get(ConstructorBindingImpl.java:300)
	at FactoryProxy.get(FactoryProxy.java:60)
	at SingleParameterInjector.inject(SingleParameterInjector.java:40)
	at SingleParameterInjector.getAll(SingleParameterInjector.java:60)
	at ConstructorInjector.provision(ConstructorInjector.java:113)
	at ConstructorInjector.access$000(ConstructorInjector.java:33)
	at ConstructorInjector$1.call(ConstructorInjector.java:98)
	at ProvisionListenerStackCallback$Provision.provision(ProvisionListenerStackCallback.java:109)
	at LifeCycleModule.provision(LifeCycleModule.java:70)
	at ProvisionListenerStackCallback$Provision.provision(ProvisionListenerStackCallback.java:117)
	at ProvisionListenerStackCallback.provision(ProvisionListenerStackCallback.java:66)
	at ConstructorInjector.construct(ConstructorInjector.java:93)
	at ConstructorBindingImpl$Factory.get(ConstructorBindingImpl.java:300)
	at ProviderToInternalFactoryAdapter.get(ProviderToInternalFactoryAdapter.java:40)
	at SingletonScope$1.get(SingletonScope.java:169)
	at InternalFactoryToProviderAdapter.get(InternalFactoryToProviderAdapter.java:45)
	at SingleParameterInjector.inject(SingleParameterInjector.java:40)
	at SingleParameterInjector.getAll(SingleParameterInjector.java:60)
	at ConstructorInjector.provision(ConstructorInjector.java:113)
	at ConstructorInjector.access$000(ConstructorInjector.java:33)
	at ConstructorInjector$1.call(ConstructorInjector.java:98)
	at ProvisionListenerStackCallback$Provision.provision(ProvisionListenerStackCallback.java:109)
	at LifeCycleModule.provision(LifeCycleModule.java:70)
	at ProvisionListenerStackCallback$Provision.provision(ProvisionListenerStackCallback.java:117)
	at ProvisionListenerStackCallback.provision(ProvisionListenerStackCallback.java:66)
	at ConstructorInjector.construct(ConstructorInjector.java:93)
	at ConstructorBindingImpl$Factory.get(ConstructorBindingImpl.java:300)
	at ProviderToInternalFactoryAdapter.get(ProviderToInternalFactoryAdapter.java:40)
	at SingletonScope$1.get(SingletonScope.java:169)
	at InternalFactoryToProviderAdapter.get(InternalFactoryToProviderAdapter.java:45)
	at FactoryProxy.get(FactoryProxy.java:60)
	at ProviderToInternalFactoryAdapter.get(ProviderToInternalFactoryAdapter.java:40)
	at SingletonScope$1.get(SingletonScope.java:169)
	at InternalFactoryToProviderAdapter.get(InternalFactoryToProviderAdapter.java:45)
	at InternalInjectorCreator.loadEagerSingletons(InternalInjectorCreator.java:213)
	at InternalInjectorCreator.injectDynamically(InternalInjectorCreator.java:186)
	at InternalInjectorCreator.build(InternalInjectorCreator.java:113)
	at Guice.createInjector(Guice.java:87)
	at Bootstrap.initialize(Bootstrap.java:366)
	at Server.doStart(Server.java:124)
	at Server.lambda$start$0(Server.java:79)
	at io.trino.$gen.Trino_479____20260507_184053_1.run(Unknown Source)
	at Server.start(Server.java:79)
	at TrinoServer.main(TrinoServer.java:37)

3) [Guice/ErrorInjectingConstructor]: IllegalArgumentException: Invalid memory configuration. The sum of max query memory per node (4294967296) and heap headroom (1073741824) cannot be larger than the available heap memory (4294967296)
  at LocalMemoryManager.<init>(LocalMemoryManager.java:44)
  at java.base/DirectMethodHandleAccessor.invoke(DirectMethodHandleAccessor.java:104)
  at SqlTaskManager.<init>(SqlTaskManager.java:161)
      \_ for 8th parameter localMemoryManager
  at java.base/DirectMethodHandleAccessor.invoke(DirectMethodHandleAccessor.java:104)
  at SqlQueryExecution$SqlQueryExecutionFactory.<init>(SqlQueryExecution.java:838)
      \_ for 26th parameter coordinatorTaskManager
  at QueryExecutionFactoryModule.configure(QueryExecutionFactoryModule.java:145)
      \_ installed by: ServerMainModule -> CoordinatorModule -> QueryExecutionFactoryModule
  while locating SqlQueryExecution$SqlQueryExecutionFactory
  at QueryExecutionFactoryModule.configure(QueryExecutionFactoryModule.java:147)
      \_ installed by: ServerMainModule -> CoordinatorModule -> QueryExecutionFactoryModule
  while locating QueryExecution$QueryExecutionFactory<?> annotated with @Element(setName=,uniqueId=552, type=MAPBINDER, keyType=Class<? extends Statement>)
  at LocalDispatchQueryFactory.<init>(LocalDispatchQueryFactory.java:93)
      \_ for 9th parameter executionFactories
  while locating LocalDispatchQueryFactory
  at DispatchManager.<init>(DispatchManager.java:114)
      \_ for 4th parameter dispatchQueryFactory
  at java.base/DirectMethodHandleAccessor.invoke(DirectMethodHandleAccessor.java:104)
      \_ installed by: ServerMainModule -> CoordinatorModule
  at UiQueryResource.<init>(UiQueryResource.java:80)
      \_ for 2nd parameter dispatchManager
  at WebUiModule.setup(WebUiModule.java:37)
      \_ installed by: ServerMainModule -> CoordinatorModule -> WebUiModule
  while locating UiQueryResource
  at java.base/DirectMethodHandleAccessor.invoke(DirectMethodHandleAccessor.java:104)
      \_ installed by: ServerMainModule -> CoordinatorModule -> WebUiModule
  while locating Object annotated with @Element(setName=,uniqueId=509, type=MULTIBINDER, keyType=)

Learn more:
  https://github.com/google/guice/wiki/ERROR_INJECTING_CONSTRUCTOR
Caused by: IllegalArgumentException (same stack trace as error #2)
4) [Guice/ErrorInjectingConstructor]: IllegalArgumentException: Invalid memory configuration. The sum of max query memory per node (4294967296) and heap headroom (1073741824) cannot be larger than the available heap memory (4294967296)
  at LocalMemoryManager.<init>(LocalMemoryManager.java:44)
  at java.base/DirectMethodHandleAccessor.invoke(DirectMethodHandleAccessor.java:104)
  at SqlTaskManager.<init>(SqlTaskManager.java:161)
      \_ for 8th parameter localMemoryManager
  at java.base/DirectMethodHandleAccessor.invoke(DirectMethodHandleAccessor.java:104)
  at SqlQueryExecution$SqlQueryExecutionFactory.<init>(SqlQueryExecution.java:838)
      \_ for 26th parameter coordinatorTaskManager
  at QueryExecutionFactoryModule.configure(QueryExecutionFactoryModule.java:145)
      \_ installed by: ServerMainModule -> CoordinatorModule -> QueryExecutionFactoryModule
  while locating SqlQueryExecution$SqlQueryExecutionFactory
  at QueryExecutionFactoryModule.configure(QueryExecutionFactoryModule.java:147)
      \_ installed by: ServerMainModule -> CoordinatorModule -> QueryExecutionFactoryModule
  while locating QueryExecution$QueryExecutionFactory<?> annotated with @Element(setName=,uniqueId=552, type=MAPBINDER, keyType=Class<? extends Statement>)
  at LocalDispatchQueryFactory.<init>(LocalDispatchQueryFactory.java:93)
      \_ for 9th parameter executionFactories
  while locating LocalDispatchQueryFactory
  at DispatchManager.<init>(DispatchManager.java:114)
      \_ for 4th parameter dispatchQueryFactory
  at java.base/DirectMethodHandleAccessor.invoke(DirectMethodHandleAccessor.java:104)
      \_ installed by: ServerMainModule -> CoordinatorModule
  at QueuedStatementResource.<init>(QueuedStatementResource.java:138)
      \_ for 2nd parameter dispatchManager
  at CoordinatorModule.setup(CoordinatorModule.java:175)
      \_ installed by: ServerMainModule -> CoordinatorModule
  while locating QueuedStatementResource
  at java.base/DirectMethodHandleAccessor.invoke(DirectMethodHandleAccessor.java:104)
      \_ installed by: ServerMainModule -> CoordinatorModule
  while locating Object annotated with @Element(setName=,uniqueId=512, type=MULTIBINDER, keyType=)

Learn more:
  https://github.com/google/guice/wiki/ERROR_INJECTING_CONSTRUCTOR
Caused by: IllegalArgumentException (same stack trace as error #2)
5) [Guice/ErrorInjectingConstructor]: IllegalArgumentException: Invalid memory configuration. The sum of max query memory per node (4294967296) and heap headroom (1073741824) cannot be larger than the available heap memory (4294967296)
  at LocalMemoryManager.<init>(LocalMemoryManager.java:44)
  at java.base/DirectMethodHandleAccessor.invoke(DirectMethodHandleAccessor.java:104)
  at SqlTaskManager.<init>(SqlTaskManager.java:161)
      \_ for 8th parameter localMemoryManager
  at java.base/DirectMethodHandleAccessor.invoke(DirectMethodHandleAccessor.java:104)
  at SqlQueryExecution$SqlQueryExecutionFactory.<init>(SqlQueryExecution.java:838)
      \_ for 26th parameter coordinatorTaskManager
  at QueryExecutionFactoryModule.configure(QueryExecutionFactoryModule.java:145)
      \_ installed by: ServerMainModule -> CoordinatorModule -> QueryExecutionFactoryModule
  while locating SqlQueryExecution$SqlQueryExecutionFactory
  at QueryExecutionFactoryModule.configure(QueryExecutionFactoryModule.java:147)
      \_ installed by: ServerMainModule -> CoordinatorModule -> QueryExecutionFactoryModule
  while locating QueryExecution$QueryExecutionFactory<?> annotated with @Element(setName=,uniqueId=552, type=MAPBINDER, keyType=Class<? extends Statement>)
  at LocalDispatchQueryFactory.<init>(LocalDispatchQueryFactory.java:93)
      \_ for 9th parameter executionFactories
  while locating LocalDispatchQueryFactory
  at DispatchManager.<init>(DispatchManager.java:114)
      \_ for 4th parameter dispatchQueryFactory
  at java.base/DirectMethodHandleAccessor.invoke(DirectMethodHandleAccessor.java:104)
      \_ installed by: ServerMainModule -> CoordinatorModule
  at WorkerResource.<init>(WorkerResource.java:80)
      \_ for 1st parameter dispatchManager
  at CoordinatorModule.setup(CoordinatorModule.java:188)
      \_ installed by: ServerMainModule -> CoordinatorModule
  while locating WorkerResource
  at java.base/DirectMethodHandleAccessor.invoke(DirectMethodHandleAccessor.java:104)
      \_ installed by: ServerMainModule -> CoordinatorModule
  while locating Object annotated with @Element(setName=,uniqueId=516, type=MULTIBINDER, keyType=)

Learn more:
  https://github.com/google/guice/wiki/ERROR_INJECTING_CONSTRUCTOR
Caused by: IllegalArgumentException (same stack trace as error #2)
6) [Guice/ErrorInjectingConstructor]: IllegalArgumentException: Invalid memory configuration. The sum of max query memory per node (4294967296) and heap headroom (1073741824) cannot be larger than the available heap memory (4294967296)
  at LocalMemoryManager.<init>(LocalMemoryManager.java:44)
  at java.base/DirectMethodHandleAccessor.invoke(DirectMethodHandleAccessor.java:104)
  at SqlTaskManager.<init>(SqlTaskManager.java:161)
      \_ for 8th parameter localMemoryManager
  at java.base/DirectMethodHandleAccessor.invoke(DirectMethodHandleAccessor.java:104)
  at SqlQueryExecution$SqlQueryExecutionFactory.<init>(SqlQueryExecution.java:838)
      \_ for 26th parameter coordinatorTaskManager
  at QueryExecutionFactoryModule.configure(QueryExecutionFactoryModule.java:145)
      \_ installed by: ServerMainModule -> CoordinatorModule -> QueryExecutionFactoryModule
  while locating SqlQueryExecution$SqlQueryExecutionFactory
  at QueryExecutionFactoryModule.configure(QueryExecutionFactoryModule.java:147)
      \_ installed by: ServerMainModule -> CoordinatorModule -> QueryExecutionFactoryModule
  while locating QueryExecution$QueryExecutionFactory<?> annotated with @Element(setName=,uniqueId=552, type=MAPBINDER, keyType=Class<? extends Statement>)
  at LocalDispatchQueryFactory.<init>(LocalDispatchQueryFactory.java:93)
      \_ for 9th parameter executionFactories
  while locating LocalDispatchQueryFactory
  at DispatchManager.<init>(DispatchManager.java:114)
      \_ for 4th parameter dispatchQueryFactory
  at java.base/DirectMethodHandleAccessor.invoke(DirectMethodHandleAccessor.java:104)
      \_ installed by: ServerMainModule -> CoordinatorModule
  at QueryResource.<init>(QueryResource.java:69)
      \_ for 1st parameter dispatchManager
  at CoordinatorModule.setup(CoordinatorModule.java:201)
      \_ installed by: ServerMainModule -> CoordinatorModule
  while locating QueryResource
  at java.base/DirectMethodHandleAccessor.invoke(DirectMethodHandleAccessor.java:104)
      \_ installed by: ServerMainModule -> CoordinatorModule
  while locating Object annotated with @Element(setName=,uniqueId=520, type=MULTIBINDER, keyType=)

Learn more:
  https://github.com/google/guice/wiki/ERROR_INJECTING_CONSTRUCTOR
Caused by: IllegalArgumentException (same stack trace as error #2)
7) [Guice/ErrorInjectingConstructor]: IllegalArgumentException: Invalid memory configuration. The sum of max query memory per node (4294967296) and heap headroom (1073741824) cannot be larger than the available heap memory (4294967296)
  at LocalMemoryManager.<init>(LocalMemoryManager.java:44)
  at java.base/DirectMethodHandleAccessor.invoke(DirectMethodHandleAccessor.java:104)
  at SqlTaskManager.<init>(SqlTaskManager.java:161)
      \_ for 8th parameter localMemoryManager
  at java.base/DirectMethodHandleAccessor.invoke(DirectMethodHandleAccessor.java:104)
  at SqlQueryExecution$SqlQueryExecutionFactory.<init>(SqlQueryExecution.java:838)
      \_ for 26th parameter coordinatorTaskManager
  at QueryExecutionFactoryModule.configure(QueryExecutionFactoryModule.java:145)
      \_ installed by: ServerMainModule -> CoordinatorModule -> QueryExecutionFactoryModule
  while locating SqlQueryExecution$SqlQueryExecutionFactory
  at QueryExecutionFactoryModule.configure(QueryExecutionFactoryModule.java:147)
      \_ installed by: ServerMainModule -> CoordinatorModule -> QueryExecutionFactoryModule
  while locating QueryExecution$QueryExecutionFactory<?> annotated with @Element(setName=,uniqueId=552, type=MAPBINDER, keyType=Class<? extends Statement>)

Learn more:
  https://github.com/google/guice/wiki/ERROR_INJECTING_CONSTRUCTOR
Caused by: IllegalArgumentException: Invalid memory configuration. The sum of max query memory per node (4294967296) and heap headroom (1073741824) cannot be larger than the available heap memory (4294967296)
	at LocalMemoryManager.validateHeapHeadroom(LocalMemoryManager.java:64)
	at LocalMemoryManager.<init>(LocalMemoryManager.java:50)
	at LocalMemoryManager.<init>(LocalMemoryManager.java:44)
	at LocalMemoryManager$$FastClassByGuice$$7900c4b.GUICE$TRAMPOLINE(<generated>)
	at LocalMemoryManager$$FastClassByGuice$$7900c4b.apply(<generated>)
	at DefaultConstructionProxyFactory$FastClassProxy.newInstance(DefaultConstructionProxyFactory.java:82)
	at ConstructorInjector.provision(ConstructorInjector.java:114)
	at ConstructorInjector.access$000(ConstructorInjector.java:33)
	at ConstructorInjector$1.call(ConstructorInjector.java:98)
	at ProvisionListenerStackCallback$Provision.provision(ProvisionListenerStackCallback.java:109)
	at LifeCycleModule.provision(LifeCycleModule.java:70)
	at ProvisionListenerStackCallback$Provision.provision(ProvisionListenerStackCallback.java:117)
	at ProvisionListenerStackCallback.provision(ProvisionListenerStackCallback.java:66)
	at ConstructorInjector.construct(ConstructorInjector.java:93)
	at ConstructorBindingImpl$Factory.get(ConstructorBindingImpl.java:300)
	at ProviderToInternalFactoryAdapter.get(ProviderToInternalFactoryAdapter.java:40)
	at SingletonScope$1.get(SingletonScope.java:169)
	at InternalFactoryToProviderAdapter.get(InternalFactoryToProviderAdapter.java:45)
	at SingleParameterInjector.inject(SingleParameterInjector.java:40)
	at SingleParameterInjector.getAll(SingleParameterInjector.java:60)
	at ConstructorInjector.provision(ConstructorInjector.java:113)
	at ConstructorInjector.access$000(ConstructorInjector.java:33)
	at ConstructorInjector$1.call(ConstructorInjector.java:98)
	at ProvisionListenerStackCallback$Provision.provision(ProvisionListenerStackCallback.java:109)
	at LifeCycleModule.provision(LifeCycleModule.java:70)
	at ProvisionListenerStackCallback$Provision.provision(ProvisionListenerStackCallback.java:117)
	at ProvisionListenerStackCallback.provision(ProvisionListenerStackCallback.java:66)
	at ConstructorInjector.construct(ConstructorInjector.java:93)
	at ConstructorBindingImpl$Factory.get(ConstructorBindingImpl.java:300)
	at ProviderToInternalFactoryAdapter.get(ProviderToInternalFactoryAdapter.java:40)
	at SingletonScope$1.get(SingletonScope.java:169)
	at InternalFactoryToProviderAdapter.get(InternalFactoryToProviderAdapter.java:45)
	at SingleParameterInjector.inject(SingleParameterInjector.java:40)
	at SingleParameterInjector.getAll(SingleParameterInjector.java:60)
	at ConstructorInjector.provision(ConstructorInjector.java:113)
	at ConstructorInjector.access$000(ConstructorInjector.java:33)
	at ConstructorInjector$1.call(ConstructorInjector.java:98)
	at ProvisionListenerStackCallback$Provision.provision(ProvisionListenerStackCallback.java:109)
	at LifeCycleModule.provision(LifeCycleModule.java:70)
	at ProvisionListenerStackCallback$Provision.provision(ProvisionListenerStackCallback.java:117)
	at ProvisionListenerStackCallback.provision(ProvisionListenerStackCallback.java:66)
	at ConstructorInjector.construct(ConstructorInjector.java:93)
	at ConstructorBindingImpl$Factory.get(ConstructorBindingImpl.java:300)
	at ProviderToInternalFactoryAdapter.get(ProviderToInternalFactoryAdapter.java:40)
	at SingletonScope$1.get(SingletonScope.java:169)
	at InternalFactoryToProviderAdapter.get(InternalFactoryToProviderAdapter.java:45)
	at FactoryProxy.get(FactoryProxy.java:60)
	at ProviderToInternalFactoryAdapter.get(ProviderToInternalFactoryAdapter.java:40)
	at SingletonScope$1.get(SingletonScope.java:169)
	at InternalFactoryToProviderAdapter.get(InternalFactoryToProviderAdapter.java:45)
	at InternalInjectorCreator.loadEagerSingletons(InternalInjectorCreator.java:213)
	at InternalInjectorCreator.injectDynamically(InternalInjectorCreator.java:186)
	at InternalInjectorCreator.build(InternalInjectorCreator.java:113)
	at Guice.createInjector(Guice.java:87)
	at Bootstrap.initialize(Bootstrap.java:366)
	at Server.doStart(Server.java:124)
	at Server.lambda$start$0(Server.java:79)
	at io.trino.$gen.Trino_479____20260507_184053_1.run(Unknown Source)
	at Server.start(Server.java:79)
	at TrinoServer.main(TrinoServer.java:37)

8) [Guice/ErrorInjectingConstructor]: IllegalArgumentException: Invalid memory configuration. The sum of max query memory per node (4294967296) and heap headroom (1073741824) cannot be larger than the available heap memory (4294967296)
  at LocalMemoryManager.<init>(LocalMemoryManager.java:44)
  at java.base/DirectMethodHandleAccessor.invoke(DirectMethodHandleAccessor.java:104)
  at SqlTaskManager.<init>(SqlTaskManager.java:161)
      \_ for 8th parameter localMemoryManager
  at java.base/DirectMethodHandleAccessor.invoke(DirectMethodHandleAccessor.java:104)
  at SqlQueryExecution$SqlQueryExecutionFactory.<init>(SqlQueryExecution.java:838)
      \_ for 26th parameter coordinatorTaskManager
  at QueryExecutionFactoryModule.configure(QueryExecutionFactoryModule.java:145)
      \_ installed by: ServerMainModule -> CoordinatorModule -> QueryExecutionFactoryModule
  while locating SqlQueryExecution$SqlQueryExecutionFactory
  at QueryExecutionFactoryModule.configure(QueryExecutionFactoryModule.java:147)
      \_ installed by: ServerMainModule -> CoordinatorModule -> QueryExecutionFactoryModule
  while locating QueryExecution$QueryExecutionFactory<?> annotated with @Element(setName=,uniqueId=554, type=MAPBINDER, keyType=Class<? extends Statement>)

Learn more:
  https://github.com/google/guice/wiki/ERROR_INJECTING_CONSTRUCTOR
Caused by: IllegalArgumentException (same stack trace as error #7)
9) [Guice/ErrorInjectingConstructor]: IllegalArgumentException: Invalid memory configuration. The sum of max query memory per node (4294967296) and heap headroom (1073741824) cannot be larger than the available heap memory (4294967296)
  at LocalMemoryManager.<init>(LocalMemoryManager.java:44)
  at java.base/DirectMethodHandleAccessor.invoke(DirectMethodHandleAccessor.java:104)
  at SqlTaskManager.<init>(SqlTaskManager.java:161)
      \_ for 8th parameter localMemoryManager
  at java.base/DirectMethodHandleAccessor.invoke(DirectMethodHandleAccessor.java:104)
  at SqlQueryExecution$SqlQueryExecutionFactory.<init>(SqlQueryExecution.java:838)
      \_ for 26th parameter coordinatorTaskManager
  at QueryExecutionFactoryModule.configure(QueryExecutionFactoryModule.java:145)
      \_ installed by: ServerMainModule -> CoordinatorModule -> QueryExecutionFactoryModule
  while locating SqlQueryExecution$SqlQueryExecutionFactory
  at QueryExecutionFactoryModule.configure(QueryExecutionFactoryModule.java:147)
      \_ installed by: ServerMainModule -> CoordinatorModule -> QueryExecutionFactoryModule
  while locating QueryExecution$QueryExecutionFactory<?> annotated with @Element(setName=,uniqueId=556, type=MAPBINDER, keyType=Class<? extends Statement>)

Learn more:
  https://github.com/google/guice/wiki/ERROR_INJECTING_CONSTRUCTOR
Caused by: IllegalArgumentException (same stack trace as error #7)
10) [Guice/ErrorInjectingConstructor]: IllegalArgumentException: Invalid memory configuration. The sum of max query memory per node (4294967296) and heap headroom (1073741824) cannot be larger than the available heap memory (4294967296)
  at LocalMemoryManager.<init>(LocalMemoryManager.java:44)
  at java.base/DirectMethodHandleAccessor.invoke(DirectMethodHandleAccessor.java:104)
  at SqlTaskManager.<init>(SqlTaskManager.java:161)
      \_ for 8th parameter localMemoryManager
  at java.base/DirectMethodHandleAccessor.invoke(DirectMethodHandleAccessor.java:104)
  at SqlQueryExecution$SqlQueryExecutionFactory.<init>(SqlQueryExecution.java:838)
      \_ for 26th parameter coordinatorTaskManager
  at QueryExecutionFactoryModule.configure(QueryExecutionFactoryModule.java:145)
      \_ installed by: ServerMainModule -> CoordinatorModule -> QueryExecutionFactoryModule
  while locating SqlQueryExecution$SqlQueryExecutionFactory
  at QueryExecutionFactoryModule.configure(QueryExecutionFactoryModule.java:147)
      \_ installed by: ServerMainModule -> CoordinatorModule -> QueryExecutionFactoryModule
  while locating QueryExecution$QueryExecutionFactory<?> annotated with @Element(setName=,uniqueId=558, type=MAPBINDER, keyType=Class<? extends Statement>)

Learn more:
  https://github.com/google/guice/wiki/ERROR_INJECTING_CONSTRUCTOR
Caused by: IllegalArgumentException (same stack trace as error #7)
11) [Guice/ErrorInjectingConstructor]: IllegalArgumentException: Invalid memory configuration. The sum of max query memory per node (4294967296) and heap headroom (1073741824) cannot be larger than the available heap memory (4294967296)
  at LocalMemoryManager.<init>(LocalMemoryManager.java:44)
  at java.base/DirectMethodHandleAccessor.invoke(DirectMethodHandleAccessor.java:104)
  at SqlTaskManager.<init>(SqlTaskManager.java:161)
      \_ for 8th parameter localMemoryManager
  at java.base/DirectMethodHandleAccessor.invoke(DirectMethodHandleAccessor.java:104)
  at SqlQueryExecution$SqlQueryExecutionFactory.<init>(SqlQueryExecution.java:838)
      \_ for 26th parameter coordinatorTaskManager
  at QueryExecutionFactoryModule.configure(QueryExecutionFactoryModule.java:145)
      \_ installed by: ServerMainModule -> CoordinatorModule -> QueryExecutionFactoryModule
  while locating SqlQueryExecution$SqlQueryExecutionFactory
  at QueryExecutionFactoryModule.configure(QueryExecutionFactoryModule.java:147)
      \_ installed by: ServerMainModule -> CoordinatorModule -> QueryExecutionFactoryModule
  while locating QueryExecution$QueryExecutionFactory<?> annotated with @Element(setName=,uniqueId=560, type=MAPBINDER, keyType=Class<? extends Statement>)

Learn more:
  https://github.com/google/guice/wiki/ERROR_INJECTING_CONSTRUCTOR
Caused by: IllegalArgumentException (same stack trace as error #7)
12) [Guice/ErrorInjectingConstructor]: IllegalArgumentException: Invalid memory configuration. The sum of max query memory per node (4294967296) and heap headroom (1073741824) cannot be larger than the available heap memory (4294967296)
  at LocalMemoryManager.<init>(LocalMemoryManager.java:44)
  at java.base/DirectMethodHandleAccessor.invoke(DirectMethodHandleAccessor.java:104)
  at SqlTaskManager.<init>(SqlTaskManager.java:161)
      \_ for 8th parameter localMemoryManager
  at java.base/DirectMethodHandleAccessor.invoke(DirectMethodHandleAccessor.java:104)
  at SqlQueryExecution$SqlQueryExecutionFactory.<init>(SqlQueryExecution.java:838)
      \_ for 26th parameter coordinatorTaskManager
  at QueryExecutionFactoryModule.configure(QueryExecutionFactoryModule.java:145)
      \_ installed by: ServerMainModule -> CoordinatorModule -> QueryExecutionFactoryModule
  while locating SqlQueryExecution$SqlQueryExecutionFactory
  at QueryExecutionFactoryModule.configure(QueryExecutionFactoryModule.java:147)
      \_ installed by: ServerMainModule -> CoordinatorModule -> QueryExecutionFactoryModule
  while locating QueryExecution$QueryExecutionFactory<?> annotated with @Element(setName=,uniqueId=562, type=MAPBINDER, keyType=Class<? extends Statement>)

Learn more:
  https://github.com/google/guice/wiki/ERROR_INJECTING_CONSTRUCTOR
Caused by: IllegalArgumentException (same stack trace as error #7)
13) [Guice/ErrorInjectingConstructor]: IllegalArgumentException: Invalid memory configuration. The sum of max query memory per node (4294967296) and heap headroom (1073741824) cannot be larger than the available heap memory (4294967296)
  at LocalMemoryManager.<init>(LocalMemoryManager.java:44)
  at java.base/DirectMethodHandleAccessor.invoke(DirectMethodHandleAccessor.java:104)
  at SqlTaskManager.<init>(SqlTaskManager.java:161)
      \_ for 8th parameter localMemoryManager
  at java.base/DirectMethodHandleAccessor.invoke(DirectMethodHandleAccessor.java:104)
  at SqlQueryExecution$SqlQueryExecutionFactory.<init>(SqlQueryExecution.java:838)
      \_ for 26th parameter coordinatorTaskManager
  at QueryExecutionFactoryModule.configure(QueryExecutionFactoryModule.java:145)
      \_ installed by: ServerMainModule -> CoordinatorModule -> QueryExecutionFactoryModule
  while locating SqlQueryExecution$SqlQueryExecutionFactory
  at QueryExecutionFactoryModule.configure(QueryExecutionFactoryModule.java:147)
      \_ installed by: ServerMainModule -> CoordinatorModule -> QueryExecutionFactoryModule
  while locating QueryExecution$QueryExecutionFactory<?> annotated with @Element(setName=,uniqueId=564, type=MAPBINDER, keyType=Class<? extends Statement>)

Learn more:
  https://github.com/google/guice/wiki/ERROR_INJECTING_CONSTRUCTOR
Caused by: IllegalArgumentException (same stack trace as error #7)
14) [Guice/ErrorInjectingConstructor]: IllegalArgumentException: Invalid memory configuration. The sum of max query memory per node (4294967296) and heap headroom (1073741824) cannot be larger than the available heap memory (4294967296)
  at LocalMemoryManager.<init>(LocalMemoryManager.java:44)
  at java.base/DirectMethodHandleAccessor.invoke(DirectMethodHandleAccessor.java:104)
  at SqlTaskManager.<init>(SqlTaskManager.java:161)
      \_ for 8th parameter localMemoryManager
  at java.base/DirectMethodHandleAccessor.invoke(DirectMethodHandleAccessor.java:104)
  at SqlQueryExecution$SqlQueryExecutionFactory.<init>(SqlQueryExecution.java:838)
      \_ for 26th parameter coordinatorTaskManager
  at QueryExecutionFactoryModule.configure(QueryExecutionFactoryModule.java:145)
      \_ installed by: ServerMainModule -> CoordinatorModule -> QueryExecutionFactoryModule
  while locating SqlQueryExecution$SqlQueryExecutionFactory
  at QueryExecutionFactoryModule.configure(QueryExecutionFactoryModule.java:147)
      \_ installed by: ServerMainModule -> CoordinatorModule -> QueryExecutionFactoryModule
  while locating QueryExecution$QueryExecutionFactory<?> annotated with @Element(setName=,uniqueId=566, type=MAPBINDER, keyType=Class<? extends Statement>)

Learn more:
  https://github.com/google/guice/wiki/ERROR_INJECTING_CONSTRUCTOR
Caused by: IllegalArgumentException (same stack trace as error #7)
15) [Guice/ErrorInjectingConstructor]: IllegalArgumentException: Invalid memory configuration. The sum of max query memory per node (4294967296) and heap headroom (1073741824) cannot be larger than the available heap memory (4294967296)
  at LocalMemoryManager.<init>(LocalMemoryManager.java:44)
  at java.base/DirectMethodHandleAccessor.invoke(DirectMethodHandleAccessor.java:104)
  at SqlTaskManager.<init>(SqlTaskManager.java:161)
      \_ for 8th parameter localMemoryManager
  at java.base/DirectMethodHandleAccessor.invoke(DirectMethodHandleAccessor.java:104)
  at SqlQueryExecution$SqlQueryExecutionFactory.<init>(SqlQueryExecution.java:838)
      \_ for 26th parameter coordinatorTaskManager
  at QueryExecutionFactoryModule.configure(QueryExecutionFactoryModule.java:145)
      \_ installed by: ServerMainModule -> CoordinatorModule -> QueryExecutionFactoryModule
  while locating SqlQueryExecution$SqlQueryExecutionFactory
  at QueryExecutionFactoryModule.configure(QueryExecutionFactoryModule.java:147)
      \_ installed by: ServerMainModule -> CoordinatorModule -> QueryExecutionFactoryModule
  while locating QueryExecution$QueryExecutionFactory<?> annotated with @Element(setName=,uniqueId=568, type=MAPBINDER, keyType=Class<? extends Statement>)

Learn more:
  https://github.com/google/guice/wiki/ERROR_INJECTING_CONSTRUCTOR
Caused by: IllegalArgumentException (same stack trace as error #7)
16) [Guice/ErrorInjectingConstructor]: IllegalArgumentException: Invalid memory configuration. The sum of max query memory per node (4294967296) and heap headroom (1073741824) cannot be larger than the available heap memory (4294967296)
  at LocalMemoryManager.<init>(LocalMemoryManager.java:44)
  at java.base/DirectMethodHandleAccessor.invoke(DirectMethodHandleAccessor.java:104)
  at SqlTaskManager.<init>(SqlTaskManager.java:161)
      \_ for 8th parameter localMemoryManager
  at java.base/DirectMethodHandleAccessor.invoke(DirectMethodHandleAccessor.java:104)
  at SqlQueryExecution$SqlQueryExecutionFactory.<init>(SqlQueryExecution.java:838)
      \_ for 26th parameter coordinatorTaskManager
  at QueryExecutionFactoryModule.configure(QueryExecutionFactoryModule.java:145)
      \_ installed by: ServerMainModule -> CoordinatorModule -> QueryExecutionFactoryModule
  while locating SqlQueryExecution$SqlQueryExecutionFactory
  at QueryExecutionFactoryModule.configure(QueryExecutionFactoryModule.java:147)
      \_ installed by: ServerMainModule -> CoordinatorModule -> QueryExecutionFactoryModule
  while locating QueryExecution$QueryExecutionFactory<?> annotated with @Element(setName=,uniqueId=570, type=MAPBINDER, keyType=Class<? extends Statement>)

Learn more:
  https://github.com/google/guice/wiki/ERROR_INJECTING_CONSTRUCTOR
Caused by: IllegalArgumentException (same stack trace as error #7)
17) [Guice/ErrorInjectingConstructor]: IllegalArgumentException: Invalid memory configuration. The sum of max query memory per node (4294967296) and heap headroom (1073741824) cannot be larger than the available heap memory (4294967296)
  at LocalMemoryManager.<init>(LocalMemoryManager.java:44)
  at java.base/DirectMethodHandleAccessor.invoke(DirectMethodHandleAccessor.java:104)
  at SqlTaskManager.<init>(SqlTaskManager.java:161)
      \_ for 8th parameter localMemoryManager
  at java.base/DirectMethodHandleAccessor.invoke(DirectMethodHandleAccessor.java:104)
  at SqlQueryExecution$SqlQueryExecutionFactory.<init>(SqlQueryExecution.java:838)
      \_ for 26th parameter coordinatorTaskManager
  at QueryExecutionFactoryModule.configure(QueryExecutionFactoryModule.java:145)
      \_ installed by: ServerMainModule -> CoordinatorModule -> QueryExecutionFactoryModule
  while locating SqlQueryExecution$SqlQueryExecutionFactory
  at QueryExecutionFactoryModule.configure(QueryExecutionFactoryModule.java:147)
      \_ installed by: ServerMainModule -> CoordinatorModule -> QueryExecutionFactoryModule
  while locating QueryExecution$QueryExecutionFactory<?> annotated with @Element(setName=,uniqueId=572, type=MAPBINDER, keyType=Class<? extends Statement>)

Learn more:
  https://github.com/google/guice/wiki/ERROR_INJECTING_CONSTRUCTOR
Caused by: IllegalArgumentException (same stack trace as error #7)
18) [Guice/ErrorInjectingConstructor]: IllegalArgumentException: Invalid memory configuration. The sum of max query memory per node (4294967296) and heap headroom (1073741824) cannot be larger than the available heap memory (4294967296)
  at LocalMemoryManager.<init>(LocalMemoryManager.java:44)
  at java.base/DirectMethodHandleAccessor.invoke(DirectMethodHandleAccessor.java:104)
  at SqlTaskManager.<init>(SqlTaskManager.java:161)
      \_ for 8th parameter localMemoryManager
  at java.base/DirectMethodHandleAccessor.invoke(DirectMethodHandleAccessor.java:104)
  at SqlQueryExecution$SqlQueryExecutionFactory.<init>(SqlQueryExecution.java:838)
      \_ for 26th parameter coordinatorTaskManager
  at QueryExecutionFactoryModule.configure(QueryExecutionFactoryModule.java:145)
      \_ installed by: ServerMainModule -> CoordinatorModule -> QueryExecutionFactoryModule
  while locating SqlQueryExecution$SqlQueryExecutionFactory
  at QueryExecutionFactoryModule.configure(QueryExecutionFactoryModule.java:147)
      \_ installed by: ServerMainModule -> CoordinatorModule -> QueryExecutionFactoryModule
  while locating QueryExecution$QueryExecutionFactory<?> annotated with @Element(setName=,uniqueId=574, type=MAPBINDER, keyType=Class<? extends Statement>)

Learn more:
  https://github.com/google/guice/wiki/ERROR_INJECTING_CONSTRUCTOR
Caused by: IllegalArgumentException (same stack trace as error #7)
19) [Guice/ErrorInjectingConstructor]: IllegalArgumentException: Invalid memory configuration. The sum of max query memory per node (4294967296) and heap headroom (1073741824) cannot be larger than the available heap memory (4294967296)
  at LocalMemoryManager.<init>(LocalMemoryManager.java:44)
  at java.base/DirectMethodHandleAccessor.invoke(DirectMethodHandleAccessor.java:104)
  at SqlTaskManager.<init>(SqlTaskManager.java:161)
      \_ for 8th parameter localMemoryManager
  at java.base/DirectMethodHandleAccessor.invoke(DirectMethodHandleAccessor.java:104)
  at SqlQueryExecution$SqlQueryExecutionFactory.<init>(SqlQueryExecution.java:838)
      \_ for 26th parameter coordinatorTaskManager
  at QueryExecutionFactoryModule.configure(QueryExecutionFactoryModule.java:145)
      \_ installed by: ServerMainModule -> CoordinatorModule -> QueryExecutionFactoryModule
  while locating SqlQueryExecution$SqlQueryExecutionFactory
  at QueryExecutionFactoryModule.configure(QueryExecutionFactoryModule.java:147)
      \_ installed by: ServerMainModule -> CoordinatorModule -> QueryExecutionFactoryModule
  while locating QueryExecution$QueryExecutionFactory<?> annotated with @Element(setName=,uniqueId=576, type=MAPBINDER, keyType=Class<? extends Statement>)

Learn more:
  https://github.com/google/guice/wiki/ERROR_INJECTING_CONSTRUCTOR
Caused by: IllegalArgumentException (same stack trace as error #7)
20) [Guice/ErrorInjectingConstructor]: IllegalArgumentException: Invalid memory configuration. The sum of max query memory per node (4294967296) and heap headroom (1073741824) cannot be larger than the available heap memory (4294967296)
  at LocalMemoryManager.<init>(LocalMemoryManager.java:44)
  at java.base/DirectMethodHandleAccessor.invoke(DirectMethodHandleAccessor.java:104)
  at SqlTaskManager.<init>(SqlTaskManager.java:161)
      \_ for 8th parameter localMemoryManager
  at java.base/DirectMethodHandleAccessor.invoke(DirectMethodHandleAccessor.java:104)
  at SqlQueryExecution$SqlQueryExecutionFactory.<init>(SqlQueryExecution.java:838)
      \_ for 26th parameter coordinatorTaskManager
  at QueryExecutionFactoryModule.configure(QueryExecutionFactoryModule.java:145)
      \_ installed by: ServerMainModule -> CoordinatorModule -> QueryExecutionFactoryModule
  while locating SqlQueryExecution$SqlQueryExecutionFactory
  at QueryExecutionFactoryModule.configure(QueryExecutionFactoryModule.java:147)
      \_ installed by: ServerMainModule -> CoordinatorModule -> QueryExecutionFactoryModule
  while locating QueryExecution$QueryExecutionFactory<?> annotated with @Element(setName=,uniqueId=578, type=MAPBINDER, keyType=Class<? extends Statement>)

Learn more:
  https://github.com/google/guice/wiki/ERROR_INJECTING_CONSTRUCTOR
Caused by: IllegalArgumentException (same stack trace as error #7)
21) [Guice/ErrorInjectingConstructor]: IllegalArgumentException: Invalid memory configuration. The sum of max query memory per node (4294967296) and heap headroom (1073741824) cannot be larger than the available heap memory (4294967296)
  at LocalMemoryManager.<init>(LocalMemoryManager.java:44)
  at java.base/DirectMethodHandleAccessor.invoke(DirectMethodHandleAccessor.java:104)
  at SqlTaskManager.<init>(SqlTaskManager.java:161)
      \_ for 8th parameter localMemoryManager
  at java.base/DirectMethodHandleAccessor.invoke(DirectMethodHandleAccessor.java:104)
  at SqlQueryExecution$SqlQueryExecutionFactory.<init>(SqlQueryExecution.java:838)
      \_ for 26th parameter coordinatorTaskManager
  at QueryExecutionFactoryModule.configure(QueryExecutionFactoryModule.java:145)
      \_ installed by: ServerMainModule -> CoordinatorModule -> QueryExecutionFactoryModule
  while locating SqlQueryExecution$SqlQueryExecutionFactory
  at QueryExecutionFactoryModule.configure(QueryExecutionFactoryModule.java:147)
      \_ installed by: ServerMainModule -> CoordinatorModule -> QueryExecutionFactoryModule
  while locating QueryExecution$QueryExecutionFactory<?> annotated with @Element(setName=,uniqueId=580, type=MAPBINDER, keyType=Class<? extends Statement>)

Learn more:
  https://github.com/google/guice/wiki/ERROR_INJECTING_CONSTRUCTOR
Caused by: IllegalArgumentException (same stack trace as error #7)
22) [Guice/ErrorInjectingConstructor]: IllegalArgumentException: Invalid memory configuration. The sum of max query memory per node (4294967296) and heap headroom (1073741824) cannot be larger than the available heap memory (4294967296)
  at LocalMemoryManager.<init>(LocalMemoryManager.java:44)
  at java.base/DirectMethodHandleAccessor.invoke(DirectMethodHandleAccessor.java:104)
  at SqlTaskManager.<init>(SqlTaskManager.java:161)
      \_ for 8th parameter localMemoryManager
  at java.base/DirectMethodHandleAccessor.invoke(DirectMethodHandleAccessor.java:104)
  at SqlQueryExecution$SqlQueryExecutionFactory.<init>(SqlQueryExecution.java:838)
      \_ for 26th parameter coordinatorTaskManager
  at QueryExecutionFactoryModule.configure(QueryExecutionFactoryModule.java:145)
      \_ installed by: ServerMainModule -> CoordinatorModule -> QueryExecutionFactoryModule
  while locating SqlQueryExecution$SqlQueryExecutionFactory
  at QueryExecutionFactoryModule.configure(QueryExecutionFactoryModule.java:147)
      \_ installed by: ServerMainModule -> CoordinatorModule -> QueryExecutionFactoryModule
  while locating QueryExecution$QueryExecutionFactory<?> annotated with @Element(setName=,uniqueId=582, type=MAPBINDER, keyType=Class<? extends Statement>)

Learn more:
  https://github.com/google/guice/wiki/ERROR_INJECTING_CONSTRUCTOR
Caused by: IllegalArgumentException (same stack trace as error #7)
23) [Guice/ErrorInjectingConstructor]: IllegalArgumentException: Invalid memory configuration. The sum of max query memory per node (4294967296) and heap headroom (1073741824) cannot be larger than the available heap memory (4294967296)
  at LocalMemoryManager.<init>(LocalMemoryManager.java:44)
  at java.base/DirectMethodHandleAccessor.invoke(DirectMethodHandleAccessor.java:104)
  at SqlTaskManager.<init>(SqlTaskManager.java:161)
      \_ for 8th parameter localMemoryManager
  at java.base/DirectMethodHandleAccessor.invoke(DirectMethodHandleAccessor.java:104)
  at SqlQueryExecution$SqlQueryExecutionFactory.<init>(SqlQueryExecution.java:838)
      \_ for 26th parameter coordinatorTaskManager
  at QueryExecutionFactoryModule.configure(QueryExecutionFactoryModule.java:145)
      \_ installed by: ServerMainModule -> CoordinatorModule -> QueryExecutionFactoryModule
  while locating SqlQueryExecution$SqlQueryExecutionFactory
  at QueryExecutionFactoryModule.configure(QueryExecutionFactoryModule.java:147)
      \_ installed by: ServerMainModule -> CoordinatorModule -> QueryExecutionFactoryModule
  while locating QueryExecution$QueryExecutionFactory<?> annotated with @Element(setName=,uniqueId=584, type=MAPBINDER, keyType=Class<? extends Statement>)

Learn more:
  https://github.com/google/guice/wiki/ERROR_INJECTING_CONSTRUCTOR
Caused by: IllegalArgumentException (same stack trace as error #7)
24) [Guice/ErrorInjectingConstructor]: IllegalArgumentException: Invalid memory configuration. The sum of max query memory per node (4294967296) and heap headroom (1073741824) cannot be larger than the available heap memory (4294967296)
  at LocalMemoryManager.<init>(LocalMemoryManager.java:44)
  at java.base/DirectMethodHandleAccessor.invoke(DirectMethodHandleAccessor.java:104)
  at SqlTaskManager.<init>(SqlTaskManager.java:161)
      \_ for 8th parameter localMemoryManager
  at java.base/DirectMethodHandleAccessor.invoke(DirectMethodHandleAccessor.java:104)
  at SqlQueryExecution$SqlQueryExecutionFactory.<init>(SqlQueryExecution.java:838)
      \_ for 26th parameter coordinatorTaskManager
  at QueryExecutionFactoryModule.configure(QueryExecutionFactoryModule.java:145)
      \_ installed by: ServerMainModule -> CoordinatorModule -> QueryExecutionFactoryModule
  while locating SqlQueryExecution$SqlQueryExecutionFactory
  at QueryExecutionFactoryModule.configure(QueryExecutionFactoryModule.java:147)
      \_ installed by: ServerMainModule -> CoordinatorModule -> QueryExecutionFactoryModule
  while locating QueryExecution$QueryExecutionFactory<?> annotated with @Element(setName=,uniqueId=586, type=MAPBINDER, keyType=Class<? extends Statement>)

Learn more:
  https://github.com/google/guice/wiki/ERROR_INJECTING_CONSTRUCTOR
Caused by: IllegalArgumentException (same stack trace as error #7)
25) [Guice/ErrorInjectingConstructor]: IllegalArgumentException: Invalid memory configuration. The sum of max query memory per node (4294967296) and heap headroom (1073741824) cannot be larger than the available heap memory (4294967296)
  at LocalMemoryManager.<init>(LocalMemoryManager.java:44)
  at java.base/DirectMethodHandleAccessor.invoke(DirectMethodHandleAccessor.java:104)
  at SqlTaskManager.<init>(SqlTaskManager.java:161)
      \_ for 8th parameter localMemoryManager
  at java.base/DirectMethodHandleAccessor.invoke(DirectMethodHandleAccessor.java:104)
  at SqlQueryExecution$SqlQueryExecutionFactory.<init>(SqlQueryExecution.java:838)
      \_ for 26th parameter coordinatorTaskManager
  at QueryExecutionFactoryModule.configure(QueryExecutionFactoryModule.java:145)
      \_ installed by: ServerMainModule -> CoordinatorModule -> QueryExecutionFactoryModule
  while locating SqlQueryExecution$SqlQueryExecutionFactory
  at QueryExecutionFactoryModule.configure(QueryExecutionFactoryModule.java:147)
      \_ installed by: ServerMainModule -> CoordinatorModule -> QueryExecutionFactoryModule
  while locating QueryExecution$QueryExecutionFactory<?> annotated with @Element(setName=,uniqueId=588, type=MAPBINDER, keyType=Class<? extends Statement>)

Learn more:
  https://github.com/google/guice/wiki/ERROR_INJECTING_CONSTRUCTOR
Caused by: IllegalArgumentException (same stack trace as error #7)
26) [Guice/ErrorInjectingConstructor]: IllegalArgumentException: Invalid memory configuration. The sum of max query memory per node (4294967296) and heap headroom (1073741824) cannot be larger than the available heap memory (4294967296)
  at LocalMemoryManager.<init>(LocalMemoryManager.java:44)
  at java.base/DirectMethodHandleAccessor.invoke(DirectMethodHandleAccessor.java:104)
  at SqlTaskManager.<init>(SqlTaskManager.java:161)
      \_ for 8th parameter localMemoryManager
  at java.base/DirectMethodHandleAccessor.invoke(DirectMethodHandleAccessor.java:104)
  at SqlQueryExecution$SqlQueryExecutionFactory.<init>(SqlQueryExecution.java:838)
      \_ for 26th parameter coordinatorTaskManager
  at QueryExecutionFactoryModule.configure(QueryExecutionFactoryModule.java:145)
      \_ installed by: ServerMainModule -> CoordinatorModule -> QueryExecutionFactoryModule
  while locating SqlQueryExecution$SqlQueryExecutionFactory
  at QueryExecutionFactoryModule.configure(QueryExecutionFactoryModule.java:147)
      \_ installed by: ServerMainModule -> CoordinatorModule -> QueryExecutionFactoryModule
  while locating QueryExecution$QueryExecutionFactory<?> annotated with @Element(setName=,uniqueId=590, type=MAPBINDER, keyType=Class<? extends Statement>)

Learn more:
  https://github.com/google/guice/wiki/ERROR_INJECTING_CONSTRUCTOR
Caused by: IllegalArgumentException (same stack trace as error #7)
27) [Guice/ErrorInjectingConstructor]: IllegalArgumentException: Invalid memory configuration. The sum of max query memory per node (4294967296) and heap headroom (1073741824) cannot be larger than the available heap memory (4294967296)
  at LocalMemoryManager.<init>(LocalMemoryManager.java:44)
  at java.base/DirectMethodHandleAccessor.invoke(DirectMethodHandleAccessor.java:104)
  at SqlTaskManager.<init>(SqlTaskManager.java:161)
      \_ for 8th parameter localMemoryManager
  at java.base/DirectMethodHandleAccessor.invoke(DirectMethodHandleAccessor.java:104)
  at SqlQueryExecution$SqlQueryExecutionFactory.<init>(SqlQueryExecution.java:838)
      \_ for 26th parameter coordinatorTaskManager
  at QueryExecutionFactoryModule.configure(QueryExecutionFactoryModule.java:145)
      \_ installed by: ServerMainModule -> CoordinatorModule -> QueryExecutionFactoryModule
  while locating SqlQueryExecution$SqlQueryExecutionFactory
  at QueryExecutionFactoryModule.configure(QueryExecutionFactoryModule.java:147)
      \_ installed by: ServerMainModule -> CoordinatorModule -> QueryExecutionFactoryModule
  while locating QueryExecution$QueryExecutionFactory<?> annotated with @Element(setName=,uniqueId=592, type=MAPBINDER, keyType=Class<? extends Statement>)

Learn more:
  https://github.com/google/guice/wiki/ERROR_INJECTING_CONSTRUCTOR
Caused by: IllegalArgumentException (same stack trace as error #7)
28) [Guice/ErrorInjectingConstructor]: IllegalArgumentException: Invalid memory configuration. The sum of max query memory per node (4294967296) and heap headroom (1073741824) cannot be larger than the available heap memory (4294967296)
  at LocalMemoryManager.<init>(LocalMemoryManager.java:44)
  at java.base/DirectMethodHandleAccessor.invoke(DirectMethodHandleAccessor.java:104)
  at SqlTaskManager.<init>(SqlTaskManager.java:161)
      \_ for 8th parameter localMemoryManager
  at java.base/DirectMethodHandleAccessor.invoke(DirectMethodHandleAccessor.java:104)
  at SqlQueryExecution$SqlQueryExecutionFactory.<init>(SqlQueryExecution.java:838)
      \_ for 26th parameter coordinatorTaskManager
  at QueryExecutionFactoryModule.configure(QueryExecutionFactoryModule.java:145)
      \_ installed by: ServerMainModule -> CoordinatorModule -> QueryExecutionFactoryModule
  while locating SqlQueryExecution$SqlQueryExecutionFactory
  at QueryExecutionFactoryModule.configure(QueryExecutionFactoryModule.java:147)
      \_ installed by: ServerMainModule -> CoordinatorModule -> QueryExecutionFactoryModule
  while locating QueryExecution$QueryExecutionFactory<?> annotated with @Element(setName=,uniqueId=594, type=MAPBINDER, keyType=Class<? extends Statement>)

Learn more:
  https://github.com/google/guice/wiki/ERROR_INJECTING_CONSTRUCTOR
Caused by: IllegalArgumentException (same stack trace as error #7)
29) [Guice/ErrorInjectingConstructor]: IllegalArgumentException: Invalid memory configuration. The sum of max query memory per node (4294967296) and heap headroom (1073741824) cannot be larger than the available heap memory (4294967296)
  at LocalMemoryManager.<init>(LocalMemoryManager.java:44)
  at java.base/DirectMethodHandleAccessor.invoke(DirectMethodHandleAccessor.java:104)
  at SqlTaskManager.<init>(SqlTaskManager.java:161)
      \_ for 8th parameter localMemoryManager
  at java.base/DirectMethodHandleAccessor.invoke(DirectMethodHandleAccessor.java:104)
  at SqlQueryExecution$SqlQueryExecutionFactory.<init>(SqlQueryExecution.java:838)
      \_ for 26th parameter coordinatorTaskManager
  at QueryExecutionFactoryModule.configure(QueryExecutionFactoryModule.java:145)
      \_ installed by: ServerMainModule -> CoordinatorModule -> QueryExecutionFactoryModule
  while locating SqlQueryExecution$SqlQueryExecutionFactory
  at QueryExecutionFactoryModule.configure(QueryExecutionFactoryModule.java:147)
      \_ installed by: ServerMainModule -> CoordinatorModule -> QueryExecutionFactoryModule
  while locating QueryExecution$QueryExecutionFactory<?> annotated with @Element(setName=,uniqueId=596, type=MAPBINDER, keyType=Class<? extends Statement>)

Learn more:
  https://github.com/google/guice/wiki/ERROR_INJECTING_CONSTRUCTOR
Caused by: IllegalArgumentException (same stack trace as error #7)
30) [Guice/ErrorInjectingConstructor]: IllegalArgumentException: Invalid memory configuration. The sum of max query memory per node (4294967296) and heap headroom (1073741824) cannot be larger than the available heap memory (4294967296)
  at LocalMemoryManager.<init>(LocalMemoryManager.java:44)
  at java.base/DirectMethodHandleAccessor.invoke(DirectMethodHandleAccessor.java:104)
  at SqlTaskManager.<init>(SqlTaskManager.java:161)
      \_ for 8th parameter localMemoryManager
  at java.base/DirectMethodHandleAccessor.invoke(DirectMethodHandleAccessor.java:104)
  at SqlQueryExecution$SqlQueryExecutionFactory.<init>(SqlQueryExecution.java:838)
      \_ for 26th parameter coordinatorTaskManager
  at QueryExecutionFactoryModule.configure(QueryExecutionFactoryModule.java:145)
      \_ installed by: ServerMainModule -> CoordinatorModule -> QueryExecutionFactoryModule
  while locating SqlQueryExecution$SqlQueryExecutionFactory
  at QueryExecutionFactoryModule.configure(QueryExecutionFactoryModule.java:147)
      \_ installed by: ServerMainModule -> CoordinatorModule -> QueryExecutionFactoryModule
  while locating QueryExecution$QueryExecutionFactory<?> annotated with @Element(setName=,uniqueId=598, type=MAPBINDER, keyType=Class<? extends Statement>)

Learn more:
  https://github.com/google/guice/wiki/ERROR_INJECTING_CONSTRUCTOR
Caused by: IllegalArgumentException (same stack trace as error #7)
31) [Guice/ErrorInjectingConstructor]: IllegalArgumentException: Invalid memory configuration. The sum of max query memory per node (4294967296) and heap headroom (1073741824) cannot be larger than the available heap memory (4294967296)
  at LocalMemoryManager.<init>(LocalMemoryManager.java:44)
  at java.base/DirectMethodHandleAccessor.invoke(DirectMethodHandleAccessor.java:104)
  at SqlTaskManager.<init>(SqlTaskManager.java:161)
      \_ for 8th parameter localMemoryManager
  at java.base/DirectMethodHandleAccessor.invoke(DirectMethodHandleAccessor.java:104)
  at SqlQueryExecution$SqlQueryExecutionFactory.<init>(SqlQueryExecution.java:838)
      \_ for 26th parameter coordinatorTaskManager
  at QueryExecutionFactoryModule.configure(QueryExecutionFactoryModule.java:145)
      \_ installed by: ServerMainModule -> CoordinatorModule -> QueryExecutionFactoryModule
  while locating SqlQueryExecution$SqlQueryExecutionFactory
  at QueryExecutionFactoryModule.configure(QueryExecutionFactoryModule.java:147)
      \_ installed by: ServerMainModule -> CoordinatorModule -> QueryExecutionFactoryModule
  while locating QueryExecution$QueryExecutionFactory<?> annotated with @Element(setName=,uniqueId=600, type=MAPBINDER, keyType=Class<? extends Statement>)

Learn more:
  https://github.com/google/guice/wiki/ERROR_INJECTING_CONSTRUCTOR
Caused by: IllegalArgumentException (same stack trace as error #7)
32) [Guice/ErrorInjectingConstructor]: IllegalArgumentException: Invalid memory configuration. The sum of max query memory per node (4294967296) and heap headroom (1073741824) cannot be larger than the available heap memory (4294967296)
  at LocalMemoryManager.<init>(LocalMemoryManager.java:44)
  at java.base/DirectMethodHandleAccessor.invoke(DirectMethodHandleAccessor.java:104)
  at SqlTaskManager.<init>(SqlTaskManager.java:161)
      \_ for 8th parameter localMemoryManager
  at java.base/DirectMethodHandleAccessor.invoke(DirectMethodHandleAccessor.java:104)
  at TaskResource.<init>(TaskResource.java:121)
      \_ for 2nd parameter taskManager
  at ServerMainModule.setup(ServerMainModule.java:252)
  while locating TaskResource
  at java.base/DirectMethodHandleAccessor.invoke(DirectMethodHandleAccessor.java:104)
  while locating Object annotated with @Element(setName=,uniqueId=823, type=MULTIBINDER, keyType=)

Learn more:
  https://github.com/google/guice/wiki/ERROR_INJECTING_CONSTRUCTOR
Caused by: IllegalArgumentException (same stack trace as error #7)
33) [Guice/ErrorInjectingConstructor]: IllegalArgumentException: Invalid memory configuration. The sum of max query memory per node (4294967296) and heap headroom (1073741824) cannot be larger than the available heap memory (4294967296)
  at LocalMemoryManager.<init>(LocalMemoryManager.java:44)
  at java.base/DirectMethodHandleAccessor.invoke(DirectMethodHandleAccessor.java:104)
  at MemoryResource.<init>(MemoryResource.java:36)
      \_ for 1st parameter memoryManager
  at ServerMainModule.setup(ServerMainModule.java:350)
  while locating MemoryResource
  at java.base/DirectMethodHandleAccessor.invoke(DirectMethodHandleAccessor.java:104)
  while locating Object annotated with @Element(setName=,uniqueId=842, type=MULTIBINDER, keyType=)

Learn more:
  https://github.com/google/guice/wiki/ERROR_INJECTING_CONSTRUCTOR
Caused by: IllegalArgumentException: Invalid memory configuration. The sum of max query memory per node (4294967296) and heap headroom (1073741824) cannot be larger than the available heap memory (4294967296)
	at LocalMemoryManager.validateHeapHeadroom(LocalMemoryManager.java:64)
	at LocalMemoryManager.<init>(LocalMemoryManager.java:50)
	at LocalMemoryManager.<init>(LocalMemoryManager.java:44)
	at LocalMemoryManager$$FastClassByGuice$$7900c4b.GUICE$TRAMPOLINE(<generated>)
	at LocalMemoryManager$$FastClassByGuice$$7900c4b.apply(<generated>)
	at DefaultConstructionProxyFactory$FastClassProxy.newInstance(DefaultConstructionProxyFactory.java:82)
	at ConstructorInjector.provision(ConstructorInjector.java:114)
	at ConstructorInjector.access$000(ConstructorInjector.java:33)
	at ConstructorInjector$1.call(ConstructorInjector.java:98)
	at ProvisionListenerStackCallback$Provision.provision(ProvisionListenerStackCallback.java:109)
	at LifeCycleModule.provision(LifeCycleModule.java:70)
	at ProvisionListenerStackCallback$Provision.provision(ProvisionListenerStackCallback.java:117)
	at ProvisionListenerStackCallback.provision(ProvisionListenerStackCallback.java:66)
	at ConstructorInjector.construct(ConstructorInjector.java:93)
	at ConstructorBindingImpl$Factory.get(ConstructorBindingImpl.java:300)
	at ProviderToInternalFactoryAdapter.get(ProviderToInternalFactoryAdapter.java:40)
	at SingletonScope$1.get(SingletonScope.java:169)
	at InternalFactoryToProviderAdapter.get(InternalFactoryToProviderAdapter.java:45)
	at SingleParameterInjector.inject(SingleParameterInjector.java:40)
	at SingleParameterInjector.getAll(SingleParameterInjector.java:60)
	at ConstructorInjector.provision(ConstructorInjector.java:113)
	at ConstructorInjector.access$000(ConstructorInjector.java:33)
	at ConstructorInjector$1.call(ConstructorInjector.java:98)
	at ProvisionListenerStackCallback$Provision.provision(ProvisionListenerStackCallback.java:109)
	at LifeCycleModule.provision(LifeCycleModule.java:70)
	at ProvisionListenerStackCallback$Provision.provision(ProvisionListenerStackCallback.java:117)
	at ProvisionListenerStackCallback.provision(ProvisionListenerStackCallback.java:66)
	at ConstructorInjector.construct(ConstructorInjector.java:93)
	at ConstructorBindingImpl$Factory.get(ConstructorBindingImpl.java:300)
	at ProviderToInternalFactoryAdapter.get(ProviderToInternalFactoryAdapter.java:40)
	at SingletonScope$1.get(SingletonScope.java:169)
	at InternalFactoryToProviderAdapter.get(InternalFactoryToProviderAdapter.java:45)
	at FactoryProxy.get(FactoryProxy.java:60)
	at ProviderToInternalFactoryAdapter.get(ProviderToInternalFactoryAdapter.java:40)
	at SingletonScope$1.get(SingletonScope.java:169)
	at InternalFactoryToProviderAdapter.get(InternalFactoryToProviderAdapter.java:45)
	at InternalInjectorCreator.loadEagerSingletons(InternalInjectorCreator.java:213)
	at InternalInjectorCreator.injectDynamically(InternalInjectorCreator.java:186)
	at InternalInjectorCreator.build(InternalInjectorCreator.java:113)
	at Guice.createInjector(Guice.java:87)
	at Bootstrap.initialize(Bootstrap.java:366)
	at Server.doStart(Server.java:124)
	at Server.lambda$start$0(Server.java:79)
	at io.trino.$gen.Trino_479____20260507_184053_1.run(Unknown Source)
	at Server.start(Server.java:79)
	at TrinoServer.main(TrinoServer.java:37)

34) [Guice/ErrorInjectingConstructor]: IllegalArgumentException: Invalid memory configuration. The sum of max query memory per node (4294967296) and heap headroom (1073741824) cannot be larger than the available heap memory (4294967296)
  at LocalMemoryManager.<init>(LocalMemoryManager.java:44)
  at java.base/DirectMethodHandleAccessor.invoke(DirectMethodHandleAccessor.java:104)
  at SqlTaskManager.<init>(SqlTaskManager.java:161)
      \_ for 8th parameter localMemoryManager
  at java.base/DirectMethodHandleAccessor.invoke(DirectMethodHandleAccessor.java:104)
  at SqlQueryExecution$SqlQueryExecutionFactory.<init>(SqlQueryExecution.java:838)
      \_ for 26th parameter coordinatorTaskManager
  at QueryExecutionFactoryModule.configure(QueryExecutionFactoryModule.java:145)
      \_ installed by: ServerMainModule -> CoordinatorModule -> QueryExecutionFactoryModule
  while locating SqlQueryExecution$SqlQueryExecutionFactory
  at QueryExecutionFactoryModule.configure(QueryExecutionFactoryModule.java:147)
      \_ installed by: ServerMainModule -> CoordinatorModule -> QueryExecutionFactoryModule
  while locating QueryExecution$QueryExecutionFactory<?> annotated with @Element(setName=,uniqueId=552, type=MAPBINDER, keyType=Class<? extends Statement>)
  at LocalDispatchQueryFactory.<init>(LocalDispatchQueryFactory.java:93)
      \_ for 9th parameter executionFactories
  while locating LocalDispatchQueryFactory
  at DispatchManager.<init>(DispatchManager.java:114)
      \_ for 4th parameter dispatchQueryFactory
  at java.base/DirectMethodHandleAccessor.invoke(DirectMethodHandleAccessor.java:104)
      \_ installed by: ServerMainModule -> CoordinatorModule
  while locating DispatchManager
  at QuerySystemTable.<init>(QuerySystemTable.java:86)
      \_ for 1st parameter dispatchManager
  while locating QuerySystemTable
  at SystemConnectorModule.configure(SystemConnectorModule.java:47)
      \_ installed by: ServerMainModule -> SystemConnectorModule
  while locating SystemTable annotated with @Element(setName=,uniqueId=867, type=MULTIBINDER, keyType=)

Learn more:
  https://github.com/google/guice/wiki/ERROR_INJECTING_CONSTRUCTOR
Caused by: IllegalArgumentException: Invalid memory configuration. The sum of max query memory per node (4294967296) and heap headroom (1073741824) cannot be larger than the available heap memory (4294967296)
	at LocalMemoryManager.validateHeapHeadroom(LocalMemoryManager.java:64)
	at LocalMemoryManager.<init>(LocalMemoryManager.java:50)
	at LocalMemoryManager.<init>(LocalMemoryManager.java:44)
	at LocalMemoryManager$$FastClassByGuice$$7900c4b.GUICE$TRAMPOLINE(<generated>)
	at LocalMemoryManager$$FastClassByGuice$$7900c4b.apply(<generated>)
	at DefaultConstructionProxyFactory$FastClassProxy.newInstance(DefaultConstructionProxyFactory.java:82)
	at ConstructorInjector.provision(ConstructorInjector.java:114)
	at ConstructorInjector.access$000(ConstructorInjector.java:33)
	at ConstructorInjector$1.call(ConstructorInjector.java:98)
	at ProvisionListenerStackCallback$Provision.provision(ProvisionListenerStackCallback.java:109)
	at LifeCycleModule.provision(LifeCycleModule.java:70)
	at ProvisionListenerStackCallback$Provision.provision(ProvisionListenerStackCallback.java:117)
	at ProvisionListenerStackCallback.provision(ProvisionListenerStackCallback.java:66)
	at ConstructorInjector.construct(ConstructorInjector.java:93)
	at ConstructorBindingImpl$Factory.get(ConstructorBindingImpl.java:300)
	at ProviderToInternalFactoryAdapter.get(ProviderToInternalFactoryAdapter.java:40)
	at SingletonScope$1.get(SingletonScope.java:169)
	at InternalFactoryToProviderAdapter.get(InternalFactoryToProviderAdapter.java:45)
	at SingleParameterInjector.inject(SingleParameterInjector.java:40)
	at SingleParameterInjector.getAll(SingleParameterInjector.java:60)
	at ConstructorInjector.provision(ConstructorInjector.java:113)
	at ConstructorInjector.access$000(ConstructorInjector.java:33)
	at ConstructorInjector$1.call(ConstructorInjector.java:98)
	at ProvisionListenerStackCallback$Provision.provision(ProvisionListenerStackCallback.java:109)
	at LifeCycleModule.provision(LifeCycleModule.java:70)
	at ProvisionListenerStackCallback$Provision.provision(ProvisionListenerStackCallback.java:117)
	at ProvisionListenerStackCallback.provision(ProvisionListenerStackCallback.java:66)
	at ConstructorInjector.construct(ConstructorInjector.java:93)
	at ConstructorBindingImpl$Factory.get(ConstructorBindingImpl.java:300)
	at ProviderToInternalFactoryAdapter.get(ProviderToInternalFactoryAdapter.java:40)
	at SingletonScope$1.get(SingletonScope.java:169)
	at InternalFactoryToProviderAdapter.get(InternalFactoryToProviderAdapter.java:45)
	at SingleParameterInjector.inject(SingleParameterInjector.java:40)
	at SingleParameterInjector.getAll(SingleParameterInjector.java:60)
	at ConstructorInjector.provision(ConstructorInjector.java:113)
	at ConstructorInjector.access$000(ConstructorInjector.java:33)
	at ConstructorInjector$1.call(ConstructorInjector.java:98)
	at ProvisionListenerStackCallback$Provision.provision(ProvisionListenerStackCallback.java:109)
	at LifeCycleModule.provision(LifeCycleModule.java:70)
	at ProvisionListenerStackCallback$Provision.provision(ProvisionListenerStackCallback.java:117)
	at ProvisionListenerStackCallback.provision(ProvisionListenerStackCallback.java:66)
	at ConstructorInjector.construct(ConstructorInjector.java:93)
	at ConstructorBindingImpl$Factory.get(ConstructorBindingImpl.java:300)
	at ProviderToInternalFactoryAdapter.get(ProviderToInternalFactoryAdapter.java:40)
	at SingletonScope$1.get(SingletonScope.java:169)
	at InternalFactoryToProviderAdapter.get(InternalFactoryToProviderAdapter.java:45)
	at FactoryProxy.get(FactoryProxy.java:60)
	at ProviderToInternalFactoryAdapter.get(ProviderToInternalFactoryAdapter.java:40)
	at SingletonScope$1.get(SingletonScope.java:169)
	at InternalFactoryToProviderAdapter.get(InternalFactoryToProviderAdapter.java:45)
	at SingleParameterInjector.inject(SingleParameterInjector.java:40)
	at RealMapBinder$ExtensionRealMapProvider.doProvision(RealMapBinder.java:808)
	at RealMapBinder$ExtensionRealMapProvider.doProvision(RealMapBinder.java:743)
	at InternalProviderInstanceBindingImpl$Factory$1.call(InternalProviderInstanceBindingImpl.java:120)
	at ProvisionListenerStackCallback$Provision.provision(ProvisionListenerStackCallback.java:109)
	at LifeCycleModule.provision(LifeCycleModule.java:70)
	at ProvisionListenerStackCallback$Provision.provision(ProvisionListenerStackCallback.java:117)
	at ProvisionListenerStackCallback.provision(ProvisionListenerStackCallback.java:66)
	at InternalProviderInstanceBindingImpl$Factory.get(InternalProviderInstanceBindingImpl.java:115)
	at SingleParameterInjector.inject(SingleParameterInjector.java:40)
	at SingleParameterInjector.getAll(SingleParameterInjector.java:60)
	at ConstructorInjector.provision(ConstructorInjector.java:113)
	at ConstructorInjector.access$000(ConstructorInjector.java:33)
	at ConstructorInjector$1.call(ConstructorInjector.java:98)
	at ProvisionListenerStackCallback$Provision.provision(ProvisionListenerStackCallback.java:109)
	at LifeCycleModule.provision(LifeCycleModule.java:70)
	at ProvisionListenerStackCallback$Provision.provision(ProvisionListenerStackCallback.java:117)
	at ProvisionListenerStackCallback.provision(ProvisionListenerStackCallback.java:66)
	at ConstructorInjector.construct(ConstructorInjector.java:93)
	at ConstructorBindingImpl$Factory.get(ConstructorBindingImpl.java:300)
	at FactoryProxy.get(FactoryProxy.java:60)
	at SingleParameterInjector.inject(SingleParameterInjector.java:40)
	at SingleParameterInjector.getAll(SingleParameterInjector.java:60)
	at ConstructorInjector.provision(ConstructorInjector.java:113)
	at ConstructorInjector.access$000(ConstructorInjector.java:33)
	at ConstructorInjector$1.call(ConstructorInjector.java:98)
	at ProvisionListenerStackCallback$Provision.provision(ProvisionListenerStackCallback.java:109)
	at LifeCycleModule.provision(LifeCycleModule.java:70)
	at ProvisionListenerStackCallback$Provision.provision(ProvisionListenerStackCallback.java:117)
	at ProvisionListenerStackCallback.provision(ProvisionListenerStackCallback.java:66)
	at ConstructorInjector.construct(ConstructorInjector.java:93)
	at ConstructorBindingImpl$Factory.get(ConstructorBindingImpl.java:300)
	at ProviderToInternalFactoryAdapter.get(ProviderToInternalFactoryAdapter.java:40)
	at SingletonScope$1.get(SingletonScope.java:169)
	at InternalFactoryToProviderAdapter.get(InternalFactoryToProviderAdapter.java:45)
	at RealOptionalBinder$JavaOptionalProvider.doProvision(RealOptionalBinder.java:269)
	at RealOptionalBinder$JavaOptionalProvider.doProvision(RealOptionalBinder.java:231)
	at InternalProviderInstanceBindingImpl$Factory$1.call(InternalProviderInstanceBindingImpl.java:120)
	at ProvisionListenerStackCallback$Provision.provision(ProvisionListenerStackCallback.java:109)
	at LifeCycleModule.provision(LifeCycleModule.java:70)
	at ProvisionListenerStackCallback$Provision.provision(ProvisionListenerStackCallback.java:117)
	at ProvisionListenerStackCallback.provision(ProvisionListenerStackCallback.java:66)
	at InternalProviderInstanceBindingImpl$Factory.get(InternalProviderInstanceBindingImpl.java:115)
	at SingleParameterInjector.inject(SingleParameterInjector.java:40)
	at SingleParameterInjector.getAll(SingleParameterInjector.java:60)
	at ConstructorInjector.provision(ConstructorInjector.java:113)
	at ConstructorInjector.access$000(ConstructorInjector.java:33)
	at ConstructorInjector$1.call(ConstructorInjector.java:98)
	at ProvisionListenerStackCallback$Provision.provision(ProvisionListenerStackCallback.java:109)
	at LifeCycleModule.provision(LifeCycleModule.java:70)
	at ProvisionListenerStackCallback$Provision.provision(ProvisionListenerStackCallback.java:117)
	at ProvisionListenerStackCallback.provision(ProvisionListenerStackCallback.java:66)
	at ConstructorInjector.construct(ConstructorInjector.java:93)
	at ConstructorBindingImpl$Factory.get(ConstructorBindingImpl.java:300)
	at FactoryProxy.get(FactoryProxy.java:60)
	at ProviderToInternalFactoryAdapter.get(ProviderToInternalFactoryAdapter.java:40)
	at SingletonScope$1.get(SingletonScope.java:169)
	at InternalFactoryToProviderAdapter.get(InternalFactoryToProviderAdapter.java:45)
	at InternalInjectorCreator.loadEagerSingletons(InternalInjectorCreator.java:213)
	at InternalInjectorCreator.injectDynamically(InternalInjectorCreator.java:186)
	at InternalInjectorCreator.build(InternalInjectorCreator.java:113)
	at Guice.createInjector(Guice.java:87)
	at Bootstrap.initialize(Bootstrap.java:366)
	at Server.doStart(Server.java:124)
	at Server.lambda$start$0(Server.java:79)
	at io.trino.$gen.Trino_479____20260507_184053_1.run(Unknown Source)
	at Server.start(Server.java:79)
	at TrinoServer.main(TrinoServer.java:37)

35) [Guice/ErrorInjectingConstructor]: IllegalArgumentException: Invalid memory configuration. The sum of max query memory per node (4294967296) and heap headroom (1073741824) cannot be larger than the available heap memory (4294967296)
  at LocalMemoryManager.<init>(LocalMemoryManager.java:44)
  at java.base/DirectMethodHandleAccessor.invoke(DirectMethodHandleAccessor.java:104)
  at SqlTaskManager.<init>(SqlTaskManager.java:161)
      \_ for 8th parameter localMemoryManager
  at java.base/DirectMethodHandleAccessor.invoke(DirectMethodHandleAccessor.java:104)
  at TaskSystemTable.<init>(TaskSystemTable.java:88)
      \_ for 1st parameter taskManager
  while locating TaskSystemTable
  at SystemConnectorModule.configure(SystemConnectorModule.java:48)
      \_ installed by: ServerMainModule -> SystemConnectorModule
  while locating SystemTable annotated with @Element(setName=,uniqueId=868, type=MULTIBINDER, keyType=)

Learn more:
  https://github.com/google/guice/wiki/ERROR_INJECTING_CONSTRUCTOR
Caused by: IllegalArgumentException: Invalid memory configuration. The sum of max query memory per node (4294967296) and heap headroom (1073741824) cannot be larger than the available heap memory (4294967296)
	at LocalMemoryManager.validateHeapHeadroom(LocalMemoryManager.java:64)
	at LocalMemoryManager.<init>(LocalMemoryManager.java:50)
	at LocalMemoryManager.<init>(LocalMemoryManager.java:44)
	at LocalMemoryManager$$FastClassByGuice$$7900c4b.GUICE$TRAMPOLINE(<generated>)
	at LocalMemoryManager$$FastClassByGuice$$7900c4b.apply(<generated>)
	at DefaultConstructionProxyFactory$FastClassProxy.newInstance(DefaultConstructionProxyFactory.java:82)
	at ConstructorInjector.provision(ConstructorInjector.java:114)
	at ConstructorInjector.access$000(ConstructorInjector.java:33)
	at ConstructorInjector$1.call(ConstructorInjector.java:98)
	at ProvisionListenerStackCallback$Provision.provision(ProvisionListenerStackCallback.java:109)
	at LifeCycleModule.provision(LifeCycleModule.java:70)
	at ProvisionListenerStackCallback$Provision.provision(ProvisionListenerStackCallback.java:117)
	at ProvisionListenerStackCallback.provision(ProvisionListenerStackCallback.java:66)
	at ConstructorInjector.construct(ConstructorInjector.java:93)
	at ConstructorBindingImpl$Factory.get(ConstructorBindingImpl.java:300)
	at ProviderToInternalFactoryAdapter.get(ProviderToInternalFactoryAdapter.java:40)
	at SingletonScope$1.get(SingletonScope.java:169)
	at InternalFactoryToProviderAdapter.get(InternalFactoryToProviderAdapter.java:45)
	at SingleParameterInjector.inject(SingleParameterInjector.java:40)
	at SingleParameterInjector.getAll(SingleParameterInjector.java:60)
	at ConstructorInjector.provision(ConstructorInjector.java:113)
	at ConstructorInjector.access$000(ConstructorInjector.java:33)
	at ConstructorInjector$1.call(ConstructorInjector.java:98)
	at ProvisionListenerStackCallback$Provision.provision(ProvisionListenerStackCallback.java:109)
	at LifeCycleModule.provision(LifeCycleModule.java:70)
	at ProvisionListenerStackCallback$Provision.provision(ProvisionListenerStackCallback.java:117)
	at ProvisionListenerStackCallback.provision(ProvisionListenerStackCallback.java:66)
	at ConstructorInjector.construct(ConstructorInjector.java:93)
	at ConstructorBindingImpl$Factory.get(ConstructorBindingImpl.java:300)
	at ProviderToInternalFactoryAdapter.get(ProviderToInternalFactoryAdapter.java:40)
	at SingletonScope$1.get(SingletonScope.java:169)
	at InternalFactoryToProviderAdapter.get(InternalFactoryToProviderAdapter.java:45)
	at SingleParameterInjector.inject(SingleParameterInjector.java:40)
	at SingleParameterInjector.getAll(SingleParameterInjector.java:60)
	at ConstructorInjector.provision(ConstructorInjector.java:113)
	at ConstructorInjector.access$000(ConstructorInjector.java:33)
	at ConstructorInjector$1.call(ConstructorInjector.java:98)
	at ProvisionListenerStackCallback$Provision.provision(ProvisionListenerStackCallback.java:109)
	at LifeCycleModule.provision(LifeCycleModule.java:70)
	at ProvisionListenerStackCallback$Provision.provision(ProvisionListenerStackCallback.java:117)
	at ProvisionListenerStackCallback.provision(ProvisionListenerStackCallback.java:66)
	at ConstructorInjector.construct(ConstructorInjector.java:93)
	at ConstructorBindingImpl$Factory.get(ConstructorBindingImpl.java:300)
	at FactoryProxy.get(FactoryProxy.java:60)
	at ProviderToInternalFactoryAdapter.get(ProviderToInternalFactoryAdapter.java:40)
	at SingletonScope$1.get(SingletonScope.java:169)
	at InternalFactoryToProviderAdapter.get(InternalFactoryToProviderAdapter.java:45)
	at InternalInjectorCreator.loadEagerSingletons(InternalInjectorCreator.java:213)
	at InternalInjectorCreator.injectDynamically(InternalInjectorCreator.java:186)
	at InternalInjectorCreator.build(InternalInjectorCreator.java:113)
	at Guice.createInjector(Guice.java:87)
	at Bootstrap.initialize(Bootstrap.java:366)
	at Server.doStart(Server.java:124)
	at Server.lambda$start$0(Server.java:79)
	at io.trino.$gen.Trino_479____20260507_184053_1.run(Unknown Source)
	at Server.start(Server.java:79)
	at TrinoServer.main(TrinoServer.java:37)

36) [Guice/ErrorInjectingConstructor]: IllegalArgumentException: Invalid memory configuration. The sum of max query memory per node (4294967296) and heap headroom (1073741824) cannot be larger than the available heap memory (4294967296)
  at LocalMemoryManager.<init>(LocalMemoryManager.java:44)
  at java.base/DirectMethodHandleAccessor.invoke(DirectMethodHandleAccessor.java:104)
  at SqlTaskManager.<init>(SqlTaskManager.java:161)
      \_ for 8th parameter localMemoryManager
  at java.base/DirectMethodHandleAccessor.invoke(DirectMethodHandleAccessor.java:104)
  at SqlQueryExecution$SqlQueryExecutionFactory.<init>(SqlQueryExecution.java:838)
      \_ for 26th parameter coordinatorTaskManager
  at QueryExecutionFactoryModule.configure(QueryExecutionFactoryModule.java:145)
      \_ installed by: ServerMainModule -> CoordinatorModule -> QueryExecutionFactoryModule
  while locating SqlQueryExecution$SqlQueryExecutionFactory
  at QueryExecutionFactoryModule.configure(QueryExecutionFactoryModule.java:147)
      \_ installed by: ServerMainModule -> CoordinatorModule -> QueryExecutionFactoryModule
  while locating QueryExecution$QueryExecutionFactory<?> annotated with @Element(setName=,uniqueId=552, type=MAPBINDER, keyType=Class<? extends Statement>)
  at LocalDispatchQueryFactory.<init>(LocalDispatchQueryFactory.java:93)
      \_ for 9th parameter executionFactories
  while locating LocalDispatchQueryFactory
  at DispatchManager.<init>(DispatchManager.java:114)
      \_ for 4th parameter dispatchQueryFactory
  at java.base/DirectMethodHandleAccessor.invoke(DirectMethodHandleAccessor.java:104)
      \_ installed by: ServerMainModule -> CoordinatorModule
  while locating DispatchManager
  at KillQueryProcedure.<init>(KillQueryProcedure.java:57)
      \_ for 1st parameter dispatchManager
  at SystemConnectorModule.configure(SystemConnectorModule.java:80)
      \_ installed by: ServerMainModule -> SystemConnectorModule
  while locating KillQueryProcedure
  at SystemConnectorModule.configure(SystemConnectorModule.java:78)
      \_ installed by: ServerMainModule -> SystemConnectorModule
  while locating Procedure annotated with @Element(setName=,uniqueId=895, type=MULTIBINDER, keyType=)

Learn more:
  https://github.com/google/guice/wiki/ERROR_INJECTING_CONSTRUCTOR
Caused by: IllegalArgumentException: Invalid memory configuration. The sum of max query memory per node (4294967296) and heap headroom (1073741824) cannot be larger than the available heap memory (4294967296)
	at LocalMemoryManager.validateHeapHeadroom(LocalMemoryManager.java:64)
	at LocalMemoryManager.<init>(LocalMemoryManager.java:50)
	at LocalMemoryManager.<init>(LocalMemoryManager.java:44)
	at LocalMemoryManager$$FastClassByGuice$$7900c4b.GUICE$TRAMPOLINE(<generated>)
	at LocalMemoryManager$$FastClassByGuice$$7900c4b.apply(<generated>)
	at DefaultConstructionProxyFactory$FastClassProxy.newInstance(DefaultConstructionProxyFactory.java:82)
	at ConstructorInjector.provision(ConstructorInjector.java:114)
	at ConstructorInjector.access$000(ConstructorInjector.java:33)
	at ConstructorInjector$1.call(ConstructorInjector.java:98)
	at ProvisionListenerStackCallback$Provision.provision(ProvisionListenerStackCallback.java:109)
	at LifeCycleModule.provision(LifeCycleModule.java:70)
	at ProvisionListenerStackCallback$Provision.provision(ProvisionListenerStackCallback.java:117)
	at ProvisionListenerStackCallback.provision(ProvisionListenerStackCallback.java:66)
	at ConstructorInjector.construct(ConstructorInjector.java:93)
	at ConstructorBindingImpl$Factory.get(ConstructorBindingImpl.java:300)
	at ProviderToInternalFactoryAdapter.get(ProviderToInternalFactoryAdapter.java:40)
	at SingletonScope$1.get(SingletonScope.java:169)
	at InternalFactoryToProviderAdapter.get(InternalFactoryToProviderAdapter.java:45)
	at SingleParameterInjector.inject(SingleParameterInjector.java:40)
	at SingleParameterInjector.getAll(SingleParameterInjector.java:60)
	at ConstructorInjector.provision(ConstructorInjector.java:113)
	at ConstructorInjector.access$000(ConstructorInjector.java:33)
	at ConstructorInjector$1.call(ConstructorInjector.java:98)
	at ProvisionListenerStackCallback$Provision.provision(ProvisionListenerStackCallback.java:109)
	at LifeCycleModule.provision(LifeCycleModule.java:70)
	at ProvisionListenerStackCallback$Provision.provision(ProvisionListenerStackCallback.java:117)
	at ProvisionListenerStackCallback.provision(ProvisionListenerStackCallback.java:66)
	at ConstructorInjector.construct(ConstructorInjector.java:93)
	at ConstructorBindingImpl$Factory.get(ConstructorBindingImpl.java:300)
	at ProviderToInternalFactoryAdapter.get(ProviderToInternalFactoryAdapter.java:40)
	at SingletonScope$1.get(SingletonScope.java:169)
	at InternalFactoryToProviderAdapter.get(InternalFactoryToProviderAdapter.java:45)
	at SingleParameterInjector.inject(SingleParameterInjector.java:40)
	at SingleParameterInjector.getAll(SingleParameterInjector.java:60)
	at ConstructorInjector.provision(ConstructorInjector.java:113)
	at ConstructorInjector.access$000(ConstructorInjector.java:33)
	at ConstructorInjector$1.call(ConstructorInjector.java:98)
	at ProvisionListenerStackCallback$Provision.provision(ProvisionListenerStackCallback.java:109)
	at LifeCycleModule.provision(LifeCycleModule.java:70)
	at ProvisionListenerStackCallback$Provision.provision(ProvisionListenerStackCallback.java:117)
	at ProvisionListenerStackCallback.provision(ProvisionListenerStackCallback.java:66)
	at ConstructorInjector.construct(ConstructorInjector.java:93)
	at ConstructorBindingImpl$Factory.get(ConstructorBindingImpl.java:300)
	at ProviderToInternalFactoryAdapter.get(ProviderToInternalFactoryAdapter.java:40)
	at SingletonScope$1.get(SingletonScope.java:169)
	at InternalFactoryToProviderAdapter.get(InternalFactoryToProviderAdapter.java:45)
	at FactoryProxy.get(FactoryProxy.java:60)
	at ProviderToInternalFactoryAdapter.get(ProviderToInternalFactoryAdapter.java:40)
	at SingletonScope$1.get(SingletonScope.java:169)
	at InternalFactoryToProviderAdapter.get(InternalFactoryToProviderAdapter.java:45)
	at SingleParameterInjector.inject(SingleParameterInjector.java:40)
	at RealMapBinder$ExtensionRealMapProvider.doProvision(RealMapBinder.java:808)
	at RealMapBinder$ExtensionRealMapProvider.doProvision(RealMapBinder.java:743)
	at InternalProviderInstanceBindingImpl$Factory$1.call(InternalProviderInstanceBindingImpl.java:120)
	at ProvisionListenerStackCallback$Provision.provision(ProvisionListenerStackCallback.java:109)
	at LifeCycleModule.provision(LifeCycleModule.java:70)
	at ProvisionListenerStackCallback$Provision.provision(ProvisionListenerStackCallback.java:117)
	at ProvisionListenerStackCallback.provision(ProvisionListenerStackCallback.java:66)
	at InternalProviderInstanceBindingImpl$Factory.get(InternalProviderInstanceBindingImpl.java:115)
	at SingleParameterInjector.inject(SingleParameterInjector.java:40)
	at SingleParameterInjector.getAll(SingleParameterInjector.java:60)
	at ConstructorInjector.provision(ConstructorInjector.java:113)
	at ConstructorInjector.access$000(ConstructorInjector.java:33)
	at ConstructorInjector$1.call(ConstructorInjector.java:98)
	at ProvisionListenerStackCallback$Provision.provision(ProvisionListenerStackCallback.java:109)
	at LifeCycleModule.provision(LifeCycleModule.java:70)
	at ProvisionListenerStackCallback$Provision.provision(ProvisionListenerStackCallback.java:117)
	at ProvisionListenerStackCallback.provision(ProvisionListenerStackCallback.java:66)
	at ConstructorInjector.construct(ConstructorInjector.java:93)
	at ConstructorBindingImpl$Factory.get(ConstructorBindingImpl.java:300)
	at FactoryProxy.get(FactoryProxy.java:60)
	at SingleParameterInjector.inject(SingleParameterInjector.java:40)
	at SingleParameterInjector.getAll(SingleParameterInjector.java:60)
	at ConstructorInjector.provision(ConstructorInjector.java:113)
	at ConstructorInjector.access$000(ConstructorInjector.java:33)
	at ConstructorInjector$1.call(ConstructorInjector.java:98)
	at ProvisionListenerStackCallback$Provision.provision(ProvisionListenerStackCallback.java:109)
	at LifeCycleModule.provision(LifeCycleModule.java:70)
	at ProvisionListenerStackCallback$Provision.provision(ProvisionListenerStackCallback.java:117)
	at ProvisionListenerStackCallback.provision(ProvisionListenerStackCallback.java:66)
	at ConstructorInjector.construct(ConstructorInjector.java:93)
	at ConstructorBindingImpl$Factory.get(ConstructorBindingImpl.java:300)
	at ProviderToInternalFactoryAdapter.get(ProviderToInternalFactoryAdapter.java:40)
	at SingletonScope$1.get(SingletonScope.java:169)
	at InternalFactoryToProviderAdapter.get(InternalFactoryToProviderAdapter.java:45)
	at RealOptionalBinder$JavaOptionalProvider.doProvision(RealOptionalBinder.java:269)
	at RealOptionalBinder$JavaOptionalProvider.doProvision(RealOptionalBinder.java:231)
	at InternalProviderInstanceBindingImpl$Factory$1.call(InternalProviderInstanceBindingImpl.java:120)
	at ProvisionListenerStackCallback$Provision.provision(ProvisionListenerStackCallback.java:109)
	at LifeCycleModule.provision(LifeCycleModule.java:70)
	at ProvisionListenerStackCallback$Provision.provision(ProvisionListenerStackCallback.java:117)
	at ProvisionListenerStackCallback.provision(ProvisionListenerStackCallback.java:66)
	at InternalProviderInstanceBindingImpl$Factory.get(InternalProviderInstanceBindingImpl.java:115)
	at SingleParameterInjector.inject(SingleParameterInjector.java:40)
	at SingleParameterInjector.getAll(SingleParameterInjector.java:60)
	at ConstructorInjector.provision(ConstructorInjector.java:113)
	at ConstructorInjector.access$000(ConstructorInjector.java:33)
	at ConstructorInjector$1.call(ConstructorInjector.java:98)
	at ProvisionListenerStackCallback$Provision.provision(ProvisionListenerStackCallback.java:109)
	at LifeCycleModule.provision(LifeCycleModule.java:70)
	at ProvisionListenerStackCallback$Provision.provision(ProvisionListenerStackCallback.java:117)
	at ProvisionListenerStackCallback.provision(ProvisionListenerStackCallback.java:66)
	at ConstructorInjector.construct(ConstructorInjector.java:93)
	at ConstructorBindingImpl$Factory.get(ConstructorBindingImpl.java:300)
	at ProviderToInternalFactoryAdapter.get(ProviderToInternalFactoryAdapter.java:40)
	at SingletonScope$1.get(SingletonScope.java:169)
	at InternalFactoryToProviderAdapter.get(InternalFactoryToProviderAdapter.java:45)
	at BoundProviderFactory.get(BoundProviderFactory.java:58)
	at ProviderToInternalFactoryAdapter.get(ProviderToInternalFactoryAdapter.java:40)
	at SingletonScope$1.get(SingletonScope.java:169)
	at InternalFactoryToProviderAdapter.get(InternalFactoryToProviderAdapter.java:45)
	at InternalInjectorCreator.loadEagerSingletons(InternalInjectorCreator.java:213)
	at InternalInjectorCreator.injectDynamically(InternalInjectorCreator.java:186)
	at InternalInjectorCreator.build(InternalInjectorCreator.java:113)
	at Guice.createInjector(Guice.java:87)
	at Bootstrap.initialize(Bootstrap.java:366)
	at Server.doStart(Server.java:124)
	at Server.lambda$start$0(Server.java:79)
	at io.trino.$gen.Trino_479____20260507_184053_1.run(Unknown Source)
	at Server.start(Server.java:79)
	at TrinoServer.main(TrinoServer.java:37)

37) [Guice/ErrorInjectingConstructor]: IllegalArgumentException: Invalid memory configuration. The sum of max query memory per node (4294967296) and heap headroom (1073741824) cannot be larger than the available heap memory (4294967296)
  at LocalMemoryManager.<init>(LocalMemoryManager.java:44)
  at java.base/DirectMethodHandleAccessor.invoke(DirectMethodHandleAccessor.java:104)
  at SqlTaskManager.<init>(SqlTaskManager.java:161)
      \_ for 8th parameter localMemoryManager
  at java.base/DirectMethodHandleAccessor.invoke(DirectMethodHandleAccessor.java:104)
  at NodeStateManager.<init>(NodeStateManager.java:86)
      \_ for 2nd parameter sqlTaskManager
  at java.base/DirectMethodHandleAccessor.invoke(DirectMethodHandleAccessor.java:104)
  at ServerInfoResource.<init>(ServerInfoResource.java:64)
      \_ for 4th parameter nodeStateManager
  at ServerMainModule.setup(ServerMainModule.java:422)
  while locating ServerInfoResource
  at java.base/DirectMethodHandleAccessor.invoke(DirectMethodHandleAccessor.java:104)
  while locating Object annotated with @Element(setName=,uniqueId=904, type=MULTIBINDER, keyType=)

Learn more:
  https://github.com/google/guice/wiki/ERROR_INJECTING_CONSTRUCTOR
Caused by: IllegalArgumentException: Invalid memory configuration. The sum of max query memory per node (4294967296) and heap headroom (1073741824) cannot be larger than the available heap memory (4294967296)
	at LocalMemoryManager.validateHeapHeadroom(LocalMemoryManager.java:64)
	at LocalMemoryManager.<init>(LocalMemoryManager.java:50)
	at LocalMemoryManager.<init>(LocalMemoryManager.java:44)
	at LocalMemoryManager$$FastClassByGuice$$7900c4b.GUICE$TRAMPOLINE(<generated>)
	at LocalMemoryManager$$FastClassByGuice$$7900c4b.apply(<generated>)
	at DefaultConstructionProxyFactory$FastClassProxy.newInstance(DefaultConstructionProxyFactory.java:82)
	at ConstructorInjector.provision(ConstructorInjector.java:114)
	at ConstructorInjector.access$000(ConstructorInjector.java:33)
	at ConstructorInjector$1.call(ConstructorInjector.java:98)
	at ProvisionListenerStackCallback$Provision.provision(ProvisionListenerStackCallback.java:109)
	at LifeCycleModule.provision(LifeCycleModule.java:70)
	at ProvisionListenerStackCallback$Provision.provision(ProvisionListenerStackCallback.java:117)
	at ProvisionListenerStackCallback.provision(ProvisionListenerStackCallback.java:66)
	at ConstructorInjector.construct(ConstructorInjector.java:93)
	at ConstructorBindingImpl$Factory.get(ConstructorBindingImpl.java:300)
	at ProviderToInternalFactoryAdapter.get(ProviderToInternalFactoryAdapter.java:40)
	at SingletonScope$1.get(SingletonScope.java:169)
	at InternalFactoryToProviderAdapter.get(InternalFactoryToProviderAdapter.java:45)
	at SingleParameterInjector.inject(SingleParameterInjector.java:40)
	at SingleParameterInjector.getAll(SingleParameterInjector.java:60)
	at ConstructorInjector.provision(ConstructorInjector.java:113)
	at ConstructorInjector.access$000(ConstructorInjector.java:33)
	at ConstructorInjector$1.call(ConstructorInjector.java:98)
	at ProvisionListenerStackCallback$Provision.provision(ProvisionListenerStackCallback.java:109)
	at LifeCycleModule.provision(LifeCycleModule.java:70)
	at ProvisionListenerStackCallback$Provision.provision(ProvisionListenerStackCallback.java:117)
	at ProvisionListenerStackCallback.provision(ProvisionListenerStackCallback.java:66)
	at ConstructorInjector.construct(ConstructorInjector.java:93)
	at ConstructorBindingImpl$Factory.get(ConstructorBindingImpl.java:300)
	at ProviderToInternalFactoryAdapter.get(ProviderToInternalFactoryAdapter.java:40)
	at SingletonScope$1.get(SingletonScope.java:169)
	at InternalFactoryToProviderAdapter.get(InternalFactoryToProviderAdapter.java:45)
	at SingleParameterInjector.inject(SingleParameterInjector.java:40)
	at SingleParameterInjector.getAll(SingleParameterInjector.java:60)
	at ConstructorInjector.provision(ConstructorInjector.java:113)
	at ConstructorInjector.access$000(ConstructorInjector.java:33)
	at ConstructorInjector$1.call(ConstructorInjector.java:98)
	at ProvisionListenerStackCallback$Provision.provision(ProvisionListenerStackCallback.java:109)
	at LifeCycleModule.provision(LifeCycleModule.java:70)
	at ProvisionListenerStackCallback$Provision.provision(ProvisionListenerStackCallback.java:117)
	at ProvisionListenerStackCallback.provision(ProvisionListenerStackCallback.java:66)
	at ConstructorInjector.construct(ConstructorInjector.java:93)
	at ConstructorBindingImpl$Factory.get(ConstructorBindingImpl.java:300)
	at ProviderToInternalFactoryAdapter.get(ProviderToInternalFactoryAdapter.java:40)
	at SingletonScope$1.get(SingletonScope.java:169)
	at InternalFactoryToProviderAdapter.get(InternalFactoryToProviderAdapter.java:45)
	at SingleParameterInjector.inject(SingleParameterInjector.java:40)
	at SingleParameterInjector.getAll(SingleParameterInjector.java:60)
	at ConstructorInjector.provision(ConstructorInjector.java:113)
	at ConstructorInjector.access$000(ConstructorInjector.java:33)
	at ConstructorInjector$1.call(ConstructorInjector.java:98)
	at ProvisionListenerStackCallback$Provision.provision(ProvisionListenerStackCallback.java:109)
	at LifeCycleModule.provision(LifeCycleModule.java:70)
	at ProvisionListenerStackCallback$Provision.provision(ProvisionListenerStackCallback.java:117)
	at ProvisionListenerStackCallback.provision(ProvisionListenerStackCallback.java:66)
	at ConstructorInjector.construct(ConstructorInjector.java:93)
	at ConstructorBindingImpl$Factory.get(ConstructorBindingImpl.java:300)
	at ProviderToInternalFactoryAdapter.get(ProviderToInternalFactoryAdapter.java:40)
	at SingletonScope$1.get(SingletonScope.java:169)
	at InternalFactoryToProviderAdapter.get(InternalFactoryToProviderAdapter.java:45)
	at FactoryProxy.get(FactoryProxy.java:60)
	at ProviderToInternalFactoryAdapter.get(ProviderToInternalFactoryAdapter.java:40)
	at SingletonScope$1.get(SingletonScope.java:169)
	at InternalFactoryToProviderAdapter.get(InternalFactoryToProviderAdapter.java:45)
	at InternalInjectorCreator.loadEagerSingletons(InternalInjectorCreator.java:213)
	at InternalInjectorCreator.injectDynamically(InternalInjectorCreator.java:186)
	at InternalInjectorCreator.build(InternalInjectorCreator.java:113)
	at Guice.createInjector(Guice.java:87)
	at Bootstrap.initialize(Bootstrap.java:366)
	at Server.doStart(Server.java:124)
	at Server.lambda$start$0(Server.java:79)
	at io.trino.$gen.Trino_479____20260507_184053_1.run(Unknown Source)
	at Server.start(Server.java:79)
	at TrinoServer.main(TrinoServer.java:37)

38) [Guice/ErrorInjectingConstructor]: IllegalArgumentException: Invalid memory configuration. The sum of max query memory per node (4294967296) and heap headroom (1073741824) cannot be larger than the available heap memory (4294967296)
  at LocalMemoryManager.<init>(LocalMemoryManager.java:44)
  at java.base/DirectMethodHandleAccessor.invoke(DirectMethodHandleAccessor.java:104)
  at StatusResource.<init>(StatusResource.java:53)
      \_ for 4th parameter memoryManager
  at ServerMainModule.setup(ServerMainModule.java:426)
  while locating StatusResource
  at java.base/DirectMethodHandleAccessor.invoke(DirectMethodHandleAccessor.java:104)
  while locating Object annotated with @Element(setName=,uniqueId=905, type=MULTIBINDER, keyType=)

Learn more:
  https://github.com/google/guice/wiki/ERROR_INJECTING_CONSTRUCTOR
Caused by: IllegalArgumentException (same stack trace as error #33)
39) [Guice/ErrorInjectingConstructor]: IllegalArgumentException: Invalid memory configuration. The sum of max query memory per node (4294967296) and heap headroom (1073741824) cannot be larger than the available heap memory (4294967296)
  at LocalMemoryManager.<init>(LocalMemoryManager.java:44)
  at java.base/DirectMethodHandleAccessor.invoke(DirectMethodHandleAccessor.java:104)
  at SqlTaskManager.<init>(SqlTaskManager.java:161)
      \_ for 8th parameter localMemoryManager
  at java.base/DirectMethodHandleAccessor.invoke(DirectMethodHandleAccessor.java:104)
  at SqlQueryExecution$SqlQueryExecutionFactory.<init>(SqlQueryExecution.java:838)
      \_ for 26th parameter coordinatorTaskManager
  at QueryExecutionFactoryModule.configure(QueryExecutionFactoryModule.java:145)
      \_ installed by: ServerMainModule -> CoordinatorModule -> QueryExecutionFactoryModule
  while locating SqlQueryExecution$SqlQueryExecutionFactory
  at QueryExecutionFactoryModule.configure(QueryExecutionFactoryModule.java:147)
      \_ installed by: ServerMainModule -> CoordinatorModule -> QueryExecutionFactoryModule
  while locating QueryExecution$QueryExecutionFactory<?> annotated with @Element(setName=,uniqueId=552, type=MAPBINDER, keyType=Class<? extends Statement>)
  at LocalDispatchQueryFactory.<init>(LocalDispatchQueryFactory.java:93)
      \_ for 9th parameter executionFactories
  while locating LocalDispatchQueryFactory
  at DispatchManager.<init>(DispatchManager.java:114)
      \_ for 4th parameter dispatchQueryFactory
  at java.base/DirectMethodHandleAccessor.invoke(DirectMethodHandleAccessor.java:104)
      \_ installed by: ServerMainModule -> CoordinatorModule
  at ClusterStatsResource.<init>(ClusterStatsResource.java:50)
      \_ for 3rd parameter dispatchManager
  at WebUiModule.setup(WebUiModule.java:36)
      \_ installed by: ServerMainModule -> CoordinatorModule -> WebUiModule
  while locating ClusterStatsResource
  at java.base/DirectMethodHandleAccessor.invoke(DirectMethodHandleAccessor.java:104)
      \_ installed by: ServerMainModule -> CoordinatorModule -> WebUiModule
  while locating Object annotated with @Element(setName=,uniqueId=508, type=MULTIBINDER, keyType=)
  while locating Set<Object>
  at java.base/DirectMethodHandleAccessor.invoke(DirectMethodHandleAccessor.java:104)
  while locating ResourceConfig
  at java.base/DirectMethodHandleAccessor.invoke(DirectMethodHandleAccessor.java:104)
  while locating Servlet
  at java.base/DirectMethodHandleAccessor.invoke(DirectMethodHandleAccessor.java:104)
  while locating HttpServer
  at GuiceMBeanExporter.<init>(GuiceMBeanExporter.java:40)
  at MBeanModule.configure(MBeanModule.java:39)
  while locating GuiceMBeanExporter

Learn more:
  https://github.com/google/guice/wiki/ERROR_INJECTING_CONSTRUCTOR
Caused by: IllegalArgumentException: Invalid memory configuration. The sum of max query memory per node (4294967296) and heap headroom (1073741824) cannot be larger than the available heap memory (4294967296)
	at LocalMemoryManager.validateHeapHeadroom(LocalMemoryManager.java:64)
	at LocalMemoryManager.<init>(LocalMemoryManager.java:50)
	at LocalMemoryManager.<init>(LocalMemoryManager.java:44)
	at LocalMemoryManager$$FastClassByGuice$$7900c4b.GUICE$TRAMPOLINE(<generated>)
	at LocalMemoryManager$$FastClassByGuice$$7900c4b.apply(<generated>)
	at DefaultConstructionProxyFactory$FastClassProxy.newInstance(DefaultConstructionProxyFactory.java:82)
	at ConstructorInjector.provision(ConstructorInjector.java:114)
	at ConstructorInjector.access$000(ConstructorInjector.java:33)
	at ConstructorInjector$1.call(ConstructorInjector.java:98)
	at ProvisionListenerStackCallback$Provision.provision(ProvisionListenerStackCallback.java:109)
	at LifeCycleModule.provision(LifeCycleModule.java:70)
	at ProvisionListenerStackCallback$Provision.provision(ProvisionListenerStackCallback.java:117)
	at ProvisionListenerStackCallback.provision(ProvisionListenerStackCallback.java:66)
	at ConstructorInjector.construct(ConstructorInjector.java:93)
	at ConstructorBindingImpl$Factory.get(ConstructorBindingImpl.java:300)
	at ProviderToInternalFactoryAdapter.get(ProviderToInternalFactoryAdapter.java:40)
	at SingletonScope$1.get(SingletonScope.java:169)
	at InternalFactoryToProviderAdapter.get(InternalFactoryToProviderAdapter.java:45)
	at SingleParameterInjector.inject(SingleParameterInjector.java:40)
	at SingleParameterInjector.getAll(SingleParameterInjector.java:60)
	at ConstructorInjector.provision(ConstructorInjector.java:113)
	at ConstructorInjector.access$000(ConstructorInjector.java:33)
	at ConstructorInjector$1.call(ConstructorInjector.java:98)
	at ProvisionListenerStackCallback$Provision.provision(ProvisionListenerStackCallback.java:109)
	at LifeCycleModule.provision(LifeCycleModule.java:70)
	at ProvisionListenerStackCallback$Provision.provision(ProvisionListenerStackCallback.java:117)
	at ProvisionListenerStackCallback.provision(ProvisionListenerStackCallback.java:66)
	at ConstructorInjector.construct(ConstructorInjector.java:93)
	at ConstructorBindingImpl$Factory.get(ConstructorBindingImpl.java:300)
	at ProviderToInternalFactoryAdapter.get(ProviderToInternalFactoryAdapter.java:40)
	at SingletonScope$1.get(SingletonScope.java:169)
	at InternalFactoryToProviderAdapter.get(InternalFactoryToProviderAdapter.java:45)
	at SingleParameterInjector.inject(SingleParameterInjector.java:40)
	at SingleParameterInjector.getAll(SingleParameterInjector.java:60)
	at ConstructorInjector.provision(ConstructorInjector.java:113)
	at ConstructorInjector.access$000(ConstructorInjector.java:33)
	at ConstructorInjector$1.call(ConstructorInjector.java:98)
	at ProvisionListenerStackCallback$Provision.provision(ProvisionListenerStackCallback.java:109)
	at LifeCycleModule.provision(LifeCycleModule.java:70)
	at ProvisionListenerStackCallback$Provision.provision(ProvisionListenerStackCallback.java:117)
	at ProvisionListenerStackCallback.provision(ProvisionListenerStackCallback.java:66)
	at ConstructorInjector.construct(ConstructorInjector.java:93)
	at ConstructorBindingImpl$Factory.get(ConstructorBindingImpl.java:300)
	at ProviderToInternalFactoryAdapter.get(ProviderToInternalFactoryAdapter.java:40)
	at SingletonScope$1.get(SingletonScope.java:169)
	at InternalFactoryToProviderAdapter.get(InternalFactoryToProviderAdapter.java:45)
	at FactoryProxy.get(FactoryProxy.java:60)
	at ProviderToInternalFactoryAdapter.get(ProviderToInternalFactoryAdapter.java:40)
	at SingletonScope$1.get(SingletonScope.java:169)
	at InternalFactoryToProviderAdapter.get(InternalFactoryToProviderAdapter.java:45)
	at SingleParameterInjector.inject(SingleParameterInjector.java:40)
	at RealMapBinder$ExtensionRealMapProvider.doProvision(RealMapBinder.java:808)
	at RealMapBinder$ExtensionRealMapProvider.doProvision(RealMapBinder.java:743)
	at InternalProviderInstanceBindingImpl$Factory$1.call(InternalProviderInstanceBindingImpl.java:120)
	at ProvisionListenerStackCallback$Provision.provision(ProvisionListenerStackCallback.java:109)
	at LifeCycleModule.provision(LifeCycleModule.java:70)
	at ProvisionListenerStackCallback$Provision.provision(ProvisionListenerStackCallback.java:117)
	at ProvisionListenerStackCallback.provision(ProvisionListenerStackCallback.java:66)
	at InternalProviderInstanceBindingImpl$Factory.get(InternalProviderInstanceBindingImpl.java:115)
	at SingleParameterInjector.inject(SingleParameterInjector.java:40)
	at SingleParameterInjector.getAll(SingleParameterInjector.java:60)
	at ConstructorInjector.provision(ConstructorInjector.java:113)
	at ConstructorInjector.access$000(ConstructorInjector.java:33)
	at ConstructorInjector$1.call(ConstructorInjector.java:98)
	at ProvisionListenerStackCallback$Provision.provision(ProvisionListenerStackCallback.java:109)
	at LifeCycleModule.provision(LifeCycleModule.java:70)
	at ProvisionListenerStackCallback$Provision.provision(ProvisionListenerStackCallback.java:117)
	at ProvisionListenerStackCallback.provision(ProvisionListenerStackCallback.java:66)
	at ConstructorInjector.construct(ConstructorInjector.java:93)
	at ConstructorBindingImpl$Factory.get(ConstructorBindingImpl.java:300)
	at FactoryProxy.get(FactoryProxy.java:60)
	at SingleParameterInjector.inject(SingleParameterInjector.java:40)
	at SingleParameterInjector.getAll(SingleParameterInjector.java:60)
	at ConstructorInjector.provision(ConstructorInjector.java:113)
	at ConstructorInjector.access$000(ConstructorInjector.java:33)
	at ConstructorInjector$1.call(ConstructorInjector.java:98)
	at ProvisionListenerStackCallback$Provision.provision(ProvisionListenerStackCallback.java:109)
	at LifeCycleModule.provision(LifeCycleModule.java:70)
	at ProvisionListenerStackCallback$Provision.provision(ProvisionListenerStackCallback.java:117)
	at ProvisionListenerStackCallback.provision(ProvisionListenerStackCallback.java:66)
	at ConstructorInjector.construct(ConstructorInjector.java:93)
	at ConstructorBindingImpl$Factory.get(ConstructorBindingImpl.java:300)
	at ProviderToInternalFactoryAdapter.get(ProviderToInternalFactoryAdapter.java:40)
	at SingletonScope$1.get(SingletonScope.java:169)
	at InternalFactoryToProviderAdapter.get(InternalFactoryToProviderAdapter.java:45)
	at SingleParameterInjector.inject(SingleParameterInjector.java:40)
	at SingleParameterInjector.getAll(SingleParameterInjector.java:60)
	at ConstructorInjector.provision(ConstructorInjector.java:113)
	at ConstructorInjector.access$000(ConstructorInjector.java:33)
	at ConstructorInjector$1.call(ConstructorInjector.java:98)
	at ProvisionListenerStackCallback$Provision.provision(ProvisionListenerStackCallback.java:109)
	at LifeCycleModule.provision(LifeCycleModule.java:70)
	at ProvisionListenerStackCallback$Provision.provision(ProvisionListenerStackCallback.java:117)
	at ProvisionListenerStackCallback.provision(ProvisionListenerStackCallback.java:66)
	at ConstructorInjector.construct(ConstructorInjector.java:93)
	at ConstructorBindingImpl$Factory.get(ConstructorBindingImpl.java:300)
	at ProviderToInternalFactoryAdapter.get(ProviderToInternalFactoryAdapter.java:40)
	at SingletonScope$1.get(SingletonScope.java:169)
	at InternalFactoryToProviderAdapter.get(InternalFactoryToProviderAdapter.java:45)
	at FactoryProxy.get(FactoryProxy.java:60)
	at ProviderToInternalFactoryAdapter.get(ProviderToInternalFactoryAdapter.java:40)
	at SingletonScope$1.get(SingletonScope.java:169)
	at InternalFactoryToProviderAdapter.get(InternalFactoryToProviderAdapter.java:45)
	at SingleParameterInjector.inject(SingleParameterInjector.java:40)
	at RealMultibinder$RealMultibinderProvider.doProvision(RealMultibinder.java:247)
	at RealMultibinder$RealMultibinderProvider.doProvision(RealMultibinder.java:213)
	at InternalProviderInstanceBindingImpl$Factory$1.call(InternalProviderInstanceBindingImpl.java:120)
	at ProvisionListenerStackCallback$Provision.provision(ProvisionListenerStackCallback.java:109)
	at LifeCycleModule.provision(LifeCycleModule.java:70)
	at ProvisionListenerStackCallback$Provision.provision(ProvisionListenerStackCallback.java:117)
	at ProvisionListenerStackCallback.provision(ProvisionListenerStackCallback.java:66)
	at InternalProviderInstanceBindingImpl$Factory.get(InternalProviderInstanceBindingImpl.java:115)
	at InjectorImpl$1.get(InjectorImpl.java:1148)
	at InjectorImpl.getInstance(InjectorImpl.java:1181)
	at JaxrsResourceConfigProvider.get(JaxrsResourceConfigProvider.java:39)
	at JaxrsResourceConfigProvider.get(JaxrsResourceConfigProvider.java:19)
	at ProviderInternalFactory.provision(ProviderInternalFactory.java:86)
	at InternalFactoryToInitializableAdapter.provision(InternalFactoryToInitializableAdapter.java:57)
	at ProviderInternalFactory$1.call(ProviderInternalFactory.java:67)
	at ProvisionListenerStackCallback$Provision.provision(ProvisionListenerStackCallback.java:109)
	at LifeCycleModule.provision(LifeCycleModule.java:70)
	at ProvisionListenerStackCallback$Provision.provision(ProvisionListenerStackCallback.java:117)
	at ProvisionListenerStackCallback.provision(ProvisionListenerStackCallback.java:66)
	at ProviderInternalFactory.circularGet(ProviderInternalFactory.java:62)
	at InternalFactoryToInitializableAdapter.get(InternalFactoryToInitializableAdapter.java:47)
	at InjectorImpl$1.get(InjectorImpl.java:1148)
	at InjectorImpl.getInstance(InjectorImpl.java:1181)
	at JaxrsServletProvider.get(JaxrsServletProvider.java:35)
	at JaxrsServletProvider.get(JaxrsServletProvider.java:16)
	at ProviderInternalFactory.provision(ProviderInternalFactory.java:86)
	at InternalFactoryToInitializableAdapter.provision(InternalFactoryToInitializableAdapter.java:57)
	at ProviderInternalFactory$1.call(ProviderInternalFactory.java:67)
	at ProvisionListenerStackCallback$Provision.provision(ProvisionListenerStackCallback.java:109)
	at LifeCycleModule.provision(LifeCycleModule.java:70)
	at ProvisionListenerStackCallback$Provision.provision(ProvisionListenerStackCallback.java:117)
	at ProvisionListenerStackCallback.provision(ProvisionListenerStackCallback.java:66)
	at ProviderInternalFactory.circularGet(ProviderInternalFactory.java:62)
	at InternalFactoryToInitializableAdapter.get(InternalFactoryToInitializableAdapter.java:47)
	at InjectorImpl$1.get(InjectorImpl.java:1148)
	at InjectorImpl.getInstance(InjectorImpl.java:1181)
	at HttpServerProvider.get(HttpServerProvider.java:76)
	at HttpServerProvider.get(HttpServerProvider.java:39)
	at ProviderInternalFactory.provision(ProviderInternalFactory.java:86)
	at InternalFactoryToInitializableAdapter.provision(InternalFactoryToInitializableAdapter.java:57)
	at ProviderInternalFactory$1.call(ProviderInternalFactory.java:67)
	at ProvisionListenerStackCallback$Provision.provision(ProvisionListenerStackCallback.java:109)
	at LifeCycleModule.provision(LifeCycleModule.java:70)
	at ProvisionListenerStackCallback$Provision.provision(ProvisionListenerStackCallback.java:117)
	at ProvisionListenerStackCallback.provision(ProvisionListenerStackCallback.java:66)
	at ProviderInternalFactory.circularGet(ProviderInternalFactory.java:62)
	at InternalFactoryToInitializableAdapter.get(InternalFactoryToInitializableAdapter.java:47)
	at ProviderToInternalFactoryAdapter.get(ProviderToInternalFactoryAdapter.java:40)
	at SingletonScope$1.get(SingletonScope.java:169)
	at InternalFactoryToProviderAdapter.get(InternalFactoryToProviderAdapter.java:45)
	at InjectorImpl$1.get(InjectorImpl.java:1148)
	at InjectorImpl.getInstance(InjectorImpl.java:1181)
	at GuiceMBeanExporter.export(GuiceMBeanExporter.java:92)
	at GuiceMBeanExporter.<init>(GuiceMBeanExporter.java:42)
	at GuiceMBeanExporter$$FastClassByGuice$$1155dd9.GUICE$TRAMPOLINE(<generated>)
	at GuiceMBeanExporter$$FastClassByGuice$$1155dd9.apply(<generated>)
	at DefaultConstructionProxyFactory$FastClassProxy.newInstance(DefaultConstructionProxyFactory.java:82)
	at ConstructorInjector.provision(ConstructorInjector.java:114)
	at ConstructorInjector.access$000(ConstructorInjector.java:33)
	at ConstructorInjector$1.call(ConstructorInjector.java:98)
	at ProvisionListenerStackCallback$Provision.provision(ProvisionListenerStackCallback.java:109)
	at LifeCycleModule.provision(LifeCycleModule.java:70)
	at ProvisionListenerStackCallback$Provision.provision(ProvisionListenerStackCallback.java:117)
	at ProvisionListenerStackCallback.provision(ProvisionListenerStackCallback.java:66)
	at ConstructorInjector.construct(ConstructorInjector.java:93)
	at ConstructorBindingImpl$Factory.get(ConstructorBindingImpl.java:300)
	at ProviderToInternalFactoryAdapter.get(ProviderToInternalFactoryAdapter.java:40)
	at SingletonScope$1.get(SingletonScope.java:169)
	at InternalFactoryToProviderAdapter.get(InternalFactoryToProviderAdapter.java:45)
	at InternalInjectorCreator.loadEagerSingletons(InternalInjectorCreator.java:213)
	at InternalInjectorCreator.injectDynamically(InternalInjectorCreator.java:186)
	at InternalInjectorCreator.build(InternalInjectorCreator.java:113)
	at Guice.createInjector(Guice.java:87)
	at Bootstrap.initialize(Bootstrap.java:366)
	at Server.doStart(Server.java:124)
	at Server.lambda$start$0(Server.java:79)
	at io.trino.$gen.Trino_479____20260507_184053_1.run(Unknown Source)
	at Server.start(Server.java:79)
	at TrinoServer.main(TrinoServer.java:37)

40) [Guice/ErrorInjectingConstructor]: IllegalArgumentException: Invalid memory configuration. The sum of max query memory per node (4294967296) and heap headroom (1073741824) cannot be larger than the available heap memory (4294967296)
  at LocalMemoryManager.<init>(LocalMemoryManager.java:44)
  at java.base/DirectMethodHandleAccessor.invoke(DirectMethodHandleAccessor.java:104)
  at SqlTaskManager.<init>(SqlTaskManager.java:161)
      \_ for 8th parameter localMemoryManager
  at java.base/DirectMethodHandleAccessor.invoke(DirectMethodHandleAccessor.java:104)
  at SqlQueryExecution$SqlQueryExecutionFactory.<init>(SqlQueryExecution.java:838)
      \_ for 26th parameter coordinatorTaskManager
  at QueryExecutionFactoryModule.configure(QueryExecutionFactoryModule.java:145)
      \_ installed by: ServerMainModule -> CoordinatorModule -> QueryExecutionFactoryModule
  while locating SqlQueryExecution$SqlQueryExecutionFactory
  at QueryExecutionFactoryModule.configure(QueryExecutionFactoryModule.java:147)
      \_ installed by: ServerMainModule -> CoordinatorModule -> QueryExecutionFactoryModule
  while locating QueryExecution$QueryExecutionFactory<?> annotated with @Element(setName=,uniqueId=552, type=MAPBINDER, keyType=Class<? extends Statement>)
  at LocalDispatchQueryFactory.<init>(LocalDispatchQueryFactory.java:93)
      \_ for 9th parameter executionFactories
  while locating LocalDispatchQueryFactory
  at DispatchManager.<init>(DispatchManager.java:114)
      \_ for 4th parameter dispatchQueryFactory
  at java.base/DirectMethodHandleAccessor.invoke(DirectMethodHandleAccessor.java:104)
      \_ installed by: ServerMainModule -> CoordinatorModule
  while locating DispatchManager
  at QuerySystemTable.<init>(QuerySystemTable.java:86)
      \_ for 1st parameter dispatchManager
  while locating QuerySystemTable
  at SystemConnectorModule.configure(SystemConnectorModule.java:47)
      \_ installed by: ServerMainModule -> SystemConnectorModule
  while locating SystemTable annotated with @Element(setName=,uniqueId=867, type=MULTIBINDER, keyType=)
  at GlobalSystemConnector.<init>(GlobalSystemConnector.java:53)
      \_ for 1st parameter systemTables
  at SystemConnectorModule.configure(SystemConnectorModule.java:82)
      \_ installed by: ServerMainModule -> SystemConnectorModule
  at StaticCatalogManagerModule$LazyRegister.<init>(StaticCatalogManagerModule.java:47)
      \_ for 4th parameter globalSystemConnector
  at StaticCatalogManagerModule.configure(StaticCatalogManagerModule.java:36)
      \_ installed by: CatalogManagerModule -> StaticCatalogManagerModule
  while locating StaticCatalogManagerModule$LazyRegister

Learn more:
  https://github.com/google/guice/wiki/ERROR_INJECTING_CONSTRUCTOR
Caused by: IllegalArgumentException: Invalid memory configuration. The sum of max query memory per node (4294967296) and heap headroom (1073741824) cannot be larger than the available heap memory (4294967296)
	at LocalMemoryManager.validateHeapHeadroom(LocalMemoryManager.java:64)
	at LocalMemoryManager.<init>(LocalMemoryManager.java:50)
	at LocalMemoryManager.<init>(LocalMemoryManager.java:44)
	at LocalMemoryManager$$FastClassByGuice$$7900c4b.GUICE$TRAMPOLINE(<generated>)
	at LocalMemoryManager$$FastClassByGuice$$7900c4b.apply(<generated>)
	at DefaultConstructionProxyFactory$FastClassProxy.newInstance(DefaultConstructionProxyFactory.java:82)
	at ConstructorInjector.provision(ConstructorInjector.java:114)
	at ConstructorInjector.access$000(ConstructorInjector.java:33)
	at ConstructorInjector$1.call(ConstructorInjector.java:98)
	at ProvisionListenerStackCallback$Provision.provision(ProvisionListenerStackCallback.java:109)
	at LifeCycleModule.provision(LifeCycleModule.java:70)
	at ProvisionListenerStackCallback$Provision.provision(ProvisionListenerStackCallback.java:117)
	at ProvisionListenerStackCallback.provision(ProvisionListenerStackCallback.java:66)
	at ConstructorInjector.construct(ConstructorInjector.java:93)
	at ConstructorBindingImpl$Factory.get(ConstructorBindingImpl.java:300)
	at ProviderToInternalFactoryAdapter.get(ProviderToInternalFactoryAdapter.java:40)
	at SingletonScope$1.get(SingletonScope.java:169)
	at InternalFactoryToProviderAdapter.get(InternalFactoryToProviderAdapter.java:45)
	at SingleParameterInjector.inject(SingleParameterInjector.java:40)
	at SingleParameterInjector.getAll(SingleParameterInjector.java:60)
	at ConstructorInjector.provision(ConstructorInjector.java:113)
	at ConstructorInjector.access$000(ConstructorInjector.java:33)
	at ConstructorInjector$1.call(ConstructorInjector.java:98)
	at ProvisionListenerStackCallback$Provision.provision(ProvisionListenerStackCallback.java:109)
	at LifeCycleModule.provision(LifeCycleModule.java:70)
	at ProvisionListenerStackCallback$Provision.provision(ProvisionListenerStackCallback.java:117)
	at ProvisionListenerStackCallback.provision(ProvisionListenerStackCallback.java:66)
	at ConstructorInjector.construct(ConstructorInjector.java:93)
	at ConstructorBindingImpl$Factory.get(ConstructorBindingImpl.java:300)
	at ProviderToInternalFactoryAdapter.get(ProviderToInternalFactoryAdapter.java:40)
	at SingletonScope$1.get(SingletonScope.java:169)
	at InternalFactoryToProviderAdapter.get(InternalFactoryToProviderAdapter.java:45)
	at SingleParameterInjector.inject(SingleParameterInjector.java:40)
	at SingleParameterInjector.getAll(SingleParameterInjector.java:60)
	at ConstructorInjector.provision(ConstructorInjector.java:113)
	at ConstructorInjector.access$000(ConstructorInjector.java:33)
	at ConstructorInjector$1.call(ConstructorInjector.java:98)
	at ProvisionListenerStackCallback$Provision.provision(ProvisionListenerStackCallback.java:109)
	at LifeCycleModule.provision(LifeCycleModule.java:70)
	at ProvisionListenerStackCallback$Provision.provision(ProvisionListenerStackCallback.java:117)
	at ProvisionListenerStackCallback.provision(ProvisionListenerStackCallback.java:66)
	at ConstructorInjector.construct(ConstructorInjector.java:93)
	at ConstructorBindingImpl$Factory.get(ConstructorBindingImpl.java:300)
	at ProviderToInternalFactoryAdapter.get(ProviderToInternalFactoryAdapter.java:40)
	at SingletonScope$1.get(SingletonScope.java:169)
	at InternalFactoryToProviderAdapter.get(InternalFactoryToProviderAdapter.java:45)
	at FactoryProxy.get(FactoryProxy.java:60)
	at ProviderToInternalFactoryAdapter.get(ProviderToInternalFactoryAdapter.java:40)
	at SingletonScope$1.get(SingletonScope.java:169)
	at InternalFactoryToProviderAdapter.get(InternalFactoryToProviderAdapter.java:45)
	at SingleParameterInjector.inject(SingleParameterInjector.java:40)
	at RealMapBinder$ExtensionRealMapProvider.doProvision(RealMapBinder.java:808)
	at RealMapBinder$ExtensionRealMapProvider.doProvision(RealMapBinder.java:743)
	at InternalProviderInstanceBindingImpl$Factory$1.call(InternalProviderInstanceBindingImpl.java:120)
	at ProvisionListenerStackCallback$Provision.provision(ProvisionListenerStackCallback.java:109)
	at LifeCycleModule.provision(LifeCycleModule.java:70)
	at ProvisionListenerStackCallback$Provision.provision(ProvisionListenerStackCallback.java:117)
	at ProvisionListenerStackCallback.provision(ProvisionListenerStackCallback.java:66)
	at InternalProviderInstanceBindingImpl$Factory.get(InternalProviderInstanceBindingImpl.java:115)
	at SingleParameterInjector.inject(SingleParameterInjector.java:40)
	at SingleParameterInjector.getAll(SingleParameterInjector.java:60)
	at ConstructorInjector.provision(ConstructorInjector.java:113)
	at ConstructorInjector.access$000(ConstructorInjector.java:33)
	at ConstructorInjector$1.call(ConstructorInjector.java:98)
	at ProvisionListenerStackCallback$Provision.provision(ProvisionListenerStackCallback.java:109)
	at LifeCycleModule.provision(LifeCycleModule.java:70)
	at ProvisionListenerStackCallback$Provision.provision(ProvisionListenerStackCallback.java:117)
	at ProvisionListenerStackCallback.provision(ProvisionListenerStackCallback.java:66)
	at ConstructorInjector.construct(ConstructorInjector.java:93)
	at ConstructorBindingImpl$Factory.get(ConstructorBindingImpl.java:300)
	at FactoryProxy.get(FactoryProxy.java:60)
	at SingleParameterInjector.inject(SingleParameterInjector.java:40)
	at SingleParameterInjector.getAll(SingleParameterInjector.java:60)
	at ConstructorInjector.provision(ConstructorInjector.java:113)
	at ConstructorInjector.access$000(ConstructorInjector.java:33)
	at ConstructorInjector$1.call(ConstructorInjector.java:98)
	at ProvisionListenerStackCallback$Provision.provision(ProvisionListenerStackCallback.java:109)
	at LifeCycleModule.provision(LifeCycleModule.java:70)
	at ProvisionListenerStackCallback$Provision.provision(ProvisionListenerStackCallback.java:117)
	at ProvisionListenerStackCallback.provision(ProvisionListenerStackCallback.java:66)
	at ConstructorInjector.construct(ConstructorInjector.java:93)
	at ConstructorBindingImpl$Factory.get(ConstructorBindingImpl.java:300)
	at ProviderToInternalFactoryAdapter.get(ProviderToInternalFactoryAdapter.java:40)
	at SingletonScope$1.get(SingletonScope.java:169)
	at InternalFactoryToProviderAdapter.get(InternalFactoryToProviderAdapter.java:45)
	at RealOptionalBinder$JavaOptionalProvider.doProvision(RealOptionalBinder.java:269)
	at RealOptionalBinder$JavaOptionalProvider.doProvision(RealOptionalBinder.java:231)
	at InternalProviderInstanceBindingImpl$Factory$1.call(InternalProviderInstanceBindingImpl.java:120)
	at ProvisionListenerStackCallback$Provision.provision(ProvisionListenerStackCallback.java:109)
	at LifeCycleModule.provision(LifeCycleModule.java:70)
	at ProvisionListenerStackCallback$Provision.provision(ProvisionListenerStackCallback.java:117)
	at ProvisionListenerStackCallback.provision(ProvisionListenerStackCallback.java:66)
	at InternalProviderInstanceBindingImpl$Factory.get(InternalProviderInstanceBindingImpl.java:115)
	at SingleParameterInjector.inject(SingleParameterInjector.java:40)
	at SingleParameterInjector.getAll(SingleParameterInjector.java:60)
	at ConstructorInjector.provision(ConstructorInjector.java:113)
	at ConstructorInjector.access$000(ConstructorInjector.java:33)
	at ConstructorInjector$1.call(ConstructorInjector.java:98)
	at ProvisionListenerStackCallback$Provision.provision(ProvisionListenerStackCallback.java:109)
	at LifeCycleModule.provision(LifeCycleModule.java:70)
	at ProvisionListenerStackCallback$Provision.provision(ProvisionListenerStackCallback.java:117)
	at ProvisionListenerStackCallback.provision(ProvisionListenerStackCallback.java:66)
	at ConstructorInjector.construct(ConstructorInjector.java:93)
	at ConstructorBindingImpl$Factory.get(ConstructorBindingImpl.java:300)
	at FactoryProxy.get(FactoryProxy.java:60)
	at ProviderToInternalFactoryAdapter.get(ProviderToInternalFactoryAdapter.java:40)
	at SingletonScope$1.get(SingletonScope.java:169)
	at InternalFactoryToProviderAdapter.get(InternalFactoryToProviderAdapter.java:45)
	at SingleParameterInjector.inject(SingleParameterInjector.java:40)
	at RealMultibinder$RealMultibinderProvider.doProvision(RealMultibinder.java:247)
	at RealMultibinder$RealMultibinderProvider.doProvision(RealMultibinder.java:213)
	at InternalProviderInstanceBindingImpl$Factory$1.call(InternalProviderInstanceBindingImpl.java:120)
	at ProvisionListenerStackCallback$Provision.provision(ProvisionListenerStackCallback.java:109)
	at LifeCycleModule.provision(LifeCycleModule.java:70)
	at ProvisionListenerStackCallback$Provision.provision(ProvisionListenerStackCallback.java:117)
	at ProvisionListenerStackCallback.provision(ProvisionListenerStackCallback.java:66)
	at InternalProviderInstanceBindingImpl$Factory.get(InternalProviderInstanceBindingImpl.java:115)
	at SingleParameterInjector.inject(SingleParameterInjector.java:40)
	at SingleParameterInjector.getAll(SingleParameterInjector.java:60)
	at ConstructorInjector.provision(ConstructorInjector.java:113)
	at ConstructorInjector.access$000(ConstructorInjector.java:33)
	at ConstructorInjector$1.call(ConstructorInjector.java:98)
	at ProvisionListenerStackCallback$Provision.provision(ProvisionListenerStackCallback.java:109)
	at LifeCycleModule.provision(LifeCycleModule.java:70)
	at ProvisionListenerStackCallback$Provision.provision(ProvisionListenerStackCallback.java:117)
	at ProvisionListenerStackCallback.provision(ProvisionListenerStackCallback.java:66)
	at ConstructorInjector.construct(ConstructorInjector.java:93)
	at ConstructorBindingImpl$Factory.get(ConstructorBindingImpl.java:300)
	at ProviderToInternalFactoryAdapter.get(ProviderToInternalFactoryAdapter.java:40)
	at SingletonScope$1.get(SingletonScope.java:169)
	at InternalFactoryToProviderAdapter.get(InternalFactoryToProviderAdapter.java:45)
	at SingleParameterInjector.inject(SingleParameterInjector.java:40)
	at SingleParameterInjector.getAll(SingleParameterInjector.java:60)
	at ConstructorInjector.provision(ConstructorInjector.java:113)
	at ConstructorInjector.access$000(ConstructorInjector.java:33)
	at ConstructorInjector$1.call(ConstructorInjector.java:98)
	at ProvisionListenerStackCallback$Provision.provision(ProvisionListenerStackCallback.java:109)
	at LifeCycleModule.provision(LifeCycleModule.java:70)
	at ProvisionListenerStackCallback$Provision.provision(ProvisionListenerStackCallback.java:117)
	at ProvisionListenerStackCallback.provision(ProvisionListenerStackCallback.java:66)
	at ConstructorInjector.construct(ConstructorInjector.java:93)
	at ConstructorBindingImpl$Factory.get(ConstructorBindingImpl.java:300)
	at ProviderToInternalFactoryAdapter.get(ProviderToInternalFactoryAdapter.java:40)
	at SingletonScope$1.get(SingletonScope.java:169)
	at InternalFactoryToProviderAdapter.get(InternalFactoryToProviderAdapter.java:45)
	at InternalInjectorCreator.loadEagerSingletons(InternalInjectorCreator.java:213)
	at InternalInjectorCreator.injectDynamically(InternalInjectorCreator.java:186)
	at InternalInjectorCreator.build(InternalInjectorCreator.java:113)
	at Guice.createInjector(Guice.java:87)
	at Bootstrap.initialize(Bootstrap.java:366)
	at Server.doStart(Server.java:124)
	at Server.lambda$start$0(Server.java:79)
	at io.trino.$gen.Trino_479____20260507_184053_1.run(Unknown Source)
	at Server.start(Server.java:79)
	at TrinoServer.main(TrinoServer.java:37)

41) [Guice/ErrorInjectingConstructor]: IllegalArgumentException: Invalid memory configuration. The sum of max query memory per node (4294967296) and heap headroom (1073741824) cannot be larger than the available heap memory (4294967296)
  at LocalMemoryManager.<init>(LocalMemoryManager.java:44)
  at java.base/DirectMethodHandleAccessor.invoke(DirectMethodHandleAccessor.java:104)
  at SqlTaskManager.<init>(SqlTaskManager.java:161)
      \_ for 8th parameter localMemoryManager
  at java.base/DirectMethodHandleAccessor.invoke(DirectMethodHandleAccessor.java:104)
  at SqlQueryExecution$SqlQueryExecutionFactory.<init>(SqlQueryExecution.java:838)
      \_ for 26th parameter coordinatorTaskManager
  at QueryExecutionFactoryModule.configure(QueryExecutionFactoryModule.java:145)
      \_ installed by: ServerMainModule -> CoordinatorModule -> QueryExecutionFactoryModule
  while locating SqlQueryExecution$SqlQueryExecutionFactory
  at QueryExecutionFactoryModule.configure(QueryExecutionFactoryModule.java:147)
      \_ installed by: ServerMainModule -> CoordinatorModule -> QueryExecutionFactoryModule
  while locating QueryExecution$QueryExecutionFactory<?> annotated with @Element(setName=,uniqueId=552, type=MAPBINDER, keyType=Class<? extends Statement>)
  at LocalDispatchQueryFactory.<init>(LocalDispatchQueryFactory.java:93)
      \_ for 9th parameter executionFactories
  while locating LocalDispatchQueryFactory
  at DispatchManager.<init>(DispatchManager.java:114)
      \_ for 4th parameter dispatchQueryFactory
  at java.base/DirectMethodHandleAccessor.invoke(DirectMethodHandleAccessor.java:104)
      \_ installed by: ServerMainModule -> CoordinatorModule
  at ClusterStatsResource.<init>(ClusterStatsResource.java:50)
      \_ for 3rd parameter dispatchManager
  at WebUiModule.setup(WebUiModule.java:36)
      \_ installed by: ServerMainModule -> CoordinatorModule -> WebUiModule
  while locating ClusterStatsResource

Learn more:
  https://github.com/google/guice/wiki/ERROR_INJECTING_CONSTRUCTOR
Caused by: IllegalArgumentException: Invalid memory configuration. The sum of max query memory per node (4294967296) and heap headroom (1073741824) cannot be larger than the available heap memory (4294967296)
	at LocalMemoryManager.validateHeapHeadroom(LocalMemoryManager.java:64)
	at LocalMemoryManager.<init>(LocalMemoryManager.java:50)
	at LocalMemoryManager.<init>(LocalMemoryManager.java:44)
	at LocalMemoryManager$$FastClassByGuice$$7900c4b.GUICE$TRAMPOLINE(<generated>)
	at LocalMemoryManager$$FastClassByGuice$$7900c4b.apply(<generated>)
	at DefaultConstructionProxyFactory$FastClassProxy.newInstance(DefaultConstructionProxyFactory.java:82)
	at ConstructorInjector.provision(ConstructorInjector.java:114)
	at ConstructorInjector.access$000(ConstructorInjector.java:33)
	at ConstructorInjector$1.call(ConstructorInjector.java:98)
	at ProvisionListenerStackCallback$Provision.provision(ProvisionListenerStackCallback.java:109)
	at LifeCycleModule.provision(LifeCycleModule.java:70)
	at ProvisionListenerStackCallback$Provision.provision(ProvisionListenerStackCallback.java:117)
	at ProvisionListenerStackCallback.provision(ProvisionListenerStackCallback.java:66)
	at ConstructorInjector.construct(ConstructorInjector.java:93)
	at ConstructorBindingImpl$Factory.get(ConstructorBindingImpl.java:300)
	at ProviderToInternalFactoryAdapter.get(ProviderToInternalFactoryAdapter.java:40)
	at SingletonScope$1.get(SingletonScope.java:169)
	at InternalFactoryToProviderAdapter.get(InternalFactoryToProviderAdapter.java:45)
	at SingleParameterInjector.inject(SingleParameterInjector.java:40)
	at SingleParameterInjector.getAll(SingleParameterInjector.java:60)
	at ConstructorInjector.provision(ConstructorInjector.java:113)
	at ConstructorInjector.access$000(ConstructorInjector.java:33)
	at ConstructorInjector$1.call(ConstructorInjector.java:98)
	at ProvisionListenerStackCallback$Provision.provision(ProvisionListenerStackCallback.java:109)
	at LifeCycleModule.provision(LifeCycleModule.java:70)
	at ProvisionListenerStackCallback$Provision.provision(ProvisionListenerStackCallback.java:117)
	at ProvisionListenerStackCallback.provision(ProvisionListenerStackCallback.java:66)
	at ConstructorInjector.construct(ConstructorInjector.java:93)
	at ConstructorBindingImpl$Factory.get(ConstructorBindingImpl.java:300)
	at ProviderToInternalFactoryAdapter.get(ProviderToInternalFactoryAdapter.java:40)
	at SingletonScope$1.get(SingletonScope.java:169)
	at InternalFactoryToProviderAdapter.get(InternalFactoryToProviderAdapter.java:45)
	at SingleParameterInjector.inject(SingleParameterInjector.java:40)
	at SingleParameterInjector.getAll(SingleParameterInjector.java:60)
	at ConstructorInjector.provision(ConstructorInjector.java:113)
	at ConstructorInjector.access$000(ConstructorInjector.java:33)
	at ConstructorInjector$1.call(ConstructorInjector.java:98)
	at ProvisionListenerStackCallback$Provision.provision(ProvisionListenerStackCallback.java:109)
	at LifeCycleModule.provision(LifeCycleModule.java:70)
	at ProvisionListenerStackCallback$Provision.provision(ProvisionListenerStackCallback.java:117)
	at ProvisionListenerStackCallback.provision(ProvisionListenerStackCallback.java:66)
	at ConstructorInjector.construct(ConstructorInjector.java:93)
	at ConstructorBindingImpl$Factory.get(ConstructorBindingImpl.java:300)
	at ProviderToInternalFactoryAdapter.get(ProviderToInternalFactoryAdapter.java:40)
	at SingletonScope$1.get(SingletonScope.java:169)
	at InternalFactoryToProviderAdapter.get(InternalFactoryToProviderAdapter.java:45)
	at FactoryProxy.get(FactoryProxy.java:60)
	at ProviderToInternalFactoryAdapter.get(ProviderToInternalFactoryAdapter.java:40)
	at SingletonScope$1.get(SingletonScope.java:169)
	at InternalFactoryToProviderAdapter.get(InternalFactoryToProviderAdapter.java:45)
	at SingleParameterInjector.inject(SingleParameterInjector.java:40)
	at RealMapBinder$ExtensionRealMapProvider.doProvision(RealMapBinder.java:808)
	at RealMapBinder$ExtensionRealMapProvider.doProvision(RealMapBinder.java:743)
	at InternalProviderInstanceBindingImpl$Factory$1.call(InternalProviderInstanceBindingImpl.java:120)
	at ProvisionListenerStackCallback$Provision.provision(ProvisionListenerStackCallback.java:109)
	at LifeCycleModule.provision(LifeCycleModule.java:70)
	at ProvisionListenerStackCallback$Provision.provision(ProvisionListenerStackCallback.java:117)
	at ProvisionListenerStackCallback.provision(ProvisionListenerStackCallback.java:66)
	at InternalProviderInstanceBindingImpl$Factory.get(InternalProviderInstanceBindingImpl.java:115)
	at SingleParameterInjector.inject(SingleParameterInjector.java:40)
	at SingleParameterInjector.getAll(SingleParameterInjector.java:60)
	at ConstructorInjector.provision(ConstructorInjector.java:113)
	at ConstructorInjector.access$000(ConstructorInjector.java:33)
	at ConstructorInjector$1.call(ConstructorInjector.java:98)
	at ProvisionListenerStackCallback$Provision.provision(ProvisionListenerStackCallback.java:109)
	at LifeCycleModule.provision(LifeCycleModule.java:70)
	at ProvisionListenerStackCallback$Provision.provision(ProvisionListenerStackCallback.java:117)
	at ProvisionListenerStackCallback.provision(ProvisionListenerStackCallback.java:66)
	at ConstructorInjector.construct(ConstructorInjector.java:93)
	at ConstructorBindingImpl$Factory.get(ConstructorBindingImpl.java:300)
	at FactoryProxy.get(FactoryProxy.java:60)
	at SingleParameterInjector.inject(SingleParameterInjector.java:40)
	at SingleParameterInjector.getAll(SingleParameterInjector.java:60)
	at ConstructorInjector.provision(ConstructorInjector.java:113)
	at ConstructorInjector.access$000(ConstructorInjector.java:33)
	at ConstructorInjector$1.call(ConstructorInjector.java:98)
	at ProvisionListenerStackCallback$Provision.provision(ProvisionListenerStackCallback.java:109)
	at LifeCycleModule.provision(LifeCycleModule.java:70)
	at ProvisionListenerStackCallback$Provision.provision(ProvisionListenerStackCallback.java:117)
	at ProvisionListenerStackCallback.provision(ProvisionListenerStackCallback.java:66)
	at ConstructorInjector.construct(ConstructorInjector.java:93)
	at ConstructorBindingImpl$Factory.get(ConstructorBindingImpl.java:300)
	at ProviderToInternalFactoryAdapter.get(ProviderToInternalFactoryAdapter.java:40)
	at SingletonScope$1.get(SingletonScope.java:169)
	at InternalFactoryToProviderAdapter.get(InternalFactoryToProviderAdapter.java:45)
	at SingleParameterInjector.inject(SingleParameterInjector.java:40)
	at SingleParameterInjector.getAll(SingleParameterInjector.java:60)
	at ConstructorInjector.provision(ConstructorInjector.java:113)
	at ConstructorInjector.access$000(ConstructorInjector.java:33)
	at ConstructorInjector$1.call(ConstructorInjector.java:98)
	at ProvisionListenerStackCallback$Provision.provision(ProvisionListenerStackCallback.java:109)
	at LifeCycleModule.provision(LifeCycleModule.java:70)
	at ProvisionListenerStackCallback$Provision.provision(ProvisionListenerStackCallback.java:117)
	at ProvisionListenerStackCallback.provision(ProvisionListenerStackCallback.java:66)
	at ConstructorInjector.construct(ConstructorInjector.java:93)
	at ConstructorBindingImpl$Factory.get(ConstructorBindingImpl.java:300)
	at ProviderToInternalFactoryAdapter.get(ProviderToInternalFactoryAdapter.java:40)
	at SingletonScope$1.get(SingletonScope.java:169)
	at InternalFactoryToProviderAdapter.get(InternalFactoryToProviderAdapter.java:45)
	at InternalInjectorCreator.loadEagerSingletons(InternalInjectorCreator.java:213)
	at InternalInjectorCreator.injectDynamically(InternalInjectorCreator.java:186)
	at InternalInjectorCreator.build(InternalInjectorCreator.java:113)
	at Guice.createInjector(Guice.java:87)
	at Bootstrap.initialize(Bootstrap.java:366)
	at Server.doStart(Server.java:124)
	at Server.lambda$start$0(Server.java:79)
	at io.trino.$gen.Trino_479____20260507_184053_1.run(Unknown Source)
	at Server.start(Server.java:79)
	at TrinoServer.main(TrinoServer.java:37)

42) [Guice/ErrorInjectingConstructor]: IllegalArgumentException: Invalid memory configuration. The sum of max query memory per node (4294967296) and heap headroom (1073741824) cannot be larger than the available heap memory (4294967296)
  at LocalMemoryManager.<init>(LocalMemoryManager.java:44)
  at java.base/DirectMethodHandleAccessor.invoke(DirectMethodHandleAccessor.java:104)
  at SqlTaskManager.<init>(SqlTaskManager.java:161)
      \_ for 8th parameter localMemoryManager
  at java.base/DirectMethodHandleAccessor.invoke(DirectMethodHandleAccessor.java:104)
  at SqlQueryExecution$SqlQueryExecutionFactory.<init>(SqlQueryExecution.java:838)
      \_ for 26th parameter coordinatorTaskManager
  at QueryExecutionFactoryModule.configure(QueryExecutionFactoryModule.java:145)
      \_ installed by: ServerMainModule -> CoordinatorModule -> QueryExecutionFactoryModule
  while locating SqlQueryExecution$SqlQueryExecutionFactory
  at QueryExecutionFactoryModule.configure(QueryExecutionFactoryModule.java:147)
      \_ installed by: ServerMainModule -> CoordinatorModule -> QueryExecutionFactoryModule
  while locating QueryExecution$QueryExecutionFactory<?> annotated with @Element(setName=,uniqueId=552, type=MAPBINDER, keyType=Class<? extends Statement>)
  at LocalDispatchQueryFactory.<init>(LocalDispatchQueryFactory.java:93)
      \_ for 9th parameter executionFactories
  while locating LocalDispatchQueryFactory
  at DispatchManager.<init>(DispatchManager.java:114)
      \_ for 4th parameter dispatchQueryFactory
  at java.base/DirectMethodHandleAccessor.invoke(DirectMethodHandleAccessor.java:104)
      \_ installed by: ServerMainModule -> CoordinatorModule
  at UiQueryResource.<init>(UiQueryResource.java:80)
      \_ for 2nd parameter dispatchManager
  at WebUiModule.setup(WebUiModule.java:37)
      \_ installed by: ServerMainModule -> CoordinatorModule -> WebUiModule
  while locating UiQueryResource

Learn more:
  https://github.com/google/guice/wiki/ERROR_INJECTING_CONSTRUCTOR
Caused by: IllegalArgumentException (same stack trace as error #41)
43) [Guice/ErrorInjectingConstructor]: IllegalArgumentException: Invalid memory configuration. The sum of max query memory per node (4294967296) and heap headroom (1073741824) cannot be larger than the available heap memory (4294967296)
  at LocalMemoryManager.<init>(LocalMemoryManager.java:44)
  at java.base/DirectMethodHandleAccessor.invoke(DirectMethodHandleAccessor.java:104)
  at SqlTaskManager.<init>(SqlTaskManager.java:161)
      \_ for 8th parameter localMemoryManager
  at java.base/DirectMethodHandleAccessor.invoke(DirectMethodHandleAccessor.java:104)
  at SqlQueryExecution$SqlQueryExecutionFactory.<init>(SqlQueryExecution.java:838)
      \_ for 26th parameter coordinatorTaskManager
  at QueryExecutionFactoryModule.configure(QueryExecutionFactoryModule.java:145)
      \_ installed by: ServerMainModule -> CoordinatorModule -> QueryExecutionFactoryModule
  while locating SqlQueryExecution$SqlQueryExecutionFactory
  at QueryExecutionFactoryModule.configure(QueryExecutionFactoryModule.java:147)
      \_ installed by: ServerMainModule -> CoordinatorModule -> QueryExecutionFactoryModule
  while locating QueryExecution$QueryExecutionFactory<?> annotated with @Element(setName=,uniqueId=552, type=MAPBINDER, keyType=Class<? extends Statement>)
  at LocalDispatchQueryFactory.<init>(LocalDispatchQueryFactory.java:93)
      \_ for 9th parameter executionFactories
  while locating LocalDispatchQueryFactory
  at DispatchManager.<init>(DispatchManager.java:114)
      \_ for 4th parameter dispatchQueryFactory
  at java.base/DirectMethodHandleAccessor.invoke(DirectMethodHandleAccessor.java:104)
      \_ installed by: ServerMainModule -> CoordinatorModule
  at QueuedStatementResource.<init>(QueuedStatementResource.java:138)
      \_ for 2nd parameter dispatchManager
  at CoordinatorModule.setup(CoordinatorModule.java:175)
      \_ installed by: ServerMainModule -> CoordinatorModule
  while locating QueuedStatementResource

Learn more:
  https://github.com/google/guice/wiki/ERROR_INJECTING_CONSTRUCTOR
Caused by: IllegalArgumentException (same stack trace as error #41)
44) [Guice/ErrorInjectingConstructor]: IllegalArgumentException: Invalid memory configuration. The sum of max query memory per node (4294967296) and heap headroom (1073741824) cannot be larger than the available heap memory (4294967296)
  at LocalMemoryManager.<init>(LocalMemoryManager.java:44)
  at java.base/DirectMethodHandleAccessor.invoke(DirectMethodHandleAccessor.java:104)
  at SqlTaskManager.<init>(SqlTaskManager.java:161)
      \_ for 8th parameter localMemoryManager
  at java.base/DirectMethodHandleAccessor.invoke(DirectMethodHandleAccessor.java:104)
  at SqlQueryExecution$SqlQueryExecutionFactory.<init>(SqlQueryExecution.java:838)
      \_ for 26th parameter coordinatorTaskManager
  at QueryExecutionFactoryModule.configure(QueryExecutionFactoryModule.java:145)
      \_ installed by: ServerMainModule -> CoordinatorModule -> QueryExecutionFactoryModule
  while locating SqlQueryExecution$SqlQueryExecutionFactory
  at QueryExecutionFactoryModule.configure(QueryExecutionFactoryModule.java:147)
      \_ installed by: ServerMainModule -> CoordinatorModule -> QueryExecutionFactoryModule
  while locating QueryExecution$QueryExecutionFactory<?> annotated with @Element(setName=,uniqueId=552, type=MAPBINDER, keyType=Class<? extends Statement>)
  at LocalDispatchQueryFactory.<init>(LocalDispatchQueryFactory.java:93)
      \_ for 9th parameter executionFactories
  while locating LocalDispatchQueryFactory
  at DispatchManager.<init>(DispatchManager.java:114)
      \_ for 4th parameter dispatchQueryFactory
  at java.base/DirectMethodHandleAccessor.invoke(DirectMethodHandleAccessor.java:104)
      \_ installed by: ServerMainModule -> CoordinatorModule
  at WorkerResource.<init>(WorkerResource.java:80)
      \_ for 1st parameter dispatchManager
  at CoordinatorModule.setup(CoordinatorModule.java:188)
      \_ installed by: ServerMainModule -> CoordinatorModule
  while locating WorkerResource

Learn more:
  https://github.com/google/guice/wiki/ERROR_INJECTING_CONSTRUCTOR
Caused by: IllegalArgumentException (same stack trace as error #41)
45) [Guice/ErrorInjectingConstructor]: IllegalArgumentException: Invalid memory configuration. The sum of max query memory per node (4294967296) and heap headroom (1073741824) cannot be larger than the available heap memory (4294967296)
  at LocalMemoryManager.<init>(LocalMemoryManager.java:44)
  at java.base/DirectMethodHandleAccessor.invoke(DirectMethodHandleAccessor.java:104)
  at SqlTaskManager.<init>(SqlTaskManager.java:161)
      \_ for 8th parameter localMemoryManager
  at java.base/DirectMethodHandleAccessor.invoke(DirectMethodHandleAccessor.java:104)
  at SqlQueryExecution$SqlQueryExecutionFactory.<init>(SqlQueryExecution.java:838)
      \_ for 26th parameter coordinatorTaskManager
  at QueryExecutionFactoryModule.configure(QueryExecutionFactoryModule.java:145)
      \_ installed by: ServerMainModule -> CoordinatorModule -> QueryExecutionFactoryModule
  while locating SqlQueryExecution$SqlQueryExecutionFactory
  at QueryExecutionFactoryModule.configure(QueryExecutionFactoryModule.java:147)
      \_ installed by: ServerMainModule -> CoordinatorModule -> QueryExecutionFactoryModule
  while locating QueryExecution$QueryExecutionFactory<?> annotated with @Element(setName=,uniqueId=552, type=MAPBINDER, keyType=Class<? extends Statement>)
  at LocalDispatchQueryFactory.<init>(LocalDispatchQueryFactory.java:93)
      \_ for 9th parameter executionFactories
  while locating LocalDispatchQueryFactory
  at DispatchManager.<init>(DispatchManager.java:114)
      \_ for 4th parameter dispatchQueryFactory
  at java.base/DirectMethodHandleAccessor.invoke(DirectMethodHandleAccessor.java:104)
      \_ installed by: ServerMainModule -> CoordinatorModule
  at QueryResource.<init>(QueryResource.java:69)
      \_ for 1st parameter dispatchManager
  at CoordinatorModule.setup(CoordinatorModule.java:201)
      \_ installed by: ServerMainModule -> CoordinatorModule
  while locating QueryResource

Learn more:
  https://github.com/google/guice/wiki/ERROR_INJECTING_CONSTRUCTOR
Caused by: IllegalArgumentException (same stack trace as error #41)
46) [Guice/ErrorInjectingConstructor]: IllegalArgumentException: Invalid memory configuration. The sum of max query memory per node (4294967296) and heap headroom (1073741824) cannot be larger than the available heap memory (4294967296)
  at LocalMemoryManager.<init>(LocalMemoryManager.java:44)
  at java.base/DirectMethodHandleAccessor.invoke(DirectMethodHandleAccessor.java:104)
  at SqlTaskManager.<init>(SqlTaskManager.java:161)
      \_ for 8th parameter localMemoryManager
  at java.base/DirectMethodHandleAccessor.invoke(DirectMethodHandleAccessor.java:104)
  at SqlQueryExecution$SqlQueryExecutionFactory.<init>(SqlQueryExecution.java:838)
      \_ for 26th parameter coordinatorTaskManager
  at QueryExecutionFactoryModule.configure(QueryExecutionFactoryModule.java:145)
      \_ installed by: ServerMainModule -> CoordinatorModule -> QueryExecutionFactoryModule
  while locating SqlQueryExecution$SqlQueryExecutionFactory
  at QueryExecutionFactoryModule.configure(QueryExecutionFactoryModule.java:147)
      \_ installed by: ServerMainModule -> CoordinatorModule -> QueryExecutionFactoryModule
  while locating QueryExecution$QueryExecutionFactory<?> annotated with @Element(setName=,uniqueId=552, type=MAPBINDER, keyType=Class<? extends Statement>)
  at LocalDispatchQueryFactory.<init>(LocalDispatchQueryFactory.java:93)
      \_ for 9th parameter executionFactories
  while locating LocalDispatchQueryFactory
  at DispatchManager.<init>(DispatchManager.java:114)
      \_ for 4th parameter dispatchQueryFactory
  at java.base/DirectMethodHandleAccessor.invoke(DirectMethodHandleAccessor.java:104)
      \_ installed by: ServerMainModule -> CoordinatorModule
  while locating DispatchManager

Learn more:
  https://github.com/google/guice/wiki/ERROR_INJECTING_CONSTRUCTOR
Caused by: IllegalArgumentException: Invalid memory configuration. The sum of max query memory per node (4294967296) and heap headroom (1073741824) cannot be larger than the available heap memory (4294967296)
	at LocalMemoryManager.validateHeapHeadroom(LocalMemoryManager.java:64)
	at LocalMemoryManager.<init>(LocalMemoryManager.java:50)
	at LocalMemoryManager.<init>(LocalMemoryManager.java:44)
	at LocalMemoryManager$$FastClassByGuice$$7900c4b.GUICE$TRAMPOLINE(<generated>)
	at LocalMemoryManager$$FastClassByGuice$$7900c4b.apply(<generated>)
	at DefaultConstructionProxyFactory$FastClassProxy.newInstance(DefaultConstructionProxyFactory.java:82)
	at ConstructorInjector.provision(ConstructorInjector.java:114)
	at ConstructorInjector.access$000(ConstructorInjector.java:33)
	at ConstructorInjector$1.call(ConstructorInjector.java:98)
	at ProvisionListenerStackCallback$Provision.provision(ProvisionListenerStackCallback.java:109)
	at LifeCycleModule.provision(LifeCycleModule.java:70)
	at ProvisionListenerStackCallback$Provision.provision(ProvisionListenerStackCallback.java:117)
	at ProvisionListenerStackCallback.provision(ProvisionListenerStackCallback.java:66)
	at ConstructorInjector.construct(ConstructorInjector.java:93)
	at ConstructorBindingImpl$Factory.get(ConstructorBindingImpl.java:300)
	at ProviderToInternalFactoryAdapter.get(ProviderToInternalFactoryAdapter.java:40)
	at SingletonScope$1.get(SingletonScope.java:169)
	at InternalFactoryToProviderAdapter.get(InternalFactoryToProviderAdapter.java:45)
	at SingleParameterInjector.inject(SingleParameterInjector.java:40)
	at SingleParameterInjector.getAll(SingleParameterInjector.java:60)
	at ConstructorInjector.provision(ConstructorInjector.java:113)
	at ConstructorInjector.access$000(ConstructorInjector.java:33)
	at ConstructorInjector$1.call(ConstructorInjector.java:98)
	at ProvisionListenerStackCallback$Provision.provision(ProvisionListenerStackCallback.java:109)
	at LifeCycleModule.provision(LifeCycleModule.java:70)
	at ProvisionListenerStackCallback$Provision.provision(ProvisionListenerStackCallback.java:117)
	at ProvisionListenerStackCallback.provision(ProvisionListenerStackCallback.java:66)
	at ConstructorInjector.construct(ConstructorInjector.java:93)
	at ConstructorBindingImpl$Factory.get(ConstructorBindingImpl.java:300)
	at ProviderToInternalFactoryAdapter.get(ProviderToInternalFactoryAdapter.java:40)
	at SingletonScope$1.get(SingletonScope.java:169)
	at InternalFactoryToProviderAdapter.get(InternalFactoryToProviderAdapter.java:45)
	at SingleParameterInjector.inject(SingleParameterInjector.java:40)
	at SingleParameterInjector.getAll(SingleParameterInjector.java:60)
	at ConstructorInjector.provision(ConstructorInjector.java:113)
	at ConstructorInjector.access$000(ConstructorInjector.java:33)
	at ConstructorInjector$1.call(ConstructorInjector.java:98)
	at ProvisionListenerStackCallback$Provision.provision(ProvisionListenerStackCallback.java:109)
	at LifeCycleModule.provision(LifeCycleModule.java:70)
	at ProvisionListenerStackCallback$Provision.provision(ProvisionListenerStackCallback.java:117)
	at ProvisionListenerStackCallback.provision(ProvisionListenerStackCallback.java:66)
	at ConstructorInjector.construct(ConstructorInjector.java:93)
	at ConstructorBindingImpl$Factory.get(ConstructorBindingImpl.java:300)
	at ProviderToInternalFactoryAdapter.get(ProviderToInternalFactoryAdapter.java:40)
	at SingletonScope$1.get(SingletonScope.java:169)
	at InternalFactoryToProviderAdapter.get(InternalFactoryToProviderAdapter.java:45)
	at FactoryProxy.get(FactoryProxy.java:60)
	at ProviderToInternalFactoryAdapter.get(ProviderToInternalFactoryAdapter.java:40)
	at SingletonScope$1.get(SingletonScope.java:169)
	at InternalFactoryToProviderAdapter.get(InternalFactoryToProviderAdapter.java:45)
	at SingleParameterInjector.inject(SingleParameterInjector.java:40)
	at RealMapBinder$ExtensionRealMapProvider.doProvision(RealMapBinder.java:808)
	at RealMapBinder$ExtensionRealMapProvider.doProvision(RealMapBinder.java:743)
	at InternalProviderInstanceBindingImpl$Factory$1.call(InternalProviderInstanceBindingImpl.java:120)
	at ProvisionListenerStackCallback$Provision.provision(ProvisionListenerStackCallback.java:109)
	at LifeCycleModule.provision(LifeCycleModule.java:70)
	at ProvisionListenerStackCallback$Provision.provision(ProvisionListenerStackCallback.java:117)
	at ProvisionListenerStackCallback.provision(ProvisionListenerStackCallback.java:66)
	at InternalProviderInstanceBindingImpl$Factory.get(InternalProviderInstanceBindingImpl.java:115)
	at SingleParameterInjector.inject(SingleParameterInjector.java:40)
	at SingleParameterInjector.getAll(SingleParameterInjector.java:60)
	at ConstructorInjector.provision(ConstructorInjector.java:113)
	at ConstructorInjector.access$000(ConstructorInjector.java:33)
	at ConstructorInjector$1.call(ConstructorInjector.java:98)
	at ProvisionListenerStackCallback$Provision.provision(ProvisionListenerStackCallback.java:109)
	at LifeCycleModule.provision(LifeCycleModule.java:70)
	at ProvisionListenerStackCallback$Provision.provision(ProvisionListenerStackCallback.java:117)
	at ProvisionListenerStackCallback.provision(ProvisionListenerStackCallback.java:66)
	at ConstructorInjector.construct(ConstructorInjector.java:93)
	at ConstructorBindingImpl$Factory.get(ConstructorBindingImpl.java:300)
	at FactoryProxy.get(FactoryProxy.java:60)
	at SingleParameterInjector.inject(SingleParameterInjector.java:40)
	at SingleParameterInjector.getAll(SingleParameterInjector.java:60)
	at ConstructorInjector.provision(ConstructorInjector.java:113)
	at ConstructorInjector.access$000(ConstructorInjector.java:33)
	at ConstructorInjector$1.call(ConstructorInjector.java:98)
	at ProvisionListenerStackCallback$Provision.provision(ProvisionListenerStackCallback.java:109)
	at LifeCycleModule.provision(LifeCycleModule.java:70)
	at ProvisionListenerStackCallback$Provision.provision(ProvisionListenerStackCallback.java:117)
	at ProvisionListenerStackCallback.provision(ProvisionListenerStackCallback.java:66)
	at ConstructorInjector.construct(ConstructorInjector.java:93)
	at ConstructorBindingImpl$Factory.get(ConstructorBindingImpl.java:300)
	at ProviderToInternalFactoryAdapter.get(ProviderToInternalFactoryAdapter.java:40)
	at SingletonScope$1.get(SingletonScope.java:169)
	at InternalFactoryToProviderAdapter.get(InternalFactoryToProviderAdapter.java:45)
	at InternalInjectorCreator.loadEagerSingletons(InternalInjectorCreator.java:213)
	at InternalInjectorCreator.injectDynamically(InternalInjectorCreator.java:186)
	at InternalInjectorCreator.build(InternalInjectorCreator.java:113)
	at Guice.createInjector(Guice.java:87)
	at Bootstrap.initialize(Bootstrap.java:366)
	at Server.doStart(Server.java:124)
	at Server.lambda$start$0(Server.java:79)
	at io.trino.$gen.Trino_479____20260507_184053_1.run(Unknown Source)
	at Server.start(Server.java:79)
	at TrinoServer.main(TrinoServer.java:37)

47) [Guice/ErrorInjectingConstructor]: IllegalArgumentException: Invalid memory configuration. The sum of max query memory per node (4294967296) and heap headroom (1073741824) cannot be larger than the available heap memory (4294967296)
  at LocalMemoryManager.<init>(LocalMemoryManager.java:44)
  at java.base/DirectMethodHandleAccessor.invoke(DirectMethodHandleAccessor.java:104)
  at SqlTaskManager.<init>(SqlTaskManager.java:161)
      \_ for 8th parameter localMemoryManager
  at java.base/DirectMethodHandleAccessor.invoke(DirectMethodHandleAccessor.java:104)
  at SqlQueryExecution$SqlQueryExecutionFactory.<init>(SqlQueryExecution.java:838)
      \_ for 26th parameter coordinatorTaskManager
  at QueryExecutionFactoryModule.configure(QueryExecutionFactoryModule.java:145)
      \_ installed by: ServerMainModule -> CoordinatorModule -> QueryExecutionFactoryModule
  while locating SqlQueryExecution$SqlQueryExecutionFactory

Learn more:
  https://github.com/google/guice/wiki/ERROR_INJECTING_CONSTRUCTOR
Caused by: IllegalArgumentException: Invalid memory configuration. The sum of max query memory per node (4294967296) and heap headroom (1073741824) cannot be larger than the available heap memory (4294967296)
	at LocalMemoryManager.validateHeapHeadroom(LocalMemoryManager.java:64)
	at LocalMemoryManager.<init>(LocalMemoryManager.java:50)
	at LocalMemoryManager.<init>(LocalMemoryManager.java:44)
	at LocalMemoryManager$$FastClassByGuice$$7900c4b.GUICE$TRAMPOLINE(<generated>)
	at LocalMemoryManager$$FastClassByGuice$$7900c4b.apply(<generated>)
	at DefaultConstructionProxyFactory$FastClassProxy.newInstance(DefaultConstructionProxyFactory.java:82)
	at ConstructorInjector.provision(ConstructorInjector.java:114)
	at ConstructorInjector.access$000(ConstructorInjector.java:33)
	at ConstructorInjector$1.call(ConstructorInjector.java:98)
	at ProvisionListenerStackCallback$Provision.provision(ProvisionListenerStackCallback.java:109)
	at LifeCycleModule.provision(LifeCycleModule.java:70)
	at ProvisionListenerStackCallback$Provision.provision(ProvisionListenerStackCallback.java:117)
	at ProvisionListenerStackCallback.provision(ProvisionListenerStackCallback.java:66)
	at ConstructorInjector.construct(ConstructorInjector.java:93)
	at ConstructorBindingImpl$Factory.get(ConstructorBindingImpl.java:300)
	at ProviderToInternalFactoryAdapter.get(ProviderToInternalFactoryAdapter.java:40)
	at SingletonScope$1.get(SingletonScope.java:169)
	at InternalFactoryToProviderAdapter.get(InternalFactoryToProviderAdapter.java:45)
	at SingleParameterInjector.inject(SingleParameterInjector.java:40)
	at SingleParameterInjector.getAll(SingleParameterInjector.java:60)
	at ConstructorInjector.provision(ConstructorInjector.java:113)
	at ConstructorInjector.access$000(ConstructorInjector.java:33)
	at ConstructorInjector$1.call(ConstructorInjector.java:98)
	at ProvisionListenerStackCallback$Provision.provision(ProvisionListenerStackCallback.java:109)
	at LifeCycleModule.provision(LifeCycleModule.java:70)
	at ProvisionListenerStackCallback$Provision.provision(ProvisionListenerStackCallback.java:117)
	at ProvisionListenerStackCallback.provision(ProvisionListenerStackCallback.java:66)
	at ConstructorInjector.construct(ConstructorInjector.java:93)
	at ConstructorBindingImpl$Factory.get(ConstructorBindingImpl.java:300)
	at ProviderToInternalFactoryAdapter.get(ProviderToInternalFactoryAdapter.java:40)
	at SingletonScope$1.get(SingletonScope.java:169)
	at InternalFactoryToProviderAdapter.get(InternalFactoryToProviderAdapter.java:45)
	at SingleParameterInjector.inject(SingleParameterInjector.java:40)
	at SingleParameterInjector.getAll(SingleParameterInjector.java:60)
	at ConstructorInjector.provision(ConstructorInjector.java:113)
	at ConstructorInjector.access$000(ConstructorInjector.java:33)
	at ConstructorInjector$1.call(ConstructorInjector.java:98)
	at ProvisionListenerStackCallback$Provision.provision(ProvisionListenerStackCallback.java:109)
	at LifeCycleModule.provision(LifeCycleModule.java:70)
	at ProvisionListenerStackCallback$Provision.provision(ProvisionListenerStackCallback.java:117)
	at ProvisionListenerStackCallback.provision(ProvisionListenerStackCallback.java:66)
	at ConstructorInjector.construct(ConstructorInjector.java:93)
	at ConstructorBindingImpl$Factory.get(ConstructorBindingImpl.java:300)
	at ProviderToInternalFactoryAdapter.get(ProviderToInternalFactoryAdapter.java:40)
	at SingletonScope$1.get(SingletonScope.java:169)
	at InternalFactoryToProviderAdapter.get(InternalFactoryToProviderAdapter.java:45)
	at InternalInjectorCreator.loadEagerSingletons(InternalInjectorCreator.java:213)
	at InternalInjectorCreator.injectDynamically(InternalInjectorCreator.java:186)
	at InternalInjectorCreator.build(InternalInjectorCreator.java:113)
	at Guice.createInjector(Guice.java:87)
	at Bootstrap.initialize(Bootstrap.java:366)
	at Server.doStart(Server.java:124)
	at Server.lambda$start$0(Server.java:79)
	at io.trino.$gen.Trino_479____20260507_184053_1.run(Unknown Source)
	at Server.start(Server.java:79)
	at TrinoServer.main(TrinoServer.java:37)

48) [Guice/ErrorInjectingConstructor]: IllegalArgumentException: Invalid memory configuration. The sum of max query memory per node (4294967296) and heap headroom (1073741824) cannot be larger than the available heap memory (4294967296)
  at LocalMemoryManager.<init>(LocalMemoryManager.java:44)
  at java.base/DirectMethodHandleAccessor.invoke(DirectMethodHandleAccessor.java:104)
  at SqlTaskManager.<init>(SqlTaskManager.java:161)
      \_ for 8th parameter localMemoryManager
  at java.base/DirectMethodHandleAccessor.invoke(DirectMethodHandleAccessor.java:104)
  at TaskResource.<init>(TaskResource.java:121)
      \_ for 2nd parameter taskManager
  at ServerMainModule.setup(ServerMainModule.java:252)
  while locating TaskResource

Learn more:
  https://github.com/google/guice/wiki/ERROR_INJECTING_CONSTRUCTOR
Caused by: IllegalArgumentException (same stack trace as error #47)
49) [Guice/ErrorInjectingConstructor]: IllegalArgumentException: Invalid memory configuration. The sum of max query memory per node (4294967296) and heap headroom (1073741824) cannot be larger than the available heap memory (4294967296)
  at LocalMemoryManager.<init>(LocalMemoryManager.java:44)
  at java.base/DirectMethodHandleAccessor.invoke(DirectMethodHandleAccessor.java:104)
  at SqlTaskManager.<init>(SqlTaskManager.java:161)
      \_ for 8th parameter localMemoryManager
  at java.base/DirectMethodHandleAccessor.invoke(DirectMethodHandleAccessor.java:104)
  while locating SqlTaskManager

Learn more:
  https://github.com/google/guice/wiki/ERROR_INJECTING_CONSTRUCTOR
Caused by: IllegalArgumentException: Invalid memory configuration. The sum of max query memory per node (4294967296) and heap headroom (1073741824) cannot be larger than the available heap memory (4294967296)
	at LocalMemoryManager.validateHeapHeadroom(LocalMemoryManager.java:64)
	at LocalMemoryManager.<init>(LocalMemoryManager.java:50)
	at LocalMemoryManager.<init>(LocalMemoryManager.java:44)
	at LocalMemoryManager$$FastClassByGuice$$7900c4b.GUICE$TRAMPOLINE(<generated>)
	at LocalMemoryManager$$FastClassByGuice$$7900c4b.apply(<generated>)
	at DefaultConstructionProxyFactory$FastClassProxy.newInstance(DefaultConstructionProxyFactory.java:82)
	at ConstructorInjector.provision(ConstructorInjector.java:114)
	at ConstructorInjector.access$000(ConstructorInjector.java:33)
	at ConstructorInjector$1.call(ConstructorInjector.java:98)
	at ProvisionListenerStackCallback$Provision.provision(ProvisionListenerStackCallback.java:109)
	at LifeCycleModule.provision(LifeCycleModule.java:70)
	at ProvisionListenerStackCallback$Provision.provision(ProvisionListenerStackCallback.java:117)
	at ProvisionListenerStackCallback.provision(ProvisionListenerStackCallback.java:66)
	at ConstructorInjector.construct(ConstructorInjector.java:93)
	at ConstructorBindingImpl$Factory.get(ConstructorBindingImpl.java:300)
	at ProviderToInternalFactoryAdapter.get(ProviderToInternalFactoryAdapter.java:40)
	at SingletonScope$1.get(SingletonScope.java:169)
	at InternalFactoryToProviderAdapter.get(InternalFactoryToProviderAdapter.java:45)
	at SingleParameterInjector.inject(SingleParameterInjector.java:40)
	at SingleParameterInjector.getAll(SingleParameterInjector.java:60)
	at ConstructorInjector.provision(ConstructorInjector.java:113)
	at ConstructorInjector.access$000(ConstructorInjector.java:33)
	at ConstructorInjector$1.call(ConstructorInjector.java:98)
	at ProvisionListenerStackCallback$Provision.provision(ProvisionListenerStackCallback.java:109)
	at LifeCycleModule.provision(LifeCycleModule.java:70)
	at ProvisionListenerStackCallback$Provision.provision(ProvisionListenerStackCallback.java:117)
	at ProvisionListenerStackCallback.provision(ProvisionListenerStackCallback.java:66)
	at ConstructorInjector.construct(ConstructorInjector.java:93)
	at ConstructorBindingImpl$Factory.get(ConstructorBindingImpl.java:300)
	at ProviderToInternalFactoryAdapter.get(ProviderToInternalFactoryAdapter.java:40)
	at SingletonScope$1.get(SingletonScope.java:169)
	at InternalFactoryToProviderAdapter.get(InternalFactoryToProviderAdapter.java:45)
	at InternalInjectorCreator.loadEagerSingletons(InternalInjectorCreator.java:213)
	at InternalInjectorCreator.injectDynamically(InternalInjectorCreator.java:186)
	at InternalInjectorCreator.build(InternalInjectorCreator.java:113)
	at Guice.createInjector(Guice.java:87)
	at Bootstrap.initialize(Bootstrap.java:366)
	at Server.doStart(Server.java:124)
	at Server.lambda$start$0(Server.java:79)
	at io.trino.$gen.Trino_479____20260507_184053_1.run(Unknown Source)
	at Server.start(Server.java:79)
	at TrinoServer.main(TrinoServer.java:37)

50) [Guice/ErrorInjectingConstructor]: IllegalArgumentException: Invalid memory configuration. The sum of max query memory per node (4294967296) and heap headroom (1073741824) cannot be larger than the available heap memory (4294967296)
  at LocalMemoryManager.<init>(LocalMemoryManager.java:44)
  at java.base/DirectMethodHandleAccessor.invoke(DirectMethodHandleAccessor.java:104)
  at MemoryRevokingScheduler.<init>(MemoryRevokingScheduler.java:72)
      \_ for 1st parameter localMemoryManager
  at java.base/DirectMethodHandleAccessor.invoke(DirectMethodHandleAccessor.java:104)
  while locating MemoryRevokingScheduler

Learn more:
  https://github.com/google/guice/wiki/ERROR_INJECTING_CONSTRUCTOR
Caused by: IllegalArgumentException (same stack trace as error #49)
51) [Guice/ErrorInjectingConstructor]: IllegalArgumentException: Invalid memory configuration. The sum of max query memory per node (4294967296) and heap headroom (1073741824) cannot be larger than the available heap memory (4294967296)
  at LocalMemoryManager.<init>(LocalMemoryManager.java:44)
  at java.base/DirectMethodHandleAccessor.invoke(DirectMethodHandleAccessor.java:104)
  while locating LocalMemoryManager

Learn more:
  https://github.com/google/guice/wiki/ERROR_INJECTING_CONSTRUCTOR
Caused by: IllegalArgumentException: Invalid memory configuration. The sum of max query memory per node (4294967296) and heap headroom (1073741824) cannot be larger than the available heap memory (4294967296)
	at LocalMemoryManager.validateHeapHeadroom(LocalMemoryManager.java:64)
	at LocalMemoryManager.<init>(LocalMemoryManager.java:50)
	at LocalMemoryManager.<init>(LocalMemoryManager.java:44)
	at LocalMemoryManager$$FastClassByGuice$$7900c4b.GUICE$TRAMPOLINE(<generated>)
	at LocalMemoryManager$$FastClassByGuice$$7900c4b.apply(<generated>)
	at DefaultConstructionProxyFactory$FastClassProxy.newInstance(DefaultConstructionProxyFactory.java:82)
	at ConstructorInjector.provision(ConstructorInjector.java:114)
	at ConstructorInjector.access$000(ConstructorInjector.java:33)
	at ConstructorInjector$1.call(ConstructorInjector.java:98)
	at ProvisionListenerStackCallback$Provision.provision(ProvisionListenerStackCallback.java:109)
	at LifeCycleModule.provision(LifeCycleModule.java:70)
	at ProvisionListenerStackCallback$Provision.provision(ProvisionListenerStackCallback.java:117)
	at ProvisionListenerStackCallback.provision(ProvisionListenerStackCallback.java:66)
	at ConstructorInjector.construct(ConstructorInjector.java:93)
	at ConstructorBindingImpl$Factory.get(ConstructorBindingImpl.java:300)
	at ProviderToInternalFactoryAdapter.get(ProviderToInternalFactoryAdapter.java:40)
	at SingletonScope$1.get(SingletonScope.java:169)
	at InternalFactoryToProviderAdapter.get(InternalFactoryToProviderAdapter.java:45)
	at InternalInjectorCreator.loadEagerSingletons(InternalInjectorCreator.java:213)
	at InternalInjectorCreator.injectDynamically(InternalInjectorCreator.java:186)
	at InternalInjectorCreator.build(InternalInjectorCreator.java:113)
	at Guice.createInjector(Guice.java:87)
	at Bootstrap.initialize(Bootstrap.java:366)
	at Server.doStart(Server.java:124)
	at Server.lambda$start$0(Server.java:79)
	at io.trino.$gen.Trino_479____20260507_184053_1.run(Unknown Source)
	at Server.start(Server.java:79)
	at TrinoServer.main(TrinoServer.java:37)

52) [Guice/ErrorInjectingConstructor]: IllegalArgumentException: Invalid memory configuration. The sum of max query memory per node (4294967296) and heap headroom (1073741824) cannot be larger than the available heap memory (4294967296)
  at LocalMemoryManager.<init>(LocalMemoryManager.java:44)
  at java.base/DirectMethodHandleAccessor.invoke(DirectMethodHandleAccessor.java:104)
  at LocalMemoryManagerExporter.<init>(LocalMemoryManagerExporter.java:32)
      \_ for 1st parameter memoryManager
  at java.base/DirectMethodHandleAccessor.invoke(DirectMethodHandleAccessor.java:104)
  while locating LocalMemoryManagerExporter

Learn more:
  https://github.com/google/guice/wiki/ERROR_INJECTING_CONSTRUCTOR
Caused by: IllegalArgumentException (same stack trace as error #49)
53) [Guice/ErrorInjectingConstructor]: IllegalArgumentException: Invalid memory configuration. The sum of max query memory per node (4294967296) and heap headroom (1073741824) cannot be larger than the available heap memory (4294967296)
  at LocalMemoryManager.<init>(LocalMemoryManager.java:44)
  at java.base/DirectMethodHandleAccessor.invoke(DirectMethodHandleAccessor.java:104)
  at MemoryResource.<init>(MemoryResource.java:36)
      \_ for 1st parameter memoryManager
  at ServerMainModule.setup(ServerMainModule.java:350)
  while locating MemoryResource

Learn more:
  https://github.com/google/guice/wiki/ERROR_INJECTING_CONSTRUCTOR
Caused by: IllegalArgumentException (same stack trace as error #49)
54) [Guice/ErrorInjectingConstructor]: IllegalArgumentException: Invalid memory configuration. The sum of max query memory per node (4294967296) and heap headroom (1073741824) cannot be larger than the available heap memory (4294967296)
  at LocalMemoryManager.<init>(LocalMemoryManager.java:44)
  at java.base/DirectMethodHandleAccessor.invoke(DirectMethodHandleAccessor.java:104)
  at SqlTaskManager.<init>(SqlTaskManager.java:161)
      \_ for 8th parameter localMemoryManager
  at java.base/DirectMethodHandleAccessor.invoke(DirectMethodHandleAccessor.java:104)
  at SqlQueryExecution$SqlQueryExecutionFactory.<init>(SqlQueryExecution.java:838)
      \_ for 26th parameter coordinatorTaskManager
  at QueryExecutionFactoryModule.configure(QueryExecutionFactoryModule.java:145)
      \_ installed by: ServerMainModule -> CoordinatorModule -> QueryExecutionFactoryModule
  while locating SqlQueryExecution$SqlQueryExecutionFactory
  at QueryExecutionFactoryModule.configure(QueryExecutionFactoryModule.java:147)
      \_ installed by: ServerMainModule -> CoordinatorModule -> QueryExecutionFactoryModule
  while locating QueryExecution$QueryExecutionFactory<?> annotated with @Element(setName=,uniqueId=552, type=MAPBINDER, keyType=Class<? extends Statement>)
  at LocalDispatchQueryFactory.<init>(LocalDispatchQueryFactory.java:93)
      \_ for 9th parameter executionFactories
  while locating LocalDispatchQueryFactory
  at DispatchManager.<init>(DispatchManager.java:114)
      \_ for 4th parameter dispatchQueryFactory
  at java.base/DirectMethodHandleAccessor.invoke(DirectMethodHandleAccessor.java:104)
      \_ installed by: ServerMainModule -> CoordinatorModule
  while locating DispatchManager
  at KillQueryProcedure.<init>(KillQueryProcedure.java:57)
      \_ for 1st parameter dispatchManager
  at SystemConnectorModule.configure(SystemConnectorModule.java:80)
      \_ installed by: ServerMainModule -> SystemConnectorModule
  while locating KillQueryProcedure

Learn more:
  https://github.com/google/guice/wiki/ERROR_INJECTING_CONSTRUCTOR
Caused by: IllegalArgumentException: Invalid memory configuration. The sum of max query memory per node (4294967296) and heap headroom (1073741824) cannot be larger than the available heap memory (4294967296)
	at LocalMemoryManager.validateHeapHeadroom(LocalMemoryManager.java:64)
	at LocalMemoryManager.<init>(LocalMemoryManager.java:50)
	at LocalMemoryManager.<init>(LocalMemoryManager.java:44)
	at LocalMemoryManager$$FastClassByGuice$$7900c4b.GUICE$TRAMPOLINE(<generated>)
	at LocalMemoryManager$$FastClassByGuice$$7900c4b.apply(<generated>)
	at DefaultConstructionProxyFactory$FastClassProxy.newInstance(DefaultConstructionProxyFactory.java:82)
	at ConstructorInjector.provision(ConstructorInjector.java:114)
	at ConstructorInjector.access$000(ConstructorInjector.java:33)
	at ConstructorInjector$1.call(ConstructorInjector.java:98)
	at ProvisionListenerStackCallback$Provision.provision(ProvisionListenerStackCallback.java:109)
	at LifeCycleModule.provision(LifeCycleModule.java:70)
	at ProvisionListenerStackCallback$Provision.provision(ProvisionListenerStackCallback.java:117)
	at ProvisionListenerStackCallback.provision(ProvisionListenerStackCallback.java:66)
	at ConstructorInjector.construct(ConstructorInjector.java:93)
	at ConstructorBindingImpl$Factory.get(ConstructorBindingImpl.java:300)
	at ProviderToInternalFactoryAdapter.get(ProviderToInternalFactoryAdapter.java:40)
	at SingletonScope$1.get(SingletonScope.java:169)
	at InternalFactoryToProviderAdapter.get(InternalFactoryToProviderAdapter.java:45)
	at SingleParameterInjector.inject(SingleParameterInjector.java:40)
	at SingleParameterInjector.getAll(SingleParameterInjector.java:60)
	at ConstructorInjector.provision(ConstructorInjector.java:113)
	at ConstructorInjector.access$000(ConstructorInjector.java:33)
	at ConstructorInjector$1.call(ConstructorInjector.java:98)
	at ProvisionListenerStackCallback$Provision.provision(ProvisionListenerStackCallback.java:109)
	at LifeCycleModule.provision(LifeCycleModule.java:70)
	at ProvisionListenerStackCallback$Provision.provision(ProvisionListenerStackCallback.java:117)
	at ProvisionListenerStackCallback.provision(ProvisionListenerStackCallback.java:66)
	at ConstructorInjector.construct(ConstructorInjector.java:93)
	at ConstructorBindingImpl$Factory.get(ConstructorBindingImpl.java:300)
	at ProviderToInternalFactoryAdapter.get(ProviderToInternalFactoryAdapter.java:40)
	at SingletonScope$1.get(SingletonScope.java:169)
	at InternalFactoryToProviderAdapter.get(InternalFactoryToProviderAdapter.java:45)
	at SingleParameterInjector.inject(SingleParameterInjector.java:40)
	at SingleParameterInjector.getAll(SingleParameterInjector.java:60)
	at ConstructorInjector.provision(ConstructorInjector.java:113)
	at ConstructorInjector.access$000(ConstructorInjector.java:33)
	at ConstructorInjector$1.call(ConstructorInjector.java:98)
	at ProvisionListenerStackCallback$Provision.provision(ProvisionListenerStackCallback.java:109)
	at LifeCycleModule.provision(LifeCycleModule.java:70)
	at ProvisionListenerStackCallback$Provision.provision(ProvisionListenerStackCallback.java:117)
	at ProvisionListenerStackCallback.provision(ProvisionListenerStackCallback.java:66)
	at ConstructorInjector.construct(ConstructorInjector.java:93)
	at ConstructorBindingImpl$Factory.get(ConstructorBindingImpl.java:300)
	at ProviderToInternalFactoryAdapter.get(ProviderToInternalFactoryAdapter.java:40)
	at SingletonScope$1.get(SingletonScope.java:169)
	at InternalFactoryToProviderAdapter.get(InternalFactoryToProviderAdapter.java:45)
	at FactoryProxy.get(FactoryProxy.java:60)
	at ProviderToInternalFactoryAdapter.get(ProviderToInternalFactoryAdapter.java:40)
	at SingletonScope$1.get(SingletonScope.java:169)
	at InternalFactoryToProviderAdapter.get(InternalFactoryToProviderAdapter.java:45)
	at SingleParameterInjector.inject(SingleParameterInjector.java:40)
	at RealMapBinder$ExtensionRealMapProvider.doProvision(RealMapBinder.java:808)
	at RealMapBinder$ExtensionRealMapProvider.doProvision(RealMapBinder.java:743)
	at InternalProviderInstanceBindingImpl$Factory$1.call(InternalProviderInstanceBindingImpl.java:120)
	at ProvisionListenerStackCallback$Provision.provision(ProvisionListenerStackCallback.java:109)
	at LifeCycleModule.provision(LifeCycleModule.java:70)
	at ProvisionListenerStackCallback$Provision.provision(ProvisionListenerStackCallback.java:117)
	at ProvisionListenerStackCallback.provision(ProvisionListenerStackCallback.java:66)
	at InternalProviderInstanceBindingImpl$Factory.get(InternalProviderInstanceBindingImpl.java:115)
	at SingleParameterInjector.inject(SingleParameterInjector.java:40)
	at SingleParameterInjector.getAll(SingleParameterInjector.java:60)
	at ConstructorInjector.provision(ConstructorInjector.java:113)
	at ConstructorInjector.access$000(ConstructorInjector.java:33)
	at ConstructorInjector$1.call(ConstructorInjector.java:98)
	at ProvisionListenerStackCallback$Provision.provision(ProvisionListenerStackCallback.java:109)
	at LifeCycleModule.provision(LifeCycleModule.java:70)
	at ProvisionListenerStackCallback$Provision.provision(ProvisionListenerStackCallback.java:117)
	at ProvisionListenerStackCallback.provision(ProvisionListenerStackCallback.java:66)
	at ConstructorInjector.construct(ConstructorInjector.java:93)
	at ConstructorBindingImpl$Factory.get(ConstructorBindingImpl.java:300)
	at FactoryProxy.get(FactoryProxy.java:60)
	at SingleParameterInjector.inject(SingleParameterInjector.java:40)
	at SingleParameterInjector.getAll(SingleParameterInjector.java:60)
	at ConstructorInjector.provision(ConstructorInjector.java:113)
	at ConstructorInjector.access$000(ConstructorInjector.java:33)
	at ConstructorInjector$1.call(ConstructorInjector.java:98)
	at ProvisionListenerStackCallback$Provision.provision(ProvisionListenerStackCallback.java:109)
	at LifeCycleModule.provision(LifeCycleModule.java:70)
	at ProvisionListenerStackCallback$Provision.provision(ProvisionListenerStackCallback.java:117)
	at ProvisionListenerStackCallback.provision(ProvisionListenerStackCallback.java:66)
	at ConstructorInjector.construct(ConstructorInjector.java:93)
	at ConstructorBindingImpl$Factory.get(ConstructorBindingImpl.java:300)
	at ProviderToInternalFactoryAdapter.get(ProviderToInternalFactoryAdapter.java:40)
	at SingletonScope$1.get(SingletonScope.java:169)
	at InternalFactoryToProviderAdapter.get(InternalFactoryToProviderAdapter.java:45)
	at RealOptionalBinder$JavaOptionalProvider.doProvision(RealOptionalBinder.java:269)
	at RealOptionalBinder$JavaOptionalProvider.doProvision(RealOptionalBinder.java:231)
	at InternalProviderInstanceBindingImpl$Factory$1.call(InternalProviderInstanceBindingImpl.java:120)
	at ProvisionListenerStackCallback$Provision.provision(ProvisionListenerStackCallback.java:109)
	at LifeCycleModule.provision(LifeCycleModule.java:70)
	at ProvisionListenerStackCallback$Provision.provision(ProvisionListenerStackCallback.java:117)
	at ProvisionListenerStackCallback.provision(ProvisionListenerStackCallback.java:66)
	at InternalProviderInstanceBindingImpl$Factory.get(InternalProviderInstanceBindingImpl.java:115)
	at SingleParameterInjector.inject(SingleParameterInjector.java:40)
	at SingleParameterInjector.getAll(SingleParameterInjector.java:60)
	at ConstructorInjector.provision(ConstructorInjector.java:113)
	at ConstructorInjector.access$000(ConstructorInjector.java:33)
	at ConstructorInjector$1.call(ConstructorInjector.java:98)
	at ProvisionListenerStackCallback$Provision.provision(ProvisionListenerStackCallback.java:109)
	at LifeCycleModule.provision(LifeCycleModule.java:70)
	at ProvisionListenerStackCallback$Provision.provision(ProvisionListenerStackCallback.java:117)
	at ProvisionListenerStackCallback.provision(ProvisionListenerStackCallback.java:66)
	at ConstructorInjector.construct(ConstructorInjector.java:93)
	at ConstructorBindingImpl$Factory.get(ConstructorBindingImpl.java:300)
	at ProviderToInternalFactoryAdapter.get(ProviderToInternalFactoryAdapter.java:40)
	at SingletonScope$1.get(SingletonScope.java:169)
	at InternalFactoryToProviderAdapter.get(InternalFactoryToProviderAdapter.java:45)
	at InternalInjectorCreator.loadEagerSingletons(InternalInjectorCreator.java:213)
	at InternalInjectorCreator.injectDynamically(InternalInjectorCreator.java:186)
	at InternalInjectorCreator.build(InternalInjectorCreator.java:113)
	at Guice.createInjector(Guice.java:87)
	at Bootstrap.initialize(Bootstrap.java:366)
	at Server.doStart(Server.java:124)
	at Server.lambda$start$0(Server.java:79)
	at io.trino.$gen.Trino_479____20260507_184053_1.run(Unknown Source)
	at Server.start(Server.java:79)
	at TrinoServer.main(TrinoServer.java:37)

55) [Guice/ErrorInjectingConstructor]: IllegalArgumentException: Invalid memory configuration. The sum of max query memory per node (4294967296) and heap headroom (1073741824) cannot be larger than the available heap memory (4294967296)
  at LocalMemoryManager.<init>(LocalMemoryManager.java:44)
  at java.base/DirectMethodHandleAccessor.invoke(DirectMethodHandleAccessor.java:104)
  at SqlTaskManager.<init>(SqlTaskManager.java:161)
      \_ for 8th parameter localMemoryManager
  at java.base/DirectMethodHandleAccessor.invoke(DirectMethodHandleAccessor.java:104)
  at SqlQueryExecution$SqlQueryExecutionFactory.<init>(SqlQueryExecution.java:838)
      \_ for 26th parameter coordinatorTaskManager
  at QueryExecutionFactoryModule.configure(QueryExecutionFactoryModule.java:145)
      \_ installed by: ServerMainModule -> CoordinatorModule -> QueryExecutionFactoryModule
  while locating SqlQueryExecution$SqlQueryExecutionFactory
  at QueryExecutionFactoryModule.configure(QueryExecutionFactoryModule.java:147)
      \_ installed by: ServerMainModule -> CoordinatorModule -> QueryExecutionFactoryModule
  while locating QueryExecution$QueryExecutionFactory<?> annotated with @Element(setName=,uniqueId=552, type=MAPBINDER, keyType=Class<? extends Statement>)
  at LocalDispatchQueryFactory.<init>(LocalDispatchQueryFactory.java:93)
      \_ for 9th parameter executionFactories
  while locating LocalDispatchQueryFactory
  at DispatchManager.<init>(DispatchManager.java:114)
      \_ for 4th parameter dispatchQueryFactory
  at java.base/DirectMethodHandleAccessor.invoke(DirectMethodHandleAccessor.java:104)
      \_ installed by: ServerMainModule -> CoordinatorModule
  while locating DispatchManager
  at QuerySystemTable.<init>(QuerySystemTable.java:86)
      \_ for 1st parameter dispatchManager
  while locating QuerySystemTable
  at SystemConnectorModule.configure(SystemConnectorModule.java:47)
      \_ installed by: ServerMainModule -> SystemConnectorModule
  while locating SystemTable annotated with @Element(setName=,uniqueId=867, type=MULTIBINDER, keyType=)
  at GlobalSystemConnector.<init>(GlobalSystemConnector.java:53)
      \_ for 1st parameter systemTables
  at SystemConnectorModule.configure(SystemConnectorModule.java:82)
      \_ installed by: ServerMainModule -> SystemConnectorModule
  while locating GlobalSystemConnector

Learn more:
  https://github.com/google/guice/wiki/ERROR_INJECTING_CONSTRUCTOR
Caused by: IllegalArgumentException: Invalid memory configuration. The sum of max query memory per node (4294967296) and heap headroom (1073741824) cannot be larger than the available heap memory (4294967296)
	at LocalMemoryManager.validateHeapHeadroom(LocalMemoryManager.java:64)
	at LocalMemoryManager.<init>(LocalMemoryManager.java:50)
	at LocalMemoryManager.<init>(LocalMemoryManager.java:44)
	at LocalMemoryManager$$FastClassByGuice$$7900c4b.GUICE$TRAMPOLINE(<generated>)
	at LocalMemoryManager$$FastClassByGuice$$7900c4b.apply(<generated>)
	at DefaultConstructionProxyFactory$FastClassProxy.newInstance(DefaultConstructionProxyFactory.java:82)
	at ConstructorInjector.provision(ConstructorInjector.java:114)
	at ConstructorInjector.access$000(ConstructorInjector.java:33)
	at ConstructorInjector$1.call(ConstructorInjector.java:98)
	at ProvisionListenerStackCallback$Provision.provision(ProvisionListenerStackCallback.java:109)
	at LifeCycleModule.provision(LifeCycleModule.java:70)
	at ProvisionListenerStackCallback$Provision.provision(ProvisionListenerStackCallback.java:117)
	at ProvisionListenerStackCallback.provision(ProvisionListenerStackCallback.java:66)
	at ConstructorInjector.construct(ConstructorInjector.java:93)
	at ConstructorBindingImpl$Factory.get(ConstructorBindingImpl.java:300)
	at ProviderToInternalFactoryAdapter.get(ProviderToInternalFactoryAdapter.java:40)
	at SingletonScope$1.get(SingletonScope.java:169)
	at InternalFactoryToProviderAdapter.get(InternalFactoryToProviderAdapter.java:45)
	at SingleParameterInjector.inject(SingleParameterInjector.java:40)
	at SingleParameterInjector.getAll(SingleParameterInjector.java:60)
	at ConstructorInjector.provision(ConstructorInjector.java:113)
	at ConstructorInjector.access$000(ConstructorInjector.java:33)
	at ConstructorInjector$1.call(ConstructorInjector.java:98)
	at ProvisionListenerStackCallback$Provision.provision(ProvisionListenerStackCallback.java:109)
	at LifeCycleModule.provision(LifeCycleModule.java:70)
	at ProvisionListenerStackCallback$Provision.provision(ProvisionListenerStackCallback.java:117)
	at ProvisionListenerStackCallback.provision(ProvisionListenerStackCallback.java:66)
	at ConstructorInjector.construct(ConstructorInjector.java:93)
	at ConstructorBindingImpl$Factory.get(ConstructorBindingImpl.java:300)
	at ProviderToInternalFactoryAdapter.get(ProviderToInternalFactoryAdapter.java:40)
	at SingletonScope$1.get(SingletonScope.java:169)
	at InternalFactoryToProviderAdapter.get(InternalFactoryToProviderAdapter.java:45)
	at SingleParameterInjector.inject(SingleParameterInjector.java:40)
	at SingleParameterInjector.getAll(SingleParameterInjector.java:60)
	at ConstructorInjector.provision(ConstructorInjector.java:113)
	at ConstructorInjector.access$000(ConstructorInjector.java:33)
	at ConstructorInjector$1.call(ConstructorInjector.java:98)
	at ProvisionListenerStackCallback$Provision.provision(ProvisionListenerStackCallback.java:109)
	at LifeCycleModule.provision(LifeCycleModule.java:70)
	at ProvisionListenerStackCallback$Provision.provision(ProvisionListenerStackCallback.java:117)
	at ProvisionListenerStackCallback.provision(ProvisionListenerStackCallback.java:66)
	at ConstructorInjector.construct(ConstructorInjector.java:93)
	at ConstructorBindingImpl$Factory.get(ConstructorBindingImpl.java:300)
	at ProviderToInternalFactoryAdapter.get(ProviderToInternalFactoryAdapter.java:40)
	at SingletonScope$1.get(SingletonScope.java:169)
	at InternalFactoryToProviderAdapter.get(InternalFactoryToProviderAdapter.java:45)
	at FactoryProxy.get(FactoryProxy.java:60)
	at ProviderToInternalFactoryAdapter.get(ProviderToInternalFactoryAdapter.java:40)
	at SingletonScope$1.get(SingletonScope.java:169)
	at InternalFactoryToProviderAdapter.get(InternalFactoryToProviderAdapter.java:45)
	at SingleParameterInjector.inject(SingleParameterInjector.java:40)
	at RealMapBinder$ExtensionRealMapProvider.doProvision(RealMapBinder.java:808)
	at RealMapBinder$ExtensionRealMapProvider.doProvision(RealMapBinder.java:743)
	at InternalProviderInstanceBindingImpl$Factory$1.call(InternalProviderInstanceBindingImpl.java:120)
	at ProvisionListenerStackCallback$Provision.provision(ProvisionListenerStackCallback.java:109)
	at LifeCycleModule.provision(LifeCycleModule.java:70)
	at ProvisionListenerStackCallback$Provision.provision(ProvisionListenerStackCallback.java:117)
	at ProvisionListenerStackCallback.provision(ProvisionListenerStackCallback.java:66)
	at InternalProviderInstanceBindingImpl$Factory.get(InternalProviderInstanceBindingImpl.java:115)
	at SingleParameterInjector.inject(SingleParameterInjector.java:40)
	at SingleParameterInjector.getAll(SingleParameterInjector.java:60)
	at ConstructorInjector.provision(ConstructorInjector.java:113)
	at ConstructorInjector.access$000(ConstructorInjector.java:33)
	at ConstructorInjector$1.call(ConstructorInjector.java:98)
	at ProvisionListenerStackCallback$Provision.provision(ProvisionListenerStackCallback.java:109)
	at LifeCycleModule.provision(LifeCycleModule.java:70)
	at ProvisionListenerStackCallback$Provision.provision(ProvisionListenerStackCallback.java:117)
	at ProvisionListenerStackCallback.provision(ProvisionListenerStackCallback.java:66)
	at ConstructorInjector.construct(ConstructorInjector.java:93)
	at ConstructorBindingImpl$Factory.get(ConstructorBindingImpl.java:300)
	at FactoryProxy.get(FactoryProxy.java:60)
	at SingleParameterInjector.inject(SingleParameterInjector.java:40)
	at SingleParameterInjector.getAll(SingleParameterInjector.java:60)
	at ConstructorInjector.provision(ConstructorInjector.java:113)
	at ConstructorInjector.access$000(ConstructorInjector.java:33)
	at ConstructorInjector$1.call(ConstructorInjector.java:98)
	at ProvisionListenerStackCallback$Provision.provision(ProvisionListenerStackCallback.java:109)
	at LifeCycleModule.provision(LifeCycleModule.java:70)
	at ProvisionListenerStackCallback$Provision.provision(ProvisionListenerStackCallback.java:117)
	at ProvisionListenerStackCallback.provision(ProvisionListenerStackCallback.java:66)
	at ConstructorInjector.construct(ConstructorInjector.java:93)
	at ConstructorBindingImpl$Factory.get(ConstructorBindingImpl.java:300)
	at ProviderToInternalFactoryAdapter.get(ProviderToInternalFactoryAdapter.java:40)
	at SingletonScope$1.get(SingletonScope.java:169)
	at InternalFactoryToProviderAdapter.get(InternalFactoryToProviderAdapter.java:45)
	at RealOptionalBinder$JavaOptionalProvider.doProvision(RealOptionalBinder.java:269)
	at RealOptionalBinder$JavaOptionalProvider.doProvision(RealOptionalBinder.java:231)
	at InternalProviderInstanceBindingImpl$Factory$1.call(InternalProviderInstanceBindingImpl.java:120)
	at ProvisionListenerStackCallback$Provision.provision(ProvisionListenerStackCallback.java:109)
	at LifeCycleModule.provision(LifeCycleModule.java:70)
	at ProvisionListenerStackCallback$Provision.provision(ProvisionListenerStackCallback.java:117)
	at ProvisionListenerStackCallback.provision(ProvisionListenerStackCallback.java:66)
	at InternalProviderInstanceBindingImpl$Factory.get(InternalProviderInstanceBindingImpl.java:115)
	at SingleParameterInjector.inject(SingleParameterInjector.java:40)
	at SingleParameterInjector.getAll(SingleParameterInjector.java:60)
	at ConstructorInjector.provision(ConstructorInjector.java:113)
	at ConstructorInjector.access$000(ConstructorInjector.java:33)
	at ConstructorInjector$1.call(ConstructorInjector.java:98)
	at ProvisionListenerStackCallback$Provision.provision(ProvisionListenerStackCallback.java:109)
	at LifeCycleModule.provision(LifeCycleModule.java:70)
	at ProvisionListenerStackCallback$Provision.provision(ProvisionListenerStackCallback.java:117)
	at ProvisionListenerStackCallback.provision(ProvisionListenerStackCallback.java:66)
	at ConstructorInjector.construct(ConstructorInjector.java:93)
	at ConstructorBindingImpl$Factory.get(ConstructorBindingImpl.java:300)
	at FactoryProxy.get(FactoryProxy.java:60)
	at ProviderToInternalFactoryAdapter.get(ProviderToInternalFactoryAdapter.java:40)
	at SingletonScope$1.get(SingletonScope.java:169)
	at InternalFactoryToProviderAdapter.get(InternalFactoryToProviderAdapter.java:45)
	at SingleParameterInjector.inject(SingleParameterInjector.java:40)
	at RealMultibinder$RealMultibinderProvider.doProvision(RealMultibinder.java:247)
	at RealMultibinder$RealMultibinderProvider.doProvision(RealMultibinder.java:213)
	at InternalProviderInstanceBindingImpl$Factory$1.call(InternalProviderInstanceBindingImpl.java:120)
	at ProvisionListenerStackCallback$Provision.provision(ProvisionListenerStackCallback.java:109)
	at LifeCycleModule.provision(LifeCycleModule.java:70)
	at ProvisionListenerStackCallback$Provision.provision(ProvisionListenerStackCallback.java:117)
	at ProvisionListenerStackCallback.provision(ProvisionListenerStackCallback.java:66)
	at InternalProviderInstanceBindingImpl$Factory.get(InternalProviderInstanceBindingImpl.java:115)
	at SingleParameterInjector.inject(SingleParameterInjector.java:40)
	at SingleParameterInjector.getAll(SingleParameterInjector.java:60)
	at ConstructorInjector.provision(ConstructorInjector.java:113)
	at ConstructorInjector.access$000(ConstructorInjector.java:33)
	at ConstructorInjector$1.call(ConstructorInjector.java:98)
	at ProvisionListenerStackCallback$Provision.provision(ProvisionListenerStackCallback.java:109)
	at LifeCycleModule.provision(LifeCycleModule.java:70)
	at ProvisionListenerStackCallback$Provision.provision(ProvisionListenerStackCallback.java:117)
	at ProvisionListenerStackCallback.provision(ProvisionListenerStackCallback.java:66)
	at ConstructorInjector.construct(ConstructorInjector.java:93)
	at ConstructorBindingImpl$Factory.get(ConstructorBindingImpl.java:300)
	at ProviderToInternalFactoryAdapter.get(ProviderToInternalFactoryAdapter.java:40)
	at SingletonScope$1.get(SingletonScope.java:169)
	at InternalFactoryToProviderAdapter.get(InternalFactoryToProviderAdapter.java:45)
	at InternalInjectorCreator.loadEagerSingletons(InternalInjectorCreator.java:213)
	at InternalInjectorCreator.injectDynamically(InternalInjectorCreator.java:186)
	at InternalInjectorCreator.build(InternalInjectorCreator.java:113)
	at Guice.createInjector(Guice.java:87)
	at Bootstrap.initialize(Bootstrap.java:366)
	at Server.doStart(Server.java:124)
	at Server.lambda$start$0(Server.java:79)
	at io.trino.$gen.Trino_479____20260507_184053_1.run(Unknown Source)
	at Server.start(Server.java:79)
	at TrinoServer.main(TrinoServer.java:37)

56) [Guice/ErrorInjectingConstructor]: IllegalArgumentException: Invalid memory configuration. The sum of max query memory per node (4294967296) and heap headroom (1073741824) cannot be larger than the available heap memory (4294967296)
  at LocalMemoryManager.<init>(LocalMemoryManager.java:44)
  at java.base/DirectMethodHandleAccessor.invoke(DirectMethodHandleAccessor.java:104)
  at SqlTaskManager.<init>(SqlTaskManager.java:161)
      \_ for 8th parameter localMemoryManager
  at java.base/DirectMethodHandleAccessor.invoke(DirectMethodHandleAccessor.java:104)
  at NodeStateManager.<init>(NodeStateManager.java:86)
      \_ for 2nd parameter sqlTaskManager
  at java.base/DirectMethodHandleAccessor.invoke(DirectMethodHandleAccessor.java:104)
  at ServerInfoResource.<init>(ServerInfoResource.java:64)
      \_ for 4th parameter nodeStateManager
  at ServerMainModule.setup(ServerMainModule.java:422)
  while locating ServerInfoResource

Learn more:
  https://github.com/google/guice/wiki/ERROR_INJECTING_CONSTRUCTOR
Caused by: IllegalArgumentException: Invalid memory configuration. The sum of max query memory per node (4294967296) and heap headroom (1073741824) cannot be larger than the available heap memory (4294967296)
	at LocalMemoryManager.validateHeapHeadroom(LocalMemoryManager.java:64)
	at LocalMemoryManager.<init>(LocalMemoryManager.java:50)
	at LocalMemoryManager.<init>(LocalMemoryManager.java:44)
	at LocalMemoryManager$$FastClassByGuice$$7900c4b.GUICE$TRAMPOLINE(<generated>)
	at LocalMemoryManager$$FastClassByGuice$$7900c4b.apply(<generated>)
	at DefaultConstructionProxyFactory$FastClassProxy.newInstance(DefaultConstructionProxyFactory.java:82)
	at ConstructorInjector.provision(ConstructorInjector.java:114)
	at ConstructorInjector.access$000(ConstructorInjector.java:33)
	at ConstructorInjector$1.call(ConstructorInjector.java:98)
	at ProvisionListenerStackCallback$Provision.provision(ProvisionListenerStackCallback.java:109)
	at LifeCycleModule.provision(LifeCycleModule.java:70)
	at ProvisionListenerStackCallback$Provision.provision(ProvisionListenerStackCallback.java:117)
	at ProvisionListenerStackCallback.provision(ProvisionListenerStackCallback.java:66)
	at ConstructorInjector.construct(ConstructorInjector.java:93)
	at ConstructorBindingImpl$Factory.get(ConstructorBindingImpl.java:300)
	at ProviderToInternalFactoryAdapter.get(ProviderToInternalFactoryAdapter.java:40)
	at SingletonScope$1.get(SingletonScope.java:169)
	at InternalFactoryToProviderAdapter.get(InternalFactoryToProviderAdapter.java:45)
	at SingleParameterInjector.inject(SingleParameterInjector.java:40)
	at SingleParameterInjector.getAll(SingleParameterInjector.java:60)
	at ConstructorInjector.provision(ConstructorInjector.java:113)
	at ConstructorInjector.access$000(ConstructorInjector.java:33)
	at ConstructorInjector$1.call(ConstructorInjector.java:98)
	at ProvisionListenerStackCallback$Provision.provision(ProvisionListenerStackCallback.java:109)
	at LifeCycleModule.provision(LifeCycleModule.java:70)
	at ProvisionListenerStackCallback$Provision.provision(ProvisionListenerStackCallback.java:117)
	at ProvisionListenerStackCallback.provision(ProvisionListenerStackCallback.java:66)
	at ConstructorInjector.construct(ConstructorInjector.java:93)
	at ConstructorBindingImpl$Factory.get(ConstructorBindingImpl.java:300)
	at ProviderToInternalFactoryAdapter.get(ProviderToInternalFactoryAdapter.java:40)
	at SingletonScope$1.get(SingletonScope.java:169)
	at InternalFactoryToProviderAdapter.get(InternalFactoryToProviderAdapter.java:45)
	at SingleParameterInjector.inject(SingleParameterInjector.java:40)
	at SingleParameterInjector.getAll(SingleParameterInjector.java:60)
	at ConstructorInjector.provision(ConstructorInjector.java:113)
	at ConstructorInjector.access$000(ConstructorInjector.java:33)
	at ConstructorInjector$1.call(ConstructorInjector.java:98)
	at ProvisionListenerStackCallback$Provision.provision(ProvisionListenerStackCallback.java:109)
	at LifeCycleModule.provision(LifeCycleModule.java:70)
	at ProvisionListenerStackCallback$Provision.provision(ProvisionListenerStackCallback.java:117)
	at ProvisionListenerStackCallback.provision(ProvisionListenerStackCallback.java:66)
	at ConstructorInjector.construct(ConstructorInjector.java:93)
	at ConstructorBindingImpl$Factory.get(ConstructorBindingImpl.java:300)
	at ProviderToInternalFactoryAdapter.get(ProviderToInternalFactoryAdapter.java:40)
	at SingletonScope$1.get(SingletonScope.java:169)
	at InternalFactoryToProviderAdapter.get(InternalFactoryToProviderAdapter.java:45)
	at SingleParameterInjector.inject(SingleParameterInjector.java:40)
	at SingleParameterInjector.getAll(SingleParameterInjector.java:60)
	at ConstructorInjector.provision(ConstructorInjector.java:113)
	at ConstructorInjector.access$000(ConstructorInjector.java:33)
	at ConstructorInjector$1.call(ConstructorInjector.java:98)
	at ProvisionListenerStackCallback$Provision.provision(ProvisionListenerStackCallback.java:109)
	at LifeCycleModule.provision(LifeCycleModule.java:70)
	at ProvisionListenerStackCallback$Provision.provision(ProvisionListenerStackCallback.java:117)
	at ProvisionListenerStackCallback.provision(ProvisionListenerStackCallback.java:66)
	at ConstructorInjector.construct(ConstructorInjector.java:93)
	at ConstructorBindingImpl$Factory.get(ConstructorBindingImpl.java:300)
	at ProviderToInternalFactoryAdapter.get(ProviderToInternalFactoryAdapter.java:40)
	at SingletonScope$1.get(SingletonScope.java:169)
	at InternalFactoryToProviderAdapter.get(InternalFactoryToProviderAdapter.java:45)
	at InternalInjectorCreator.loadEagerSingletons(InternalInjectorCreator.java:213)
	at InternalInjectorCreator.injectDynamically(InternalInjectorCreator.java:186)
	at InternalInjectorCreator.build(InternalInjectorCreator.java:113)
	at Guice.createInjector(Guice.java:87)
	at Bootstrap.initialize(Bootstrap.java:366)
	at Server.doStart(Server.java:124)
	at Server.lambda$start$0(Server.java:79)
	at io.trino.$gen.Trino_479____20260507_184053_1.run(Unknown Source)
	at Server.start(Server.java:79)
	at TrinoServer.main(TrinoServer.java:37)

57) [Guice/ErrorInjectingConstructor]: IllegalArgumentException: Invalid memory configuration. The sum of max query memory per node (4294967296) and heap headroom (1073741824) cannot be larger than the available heap memory (4294967296)
  at LocalMemoryManager.<init>(LocalMemoryManager.java:44)
  at java.base/DirectMethodHandleAccessor.invoke(DirectMethodHandleAccessor.java:104)
  at StatusResource.<init>(StatusResource.java:53)
      \_ for 4th parameter memoryManager
  at ServerMainModule.setup(ServerMainModule.java:426)
  while locating StatusResource

Learn more:
  https://github.com/google/guice/wiki/ERROR_INJECTING_CONSTRUCTOR
Caused by: IllegalArgumentException (same stack trace as error #49)
58) [Guice/ErrorInjectingConstructor]: IllegalArgumentException: Invalid memory configuration. The sum of max query memory per node (4294967296) and heap headroom (1073741824) cannot be larger than the available heap memory (4294967296)
  at LocalMemoryManager.<init>(LocalMemoryManager.java:44)
  at java.base/DirectMethodHandleAccessor.invoke(DirectMethodHandleAccessor.java:104)
  at SqlTaskManager.<init>(SqlTaskManager.java:161)
      \_ for 8th parameter localMemoryManager
  at java.base/DirectMethodHandleAccessor.invoke(DirectMethodHandleAccessor.java:104)
  at NodeStateManager.<init>(NodeStateManager.java:86)
      \_ for 2nd parameter sqlTaskManager
  at java.base/DirectMethodHandleAccessor.invoke(DirectMethodHandleAccessor.java:104)
  while locating NodeStateManager

Learn more:
  https://github.com/google/guice/wiki/ERROR_INJECTING_CONSTRUCTOR
Caused by: IllegalArgumentException (same stack trace as error #47)
58 errors

======================
Full classname legend:
======================
Bootstrap:                                      "io.airlift.bootstrap.Bootstrap"
BoundProviderFactory:                           "com.google.inject.internal.BoundProviderFactory"
CatalogManagerModule:                           "io.trino.connector.CatalogManagerModule"
ClusterStatsResource:                           "io.trino.server.ui.ClusterStatsResource"
ConstructorBindingImpl$Factory:                 "com.google.inject.internal.ConstructorBindingImpl$Factory"
ConstructorInjector:                            "com.google.inject.internal.ConstructorInjector"
ConstructorInjector$1:                          "com.google.inject.internal.ConstructorInjector$1"
CoordinatorModule:                              "io.trino.server.CoordinatorModule"
DefaultConstructionProxyFactory$FastClassProxy: "com.google.inject.internal.DefaultConstructionProxyFactory$FastClassProxy"
DirectMethodHandleAccessor:                     "jdk.internal.reflect.DirectMethodHandleAccessor"
DispatchManager:                                "io.trino.dispatcher.DispatchManager"
Element:                                        "com.google.inject.internal.Element"
FactoryProxy:                                   "com.google.inject.internal.FactoryProxy"
GlobalSystemConnector:                          "io.trino.connector.system.GlobalSystemConnector"
Guice:                                          "com.google.inject.Guice"
GuiceMBeanExporter:                             "org.weakref.jmx.guice.GuiceMBeanExporter"
GuiceMBeanExporter$$FastClassByGuice$$1155dd9:  "org.weakref.jmx.guice.GuiceMBeanExporter$$FastClassByGuice$$1155dd9"
HttpServer:                                     "io.airlift.http.server.HttpServer"
HttpServerProvider:                             "io.airlift.http.server.HttpServerProvider"
InjectorImpl:                                   "com.google.inject.internal.InjectorImpl"
InjectorImpl$1:                                 "com.google.inject.internal.InjectorImpl$1"
InternalFactoryToInitializableAdapter:          "com.google.inject.internal.InternalFactoryToInitializableAdapter"
InternalFactoryToProviderAdapter:               "com.google.inject.internal.InternalFactoryToProviderAdapter"
InternalInjectorCreator:                        "com.google.inject.internal.InternalInjectorCreator"
InternalProviderInstanceBindingImpl$Factory:    "com.google.inject.internal.InternalProviderInstanceBindingImpl$Factory"
InternalProviderInstanceBindingImpl$Factory$1:  "com.google.inject.internal.InternalProviderInstanceBindingImpl$Factory$1"
JaxrsResourceConfigProvider:                    "io.airlift.jaxrs.JaxrsResourceConfigProvider"
JaxrsServletProvider:                           "io.airlift.jaxrs.JaxrsServletProvider"
KillQueryProcedure:                             "io.trino.connector.system.KillQueryProcedure"
LifeCycleModule:                                "io.airlift.bootstrap.LifeCycleModule"
LocalDispatchQueryFactory:                      "io.trino.dispatcher.LocalDispatchQueryFactory"
LocalMemoryManager:                             "io.trino.memory.LocalMemoryManager"
LocalMemoryManager$$FastClassByGuice$$7900c4b:  "io.trino.memory.LocalMemoryManager$$FastClassByGuice$$7900c4b"
LocalMemoryManagerExporter:                     "io.trino.memory.LocalMemoryManagerExporter"
MBeanModule:                                    "org.weakref.jmx.guice.MBeanModule"
MemoryResource:                                 "io.trino.memory.MemoryResource"
MemoryRevokingScheduler:                        "io.trino.execution.MemoryRevokingScheduler"
NodeStateManager:                               "io.trino.server.NodeStateManager"
Procedure:                                      "io.trino.spi.procedure.Procedure"
ProviderInternalFactory:                        "com.google.inject.internal.ProviderInternalFactory"
ProviderInternalFactory$1:                      "com.google.inject.internal.ProviderInternalFactory$1"
ProviderToInternalFactoryAdapter:               "com.google.inject.internal.ProviderToInternalFactoryAdapter"
ProvisionListenerStackCallback:                 "com.google.inject.internal.ProvisionListenerStackCallback"
ProvisionListenerStackCallback$Provision:       "com.google.inject.internal.ProvisionListenerStackCallback$Provision"
QueryExecution$QueryExecutionFactory:           "io.trino.execution.QueryExecution$QueryExecutionFactory"
QueryExecutionFactoryModule:                    "io.trino.server.QueryExecutionFactoryModule"
QueryResource:                                  "io.trino.server.QueryResource"
QuerySystemTable:                               "io.trino.connector.system.QuerySystemTable"
QueuedStatementResource:                        "io.trino.dispatcher.QueuedStatementResource"
RealMapBinder$ExtensionRealMapProvider:         "com.google.inject.internal.RealMapBinder$ExtensionRealMapProvider"
RealMultibinder$RealMultibinderProvider:        "com.google.inject.internal.RealMultibinder$RealMultibinderProvider"
RealOptionalBinder$JavaOptionalProvider:        "com.google.inject.internal.RealOptionalBinder$JavaOptionalProvider"
ResourceConfig:                                 "org.glassfish.jersey.server.ResourceConfig"
Server:                                         "io.trino.server.Server"
ServerInfoResource:                             "io.trino.server.ServerInfoResource"
ServerMainModule:                               "io.trino.server.ServerMainModule"
Servlet:                                        "jakarta.servlet.Servlet"
SingleParameterInjector:                        "com.google.inject.internal.SingleParameterInjector"
SingletonScope$1:                               "com.google.inject.internal.SingletonScope$1"
SqlQueryExecution$SqlQueryExecutionFactory:     "io.trino.execution.SqlQueryExecution$SqlQueryExecutionFactory"
SqlTaskManager:                                 "io.trino.execution.SqlTaskManager"
Statement:                                      "io.trino.sql.tree.Statement"
StaticCatalogManagerModule:                     "io.trino.connector.StaticCatalogManagerModule"
StaticCatalogManagerModule$LazyRegister:        "io.trino.connector.StaticCatalogManagerModule$LazyRegister"
StatusResource:                                 "io.trino.server.StatusResource"
SystemConnectorModule:                          "io.trino.connector.system.SystemConnectorModule"
SystemTable:                                    "io.trino.spi.connector.SystemTable"
TaskResource:                                   "io.trino.server.TaskResource"
TaskSystemTable:                                "io.trino.connector.system.TaskSystemTable"
TrinoServer:                                    "io.trino.server.TrinoServer"
UiQueryResource:                                "io.trino.server.ui.UiQueryResource"
WebUiModule:                                    "io.trino.server.ui.WebUiModule"
WorkerResource:                                 "io.trino.server.ui.WorkerResource"
========================
End of classname legend:
========================

com.google.inject.CreationException: Unable to create injector, see the following errors:

1) [Guice/ErrorInjectingConstructor]: IllegalArgumentException: Invalid memory configuration. The sum of max query memory per node (4294967296) and heap headroom (1073741824) cannot be larger than the available heap memory (4294967296)
  at LocalMemoryManager.<init>(LocalMemoryManager.java:44)
  at java.base/DirectMethodHandleAccessor.invoke(DirectMethodHandleAccessor.java:104)
  at SqlTaskManager.<init>(SqlTaskManager.java:161)
      \_ for 8th parameter localMemoryManager
  at java.base/DirectMethodHandleAccessor.invoke(DirectMethodHandleAccessor.java:104)
  at SqlQueryExecution$SqlQueryExecutionFactory.<init>(SqlQueryExecution.java:838)
      \_ for 26th parameter coordinatorTaskManager
  at QueryExecutionFactoryModule.configure(QueryExecutionFactoryModule.java:145)
      \_ installed by: ServerMainModule -> CoordinatorModule -> QueryExecutionFactoryModule
  while locating SqlQueryExecution$SqlQueryExecutionFactory
  at QueryExecutionFactoryModule.configure(QueryExecutionFactoryModule.java:147)
      \_ installed by: ServerMainModule -> CoordinatorModule -> QueryExecutionFactoryModule
  while locating QueryExecution$QueryExecutionFactory<?> annotated with @Element(setName=,uniqueId=552, type=MAPBINDER, keyType=Class<? extends Statement>)
  at LocalDispatchQueryFactory.<init>(LocalDispatchQueryFactory.java:93)
      \_ for 9th parameter executionFactories
  while locating LocalDispatchQueryFactory
  at DispatchManager.<init>(DispatchManager.java:114)
      \_ for 4th parameter dispatchQueryFactory
  at java.base/DirectMethodHandleAccessor.invoke(DirectMethodHandleAccessor.java:104)
      \_ installed by: ServerMainModule -> CoordinatorModule
  at ClusterStatsResource.<init>(ClusterStatsResource.java:50)
      \_ for 3rd parameter dispatchManager
  at WebUiModule.setup(WebUiModule.java:36)
      \_ installed by: ServerMainModule -> CoordinatorModule -> WebUiModule
  while locating ClusterStatsResource
  at java.base/DirectMethodHandleAccessor.invoke(DirectMethodHandleAccessor.java:104)
      \_ installed by: ServerMainModule -> CoordinatorModule -> WebUiModule
  while locating Object annotated with @Element(setName=,uniqueId=508, type=MULTIBINDER, keyType=)
  while locating Set<Object>
  at java.base/DirectMethodHandleAccessor.invoke(DirectMethodHandleAccessor.java:104)
  while locating ResourceConfig
  at java.base/DirectMethodHandleAccessor.invoke(DirectMethodHandleAccessor.java:104)
  while locating Servlet
  at java.base/DirectMethodHandleAccessor.invoke(DirectMethodHandleAccessor.java:104)
  while locating HttpServer

Learn more:
  https://github.com/google/guice/wiki/ERROR_INJECTING_CONSTRUCTOR
Caused by: IllegalArgumentException: Invalid memory configuration. The sum of max query memory per node (4294967296) and heap headroom (1073741824) cannot be larger than the available heap memory (4294967296)
	at LocalMemoryManager.validateHeapHeadroom(LocalMemoryManager.java:64)
	at LocalMemoryManager.<init>(LocalMemoryManager.java:50)
	at LocalMemoryManager.<init>(LocalMemoryManager.java:44)
	at LocalMemoryManager$$FastClassByGuice$$7900c4b.GUICE$TRAMPOLINE(<generated>)
	at LocalMemoryManager$$FastClassByGuice$$7900c4b.apply(<generated>)
	at DefaultConstructionProxyFactory$FastClassProxy.newInstance(DefaultConstructionProxyFactory.java:82)
	at ConstructorInjector.provision(ConstructorInjector.java:114)
	at ConstructorInjector.access$000(ConstructorInjector.java:33)
	at ConstructorInjector$1.call(ConstructorInjector.java:98)
	at ProvisionListenerStackCallback$Provision.provision(ProvisionListenerStackCallback.java:109)
	at LifeCycleModule.provision(LifeCycleModule.java:70)
	at ProvisionListenerStackCallback$Provision.provision(ProvisionListenerStackCallback.java:117)
	at ProvisionListenerStackCallback.provision(ProvisionListenerStackCallback.java:66)
	at ConstructorInjector.construct(ConstructorInjector.java:93)
	at ConstructorBindingImpl$Factory.get(ConstructorBindingImpl.java:300)
	at ProviderToInternalFactoryAdapter.get(ProviderToInternalFactoryAdapter.java:40)
	at SingletonScope$1.get(SingletonScope.java:169)
	at InternalFactoryToProviderAdapter.get(InternalFactoryToProviderAdapter.java:45)
	at SingleParameterInjector.inject(SingleParameterInjector.java:40)
	at SingleParameterInjector.getAll(SingleParameterInjector.java:60)
	at ConstructorInjector.provision(ConstructorInjector.java:113)
	at ConstructorInjector.access$000(ConstructorInjector.java:33)
	at ConstructorInjector$1.call(ConstructorInjector.java:98)
	at ProvisionListenerStackCallback$Provision.provision(ProvisionListenerStackCallback.java:109)
	at LifeCycleModule.provision(LifeCycleModule.java:70)
	at ProvisionListenerStackCallback$Provision.provision(ProvisionListenerStackCallback.java:117)
	at ProvisionListenerStackCallback.provision(ProvisionListenerStackCallback.java:66)
	at ConstructorInjector.construct(ConstructorInjector.java:93)
	at ConstructorBindingImpl$Factory.get(ConstructorBindingImpl.java:300)
	at ProviderToInternalFactoryAdapter.get(ProviderToInternalFactoryAdapter.java:40)
	at SingletonScope$1.get(SingletonScope.java:169)
	at InternalFactoryToProviderAdapter.get(InternalFactoryToProviderAdapter.java:45)
	at SingleParameterInjector.inject(SingleParameterInjector.java:40)
	at SingleParameterInjector.getAll(SingleParameterInjector.java:60)
	at ConstructorInjector.provision(ConstructorInjector.java:113)
	at ConstructorInjector.access$000(ConstructorInjector.java:33)
	at ConstructorInjector$1.call(ConstructorInjector.java:98)
	at ProvisionListenerStackCallback$Provision.provision(ProvisionListenerStackCallback.java:109)
	at LifeCycleModule.provision(LifeCycleModule.java:70)
	at ProvisionListenerStackCallback$Provision.provision(ProvisionListenerStackCallback.java:117)
	at ProvisionListenerStackCallback.provision(ProvisionListenerStackCallback.java:66)
	at ConstructorInjector.construct(ConstructorInjector.java:93)
	at ConstructorBindingImpl$Factory.get(ConstructorBindingImpl.java:300)
	at ProviderToInternalFactoryAdapter.get(ProviderToInternalFactoryAdapter.java:40)
	at SingletonScope$1.get(SingletonScope.java:169)
	at InternalFactoryToProviderAdapter.get(InternalFactoryToProviderAdapter.java:45)
	at FactoryProxy.get(FactoryProxy.java:60)
	at ProviderToInternalFactoryAdapter.get(ProviderToInternalFactoryAdapter.java:40)
	at SingletonScope$1.get(SingletonScope.java:169)
	at InternalFactoryToProviderAdapter.get(InternalFactoryToProviderAdapter.java:45)
	at SingleParameterInjector.inject(SingleParameterInjector.java:40)
	at RealMapBinder$ExtensionRealMapProvider.doProvision(RealMapBinder.java:808)
	at RealMapBinder$ExtensionRealMapProvider.doProvision(RealMapBinder.java:743)
	at InternalProviderInstanceBindingImpl$Factory$1.call(InternalProviderInstanceBindingImpl.java:120)
	at ProvisionListenerStackCallback$Provision.provision(ProvisionListenerStackCallback.java:109)
	at LifeCycleModule.provision(LifeCycleModule.java:70)
	at ProvisionListenerStackCallback$Provision.provision(ProvisionListenerStackCallback.java:117)
	at ProvisionListenerStackCallback.provision(ProvisionListenerStackCallback.java:66)
	at InternalProviderInstanceBindingImpl$Factory.get(InternalProviderInstanceBindingImpl.java:115)
	at SingleParameterInjector.inject(SingleParameterInjector.java:40)
	at SingleParameterInjector.getAll(SingleParameterInjector.java:60)
	at ConstructorInjector.provision(ConstructorInjector.java:113)
	at ConstructorInjector.access$000(ConstructorInjector.java:33)
	at ConstructorInjector$1.call(ConstructorInjector.java:98)
	at ProvisionListenerStackCallback$Provision.provision(ProvisionListenerStackCallback.java:109)
	at LifeCycleModule.provision(LifeCycleModule.java:70)
	at ProvisionListenerStackCallback$Provision.provision(ProvisionListenerStackCallback.java:117)
	at ProvisionListenerStackCallback.provision(ProvisionListenerStackCallback.java:66)
	at ConstructorInjector.construct(ConstructorInjector.java:93)
	at ConstructorBindingImpl$Factory.get(ConstructorBindingImpl.java:300)
	at FactoryProxy.get(FactoryProxy.java:60)
	at SingleParameterInjector.inject(SingleParameterInjector.java:40)
	at SingleParameterInjector.getAll(SingleParameterInjector.java:60)
	at ConstructorInjector.provision(ConstructorInjector.java:113)
	at ConstructorInjector.access$000(ConstructorInjector.java:33)
	at ConstructorInjector$1.call(ConstructorInjector.java:98)
	at ProvisionListenerStackCallback$Provision.provision(ProvisionListenerStackCallback.java:109)
	at LifeCycleModule.provision(LifeCycleModule.java:70)
	at ProvisionListenerStackCallback$Provision.provision(ProvisionListenerStackCallback.java:117)
	at ProvisionListenerStackCallback.provision(ProvisionListenerStackCallback.java:66)
	at ConstructorInjector.construct(ConstructorInjector.java:93)
	at ConstructorBindingImpl$Factory.get(ConstructorBindingImpl.java:300)
	at ProviderToInternalFactoryAdapter.get(ProviderToInternalFactoryAdapter.java:40)
	at SingletonScope$1.get(SingletonScope.java:169)
	at InternalFactoryToProviderAdapter.get(InternalFactoryToProviderAdapter.java:45)
	at SingleParameterInjector.inject(SingleParameterInjector.java:40)
	at SingleParameterInjector.getAll(SingleParameterInjector.java:60)
	at ConstructorInjector.provision(ConstructorInjector.java:113)
	at ConstructorInjector.access$000(ConstructorInjector.java:33)
	at ConstructorInjector$1.call(ConstructorInjector.java:98)
	at ProvisionListenerStackCallback$Provision.provision(ProvisionListenerStackCallback.java:109)
	at LifeCycleModule.provision(LifeCycleModule.java:70)
	at ProvisionListenerStackCallback$Provision.provision(ProvisionListenerStackCallback.java:117)
	at ProvisionListenerStackCallback.provision(ProvisionListenerStackCallback.java:66)
	at ConstructorInjector.construct(ConstructorInjector.java:93)
	at ConstructorBindingImpl$Factory.get(ConstructorBindingImpl.java:300)
	at ProviderToInternalFactoryAdapter.get(ProviderToInternalFactoryAdapter.java:40)
	at SingletonScope$1.get(SingletonScope.java:169)
	at InternalFactoryToProviderAdapter.get(InternalFactoryToProviderAdapter.java:45)
	at FactoryProxy.get(FactoryProxy.java:60)
	at ProviderToInternalFactoryAdapter.get(ProviderToInternalFactoryAdapter.java:40)
	at SingletonScope$1.get(SingletonScope.java:169)
	at InternalFactoryToProviderAdapter.get(InternalFactoryToProviderAdapter.java:45)
	at SingleParameterInjector.inject(SingleParameterInjector.java:40)
	at RealMultibinder$RealMultibinderProvider.doProvision(RealMultibinder.java:247)
	at RealMultibinder$RealMultibinderProvider.doProvision(RealMultibinder.java:213)
	at InternalProviderInstanceBindingImpl$Factory$1.call(InternalProviderInstanceBindingImpl.java:120)
	at ProvisionListenerStackCallback$Provision.provision(ProvisionListenerStackCallback.java:109)
	at LifeCycleModule.provision(LifeCycleModule.java:70)
	at ProvisionListenerStackCallback$Provision.provision(ProvisionListenerStackCallback.java:117)
	at ProvisionListenerStackCallback.provision(ProvisionListenerStackCallback.java:66)
	at InternalProviderInstanceBindingImpl$Factory.get(InternalProviderInstanceBindingImpl.java:115)
	at InjectorImpl$1.get(InjectorImpl.java:1148)
	at InjectorImpl.getInstance(InjectorImpl.java:1181)
	at JaxrsResourceConfigProvider.get(JaxrsResourceConfigProvider.java:39)
	at JaxrsResourceConfigProvider.get(JaxrsResourceConfigProvider.java:19)
	at ProviderInternalFactory.provision(ProviderInternalFactory.java:86)
	at InternalFactoryToInitializableAdapter.provision(InternalFactoryToInitializableAdapter.java:57)
	at ProviderInternalFactory$1.call(ProviderInternalFactory.java:67)
	at ProvisionListenerStackCallback$Provision.provision(ProvisionListenerStackCallback.java:109)
	at LifeCycleModule.provision(LifeCycleModule.java:70)
	at ProvisionListenerStackCallback$Provision.provision(ProvisionListenerStackCallback.java:117)
	at ProvisionListenerStackCallback.provision(ProvisionListenerStackCallback.java:66)
	at ProviderInternalFactory.circularGet(ProviderInternalFactory.java:62)
	at InternalFactoryToInitializableAdapter.get(InternalFactoryToInitializableAdapter.java:47)
	at InjectorImpl$1.get(InjectorImpl.java:1148)
	at InjectorImpl.getInstance(InjectorImpl.java:1181)
	at JaxrsServletProvider.get(JaxrsServletProvider.java:35)
	at JaxrsServletProvider.get(JaxrsServletProvider.java:16)
	at ProviderInternalFactory.provision(ProviderInternalFactory.java:86)
	at InternalFactoryToInitializableAdapter.provision(InternalFactoryToInitializableAdapter.java:57)
	at ProviderInternalFactory$1.call(ProviderInternalFactory.java:67)
	at ProvisionListenerStackCallback$Provision.provision(ProvisionListenerStackCallback.java:109)
	at LifeCycleModule.provision(LifeCycleModule.java:70)
	at ProvisionListenerStackCallback$Provision.provision(ProvisionListenerStackCallback.java:117)
	at ProvisionListenerStackCallback.provision(ProvisionListenerStackCallback.java:66)
	at ProviderInternalFactory.circularGet(ProviderInternalFactory.java:62)
	at InternalFactoryToInitializableAdapter.get(InternalFactoryToInitializableAdapter.java:47)
	at InjectorImpl$1.get(InjectorImpl.java:1148)
	at InjectorImpl.getInstance(InjectorImpl.java:1181)
	at HttpServerProvider.get(HttpServerProvider.java:76)
	at HttpServerProvider.get(HttpServerProvider.java:39)
	at ProviderInternalFactory.provision(ProviderInternalFactory.java:86)
	at InternalFactoryToInitializableAdapter.provision(InternalFactoryToInitializableAdapter.java:57)
	at ProviderInternalFactory$1.call(ProviderInternalFactory.java:67)
	at ProvisionListenerStackCallback$Provision.provision(ProvisionListenerStackCallback.java:109)
	at LifeCycleModule.provision(LifeCycleModule.java:70)
	at ProvisionListenerStackCallback$Provision.provision(ProvisionListenerStackCallback.java:117)
	at ProvisionListenerStackCallback.provision(ProvisionListenerStackCallback.java:66)
	at ProviderInternalFactory.circularGet(ProviderInternalFactory.java:62)
	at InternalFactoryToInitializableAdapter.get(InternalFactoryToInitializableAdapter.java:47)
	at ProviderToInternalFactoryAdapter.get(ProviderToInternalFactoryAdapter.java:40)
	at SingletonScope$1.get(SingletonScope.java:169)
	at InternalFactoryToProviderAdapter.get(InternalFactoryToProviderAdapter.java:45)
	at InternalInjectorCreator.loadEagerSingletons(InternalInjectorCreator.java:213)
	at InternalInjectorCreator.injectDynamically(InternalInjectorCreator.java:186)
	at InternalInjectorCreator.build(InternalInjectorCreator.java:113)
	at Guice.createInjector(Guice.java:87)
	at Bootstrap.initialize(Bootstrap.java:366)
	at Server.doStart(Server.java:124)
	at Server.lambda$start$0(Server.java:79)
	at io.trino.$gen.Trino_479____20260507_184053_1.run(Unknown Source)
	at Server.start(Server.java:79)
	at TrinoServer.main(TrinoServer.java:37)

2) [Guice/ErrorInjectingConstructor]: IllegalArgumentException: Invalid memory configuration. The sum of max query memory per node (4294967296) and heap headroom (1073741824) cannot be larger than the available heap memory (4294967296)
  at LocalMemoryManager.<init>(LocalMemoryManager.java:44)
  at java.base/DirectMethodHandleAccessor.invoke(DirectMethodHandleAccessor.java:104)
  at SqlTaskManager.<init>(SqlTaskManager.java:161)
      \_ for 8th parameter localMemoryManager
  at java.base/DirectMethodHandleAccessor.invoke(DirectMethodHandleAccessor.java:104)
  at SqlQueryExecution$SqlQueryExecutionFactory.<init>(SqlQueryExecution.java:838)
      \_ for 26th parameter coordinatorTaskManager
  at QueryExecutionFactoryModule.configure(QueryExecutionFactoryModule.java:145)
      \_ installed by: ServerMainModule -> CoordinatorModule -> QueryExecutionFactoryModule
  while locating SqlQueryExecution$SqlQueryExecutionFactory
  at QueryExecutionFactoryModule.configure(QueryExecutionFactoryModule.java:147)
      \_ installed by: ServerMainModule -> CoordinatorModule -> QueryExecutionFactoryModule
  while locating QueryExecution$QueryExecutionFactory<?> annotated with @Element(setName=,uniqueId=552, type=MAPBINDER, keyType=Class<? extends Statement>)
  at LocalDispatchQueryFactory.<init>(LocalDispatchQueryFactory.java:93)
      \_ for 9th parameter executionFactories
  while locating LocalDispatchQueryFactory
  at DispatchManager.<init>(DispatchManager.java:114)
      \_ for 4th parameter dispatchQueryFactory
  at java.base/DirectMethodHandleAccessor.invoke(DirectMethodHandleAccessor.java:104)
      \_ installed by: ServerMainModule -> CoordinatorModule
  at ClusterStatsResource.<init>(ClusterStatsResource.java:50)
      \_ for 3rd parameter dispatchManager
  at WebUiModule.setup(WebUiModule.java:36)
      \_ installed by: ServerMainModule -> CoordinatorModule -> WebUiModule
  while locating ClusterStatsResource
  at java.base/DirectMethodHandleAccessor.invoke(DirectMethodHandleAccessor.java:104)
      \_ installed by: ServerMainModule -> CoordinatorModule -> WebUiModule
  while locating Object annotated with @Element(setName=,uniqueId=508, type=MULTIBINDER, keyType=)

Learn more:
  https://github.com/google/guice/wiki/ERROR_INJECTING_CONSTRUCTOR
Caused by: IllegalArgumentException: Invalid memory configuration. The sum of max query memory per node (4294967296) and heap headroom (1073741824) cannot be larger than the available heap memory (4294967296)
	at LocalMemoryManager.validateHeapHeadroom(LocalMemoryManager.java:64)
	at LocalMemoryManager.<init>(LocalMemoryManager.java:50)
	at LocalMemoryManager.<init>(LocalMemoryManager.java:44)
	at LocalMemoryManager$$FastClassByGuice$$7900c4b.GUICE$TRAMPOLINE(<generated>)
	at LocalMemoryManager$$FastClassByGuice$$7900c4b.apply(<generated>)
	at DefaultConstructionProxyFactory$FastClassProxy.newInstance(DefaultConstructionProxyFactory.java:82)
	at ConstructorInjector.provision(ConstructorInjector.java:114)
	at ConstructorInjector.access$000(ConstructorInjector.java:33)
	at ConstructorInjector$1.call(ConstructorInjector.java:98)
	at ProvisionListenerStackCallback$Provision.provision(ProvisionListenerStackCallback.java:109)
	at LifeCycleModule.provision(LifeCycleModule.java:70)
	at ProvisionListenerStackCallback$Provision.provision(ProvisionListenerStackCallback.java:117)
	at ProvisionListenerStackCallback.provision(ProvisionListenerStackCallback.java:66)
	at ConstructorInjector.construct(ConstructorInjector.java:93)
	at ConstructorBindingImpl$Factory.get(ConstructorBindingImpl.java:300)
	at ProviderToInternalFactoryAdapter.get(ProviderToInternalFactoryAdapter.java:40)
	at SingletonScope$1.get(SingletonScope.java:169)
	at InternalFactoryToProviderAdapter.get(InternalFactoryToProviderAdapter.java:45)
	at SingleParameterInjector.inject(SingleParameterInjector.java:40)
	at SingleParameterInjector.getAll(SingleParameterInjector.java:60)
	at ConstructorInjector.provision(ConstructorInjector.java:113)
	at ConstructorInjector.access$000(ConstructorInjector.java:33)
	at ConstructorInjector$1.call(ConstructorInjector.java:98)
	at ProvisionListenerStackCallback$Provision.provision(ProvisionListenerStackCallback.java:109)
	at LifeCycleModule.provision(LifeCycleModule.java:70)
	at ProvisionListenerStackCallback$Provision.provision(ProvisionListenerStackCallback.java:117)
	at ProvisionListenerStackCallback.provision(ProvisionListenerStackCallback.java:66)
	at ConstructorInjector.construct(ConstructorInjector.java:93)
	at ConstructorBindingImpl$Factory.get(ConstructorBindingImpl.java:300)
	at ProviderToInternalFactoryAdapter.get(ProviderToInternalFactoryAdapter.java:40)
	at SingletonScope$1.get(SingletonScope.java:169)
	at InternalFactoryToProviderAdapter.get(InternalFactoryToProviderAdapter.java:45)
	at SingleParameterInjector.inject(SingleParameterInjector.java:40)
	at SingleParameterInjector.getAll(SingleParameterInjector.java:60)
	at ConstructorInjector.provision(ConstructorInjector.java:113)
	at ConstructorInjector.access$000(ConstructorInjector.java:33)
	at ConstructorInjector$1.call(ConstructorInjector.java:98)
	at ProvisionListenerStackCallback$Provision.provision(ProvisionListenerStackCallback.java:109)
	at LifeCycleModule.provision(LifeCycleModule.java:70)
	at ProvisionListenerStackCallback$Provision.provision(ProvisionListenerStackCallback.java:117)
	at ProvisionListenerStackCallback.provision(ProvisionListenerStackCallback.java:66)
	at ConstructorInjector.construct(ConstructorInjector.java:93)
	at ConstructorBindingImpl$Factory.get(ConstructorBindingImpl.java:300)
	at ProviderToInternalFactoryAdapter.get(ProviderToInternalFactoryAdapter.java:40)
	at SingletonScope$1.get(SingletonScope.java:169)
	at InternalFactoryToProviderAdapter.get(InternalFactoryToProviderAdapter.java:45)
	at FactoryProxy.get(FactoryProxy.java:60)
	at ProviderToInternalFactoryAdapter.get(ProviderToInternalFactoryAdapter.java:40)
	at SingletonScope$1.get(SingletonScope.java:169)
	at InternalFactoryToProviderAdapter.get(InternalFactoryToProviderAdapter.java:45)
	at SingleParameterInjector.inject(SingleParameterInjector.java:40)
	at RealMapBinder$ExtensionRealMapProvider.doProvision(RealMapBinder.java:808)
	at RealMapBinder$ExtensionRealMapProvider.doProvision(RealMapBinder.java:743)
	at InternalProviderInstanceBindingImpl$Factory$1.call(InternalProviderInstanceBindingImpl.java:120)
	at ProvisionListenerStackCallback$Provision.provision(ProvisionListenerStackCallback.java:109)
	at LifeCycleModule.provision(LifeCycleModule.java:70)
	at ProvisionListenerStackCallback$Provision.provision(ProvisionListenerStackCallback.java:117)
	at ProvisionListenerStackCallback.provision(ProvisionListenerStackCallback.java:66)
	at InternalProviderInstanceBindingImpl$Factory.get(InternalProviderInstanceBindingImpl.java:115)
	at SingleParameterInjector.inject(SingleParameterInjector.java:40)
	at SingleParameterInjector.getAll(SingleParameterInjector.java:60)
	at ConstructorInjector.provision(ConstructorInjector.java:113)
	at ConstructorInjector.access$000(ConstructorInjector.java:33)
	at ConstructorInjector$1.call(ConstructorInjector.java:98)
	at ProvisionListenerStackCallback$Provision.provision(ProvisionListenerStackCallback.java:109)
	at LifeCycleModule.provision(LifeCycleModule.java:70)
	at ProvisionListenerStackCallback$Provision.provision(ProvisionListenerStackCallback.java:117)
	at ProvisionListenerStackCallback.provision(ProvisionListenerStackCallback.java:66)
	at ConstructorInjector.construct(ConstructorInjector.java:93)
	at ConstructorBindingImpl$Factory.get(ConstructorBindingImpl.java:300)
	at FactoryProxy.get(FactoryProxy.java:60)
	at SingleParameterInjector.inject(SingleParameterInjector.java:40)
	at SingleParameterInjector.getAll(SingleParameterInjector.java:60)
	at ConstructorInjector.provision(ConstructorInjector.java:113)
	at ConstructorInjector.access$000(ConstructorInjector.java:33)
	at ConstructorInjector$1.call(ConstructorInjector.java:98)
	at ProvisionListenerStackCallback$Provision.provision(ProvisionListenerStackCallback.java:109)
	at LifeCycleModule.provision(LifeCycleModule.java:70)
	at ProvisionListenerStackCallback$Provision.provision(ProvisionListenerStackCallback.java:117)
	at ProvisionListenerStackCallback.provision(ProvisionListenerStackCallback.java:66)
	at ConstructorInjector.construct(ConstructorInjector.java:93)
	at ConstructorBindingImpl$Factory.get(ConstructorBindingImpl.java:300)
	at ProviderToInternalFactoryAdapter.get(ProviderToInternalFactoryAdapter.java:40)
	at SingletonScope$1.get(SingletonScope.java:169)
	at InternalFactoryToProviderAdapter.get(InternalFactoryToProviderAdapter.java:45)
	at SingleParameterInjector.inject(SingleParameterInjector.java:40)
	at SingleParameterInjector.getAll(SingleParameterInjector.java:60)
	at ConstructorInjector.provision(ConstructorInjector.java:113)
	at ConstructorInjector.access$000(ConstructorInjector.java:33)
	at ConstructorInjector$1.call(ConstructorInjector.java:98)
	at ProvisionListenerStackCallback$Provision.provision(ProvisionListenerStackCallback.java:109)
	at LifeCycleModule.provision(LifeCycleModule.java:70)
	at ProvisionListenerStackCallback$Provision.provision(ProvisionListenerStackCallback.java:117)
	at ProvisionListenerStackCallback.provision(ProvisionListenerStackCallback.java:66)
	at ConstructorInjector.construct(ConstructorInjector.java:93)
	at ConstructorBindingImpl$Factory.get(ConstructorBindingImpl.java:300)
	at ProviderToInternalFactoryAdapter.get(ProviderToInternalFactoryAdapter.java:40)
	at SingletonScope$1.get(SingletonScope.java:169)
	at InternalFactoryToProviderAdapter.get(InternalFactoryToProviderAdapter.java:45)
	at FactoryProxy.get(FactoryProxy.java:60)
	at ProviderToInternalFactoryAdapter.get(ProviderToInternalFactoryAdapter.java:40)
	at SingletonScope$1.get(SingletonScope.java:169)
	at InternalFactoryToProviderAdapter.get(InternalFactoryToProviderAdapter.java:45)
	at InternalInjectorCreator.loadEagerSingletons(InternalInjectorCreator.java:213)
	at InternalInjectorCreator.injectDynamically(InternalInjectorCreator.java:186)
	at InternalInjectorCreator.build(InternalInjectorCreator.java:113)
	at Guice.createInjector(Guice.java:87)
	at Bootstrap.initialize(Bootstrap.java:366)
	at Server.doStart(Server.java:124)
	at Server.lambda$start$0(Server.java:79)
	at io.trino.$gen.Trino_479____20260507_184053_1.run(Unknown Source)
	at Server.start(Server.java:79)
	at TrinoServer.main(TrinoServer.java:37)

3) [Guice/ErrorInjectingConstructor]: IllegalArgumentException: Invalid memory configuration. The sum of max query memory per node (4294967296) and heap headroom (1073741824) cannot be larger than the available heap memory (4294967296)
  at LocalMemoryManager.<init>(LocalMemoryManager.java:44)
  at java.base/DirectMethodHandleAccessor.invoke(DirectMethodHandleAccessor.java:104)
  at SqlTaskManager.<init>(SqlTaskManager.java:161)
      \_ for 8th parameter localMemoryManager
  at java.base/DirectMethodHandleAccessor.invoke(DirectMethodHandleAccessor.java:104)
  at SqlQueryExecution$SqlQueryExecutionFactory.<init>(SqlQueryExecution.java:838)
      \_ for 26th parameter coordinatorTaskManager
  at QueryExecutionFactoryModule.configure(QueryExecutionFactoryModule.java:145)
      \_ installed by: ServerMainModule -> CoordinatorModule -> QueryExecutionFactoryModule
  while locating SqlQueryExecution$SqlQueryExecutionFactory
  at QueryExecutionFactoryModule.configure(QueryExecutionFactoryModule.java:147)
      \_ installed by: ServerMainModule -> CoordinatorModule -> QueryExecutionFactoryModule
  while locating QueryExecution$QueryExecutionFactory<?> annotated with @Element(setName=,uniqueId=552, type=MAPBINDER, keyType=Class<? extends Statement>)
  at LocalDispatchQueryFactory.<init>(LocalDispatchQueryFactory.java:93)
      \_ for 9th parameter executionFactories
  while locating LocalDispatchQueryFactory
  at DispatchManager.<init>(DispatchManager.java:114)
      \_ for 4th parameter dispatchQueryFactory
  at java.base/DirectMethodHandleAccessor.invoke(DirectMethodHandleAccessor.java:104)
      \_ installed by: ServerMainModule -> CoordinatorModule
  at UiQueryResource.<init>(UiQueryResource.java:80)
      \_ for 2nd parameter dispatchManager
  at WebUiModule.setup(WebUiModule.java:37)
      \_ installed by: ServerMainModule -> CoordinatorModule -> WebUiModule
  while locating UiQueryResource
  at java.base/DirectMethodHandleAccessor.invoke(DirectMethodHandleAccessor.java:104)
      \_ installed by: ServerMainModule -> CoordinatorModule -> WebUiModule
  while locating Object annotated with @Element(setName=,uniqueId=509, type=MULTIBINDER, keyType=)

Learn more:
  https://github.com/google/guice/wiki/ERROR_INJECTING_CONSTRUCTOR
Caused by: IllegalArgumentException (same stack trace as error #2)
4) [Guice/ErrorInjectingConstructor]: IllegalArgumentException: Invalid memory configuration. The sum of max query memory per node (4294967296) and heap headroom (1073741824) cannot be larger than the available heap memory (4294967296)
  at LocalMemoryManager.<init>(LocalMemoryManager.java:44)
  at java.base/DirectMethodHandleAccessor.invoke(DirectMethodHandleAccessor.java:104)
  at SqlTaskManager.<init>(SqlTaskManager.java:161)
      \_ for 8th parameter localMemoryManager
  at java.base/DirectMethodHandleAccessor.invoke(DirectMethodHandleAccessor.java:104)
  at SqlQueryExecution$SqlQueryExecutionFactory.<init>(SqlQueryExecution.java:838)
      \_ for 26th parameter coordinatorTaskManager
  at QueryExecutionFactoryModule.configure(QueryExecutionFactoryModule.java:145)
      \_ installed by: ServerMainModule -> CoordinatorModule -> QueryExecutionFactoryModule
  while locating SqlQueryExecution$SqlQueryExecutionFactory
  at QueryExecutionFactoryModule.configure(QueryExecutionFactoryModule.java:147)
      \_ installed by: ServerMainModule -> CoordinatorModule -> QueryExecutionFactoryModule
  while locating QueryExecution$QueryExecutionFactory<?> annotated with @Element(setName=,uniqueId=552, type=MAPBINDER, keyType=Class<? extends Statement>)
  at LocalDispatchQueryFactory.<init>(LocalDispatchQueryFactory.java:93)
      \_ for 9th parameter executionFactories
  while locating LocalDispatchQueryFactory
  at DispatchManager.<init>(DispatchManager.java:114)
      \_ for 4th parameter dispatchQueryFactory
  at java.base/DirectMethodHandleAccessor.invoke(DirectMethodHandleAccessor.java:104)
      \_ installed by: ServerMainModule -> CoordinatorModule
  at QueuedStatementResource.<init>(QueuedStatementResource.java:138)
      \_ for 2nd parameter dispatchManager
  at CoordinatorModule.setup(CoordinatorModule.java:175)
      \_ installed by: ServerMainModule -> CoordinatorModule
  while locating QueuedStatementResource
  at java.base/DirectMethodHandleAccessor.invoke(DirectMethodHandleAccessor.java:104)
      \_ installed by: ServerMainModule -> CoordinatorModule
  while locating Object annotated with @Element(setName=,uniqueId=512, type=MULTIBINDER, keyType=)

Learn more:
  https://github.com/google/guice/wiki/ERROR_INJECTING_CONSTRUCTOR
Caused by: IllegalArgumentException (same stack trace as error #2)
5) [Guice/ErrorInjectingConstructor]: IllegalArgumentException: Invalid memory configuration. The sum of max query memory per node (4294967296) and heap headroom (1073741824) cannot be larger than the available heap memory (4294967296)
  at LocalMemoryManager.<init>(LocalMemoryManager.java:44)
  at java.base/DirectMethodHandleAccessor.invoke(DirectMethodHandleAccessor.java:104)
  at SqlTaskManager.<init>(SqlTaskManager.java:161)
      \_ for 8th parameter localMemoryManager
  at java.base/DirectMethodHandleAccessor.invoke(DirectMethodHandleAccessor.java:104)
  at SqlQueryExecution$SqlQueryExecutionFactory.<init>(SqlQueryExecution.java:838)
      \_ for 26th parameter coordinatorTaskManager
  at QueryExecutionFactoryModule.configure(QueryExecutionFactoryModule.java:145)
      \_ installed by: ServerMainModule -> CoordinatorModule -> QueryExecutionFactoryModule
  while locating SqlQueryExecution$SqlQueryExecutionFactory
  at QueryExecutionFactoryModule.configure(QueryExecutionFactoryModule.java:147)
      \_ installed by: ServerMainModule -> CoordinatorModule -> QueryExecutionFactoryModule
  while locating QueryExecution$QueryExecutionFactory<?> annotated with @Element(setName=,uniqueId=552, type=MAPBINDER, keyType=Class<? extends Statement>)
  at LocalDispatchQueryFactory.<init>(LocalDispatchQueryFactory.java:93)
      \_ for 9th parameter executionFactories
  while locating LocalDispatchQueryFactory
  at DispatchManager.<init>(DispatchManager.java:114)
      \_ for 4th parameter dispatchQueryFactory
  at java.base/DirectMethodHandleAccessor.invoke(DirectMethodHandleAccessor.java:104)
      \_ installed by: ServerMainModule -> CoordinatorModule
  at WorkerResource.<init>(WorkerResource.java:80)
      \_ for 1st parameter dispatchManager
  at CoordinatorModule.setup(CoordinatorModule.java:188)
      \_ installed by: ServerMainModule -> CoordinatorModule
  while locating WorkerResource
  at java.base/DirectMethodHandleAccessor.invoke(DirectMethodHandleAccessor.java:104)
      \_ installed by: ServerMainModule -> CoordinatorModule
  while locating Object annotated with @Element(setName=,uniqueId=516, type=MULTIBINDER, keyType=)

Learn more:
  https://github.com/google/guice/wiki/ERROR_INJECTING_CONSTRUCTOR
Caused by: IllegalArgumentException (same stack trace as error #2)
6) [Guice/ErrorInjectingConstructor]: IllegalArgumentException: Invalid memory configuration. The sum of max query memory per node (4294967296) and heap headroom (1073741824) cannot be larger than the available heap memory (4294967296)
  at LocalMemoryManager.<init>(LocalMemoryManager.java:44)
  at java.base/DirectMethodHandleAccessor.invoke(DirectMethodHandleAccessor.java:104)
  at SqlTaskManager.<init>(SqlTaskManager.java:161)
      \_ for 8th parameter localMemoryManager
  at java.base/DirectMethodHandleAccessor.invoke(DirectMethodHandleAccessor.java:104)
  at SqlQueryExecution$SqlQueryExecutionFactory.<init>(SqlQueryExecution.java:838)
      \_ for 26th parameter coordinatorTaskManager
  at QueryExecutionFactoryModule.configure(QueryExecutionFactoryModule.java:145)
      \_ installed by: ServerMainModule -> CoordinatorModule -> QueryExecutionFactoryModule
  while locating SqlQueryExecution$SqlQueryExecutionFactory
  at QueryExecutionFactoryModule.configure(QueryExecutionFactoryModule.java:147)
      \_ installed by: ServerMainModule -> CoordinatorModule -> QueryExecutionFactoryModule
  while locating QueryExecution$QueryExecutionFactory<?> annotated with @Element(setName=,uniqueId=552, type=MAPBINDER, keyType=Class<? extends Statement>)
  at LocalDispatchQueryFactory.<init>(LocalDispatchQueryFactory.java:93)
      \_ for 9th parameter executionFactories
  while locating LocalDispatchQueryFactory
  at DispatchManager.<init>(DispatchManager.java:114)
      \_ for 4th parameter dispatchQueryFactory
  at java.base/DirectMethodHandleAccessor.invoke(DirectMethodHandleAccessor.java:104)
      \_ installed by: ServerMainModule -> CoordinatorModule
  at QueryResource.<init>(QueryResource.java:69)
      \_ for 1st parameter dispatchManager
  at CoordinatorModule.setup(CoordinatorModule.java:201)
      \_ installed by: ServerMainModule -> CoordinatorModule
  while locating QueryResource
  at java.base/DirectMethodHandleAccessor.invoke(DirectMethodHandleAccessor.java:104)
      \_ installed by: ServerMainModule -> CoordinatorModule
  while locating Object annotated with @Element(setName=,uniqueId=520, type=MULTIBINDER, keyType=)

Learn more:
  https://github.com/google/guice/wiki/ERROR_INJECTING_CONSTRUCTOR
Caused by: IllegalArgumentException (same stack trace as error #2)
7) [Guice/ErrorInjectingConstructor]: IllegalArgumentException: Invalid memory configuration. The sum of max query memory per node (4294967296) and heap headroom (1073741824) cannot be larger than the available heap memory (4294967296)
  at LocalMemoryManager.<init>(LocalMemoryManager.java:44)
  at java.base/DirectMethodHandleAccessor.invoke(DirectMethodHandleAccessor.java:104)
  at SqlTaskManager.<init>(SqlTaskManager.java:161)
      \_ for 8th parameter localMemoryManager
  at java.base/DirectMethodHandleAccessor.invoke(DirectMethodHandleAccessor.java:104)
  at SqlQueryExecution$SqlQueryExecutionFactory.<init>(SqlQueryExecution.java:838)
      \_ for 26th parameter coordinatorTaskManager
  at QueryExecutionFactoryModule.configure(QueryExecutionFactoryModule.java:145)
      \_ installed by: ServerMainModule -> CoordinatorModule -> QueryExecutionFactoryModule
  while locating SqlQueryExecution$SqlQueryExecutionFactory
  at QueryExecutionFactoryModule.configure(QueryExecutionFactoryModule.java:147)
      \_ installed by: ServerMainModule -> CoordinatorModule -> QueryExecutionFactoryModule
  while locating QueryExecution$QueryExecutionFactory<?> annotated with @Element(setName=,uniqueId=552, type=MAPBINDER, keyType=Class<? extends Statement>)

Learn more:
  https://github.com/google/guice/wiki/ERROR_INJECTING_CONSTRUCTOR
Caused by: IllegalArgumentException: Invalid memory configuration. The sum of max query memory per node (4294967296) and heap headroom (1073741824) cannot be larger than the available heap memory (4294967296)
	at LocalMemoryManager.validateHeapHeadroom(LocalMemoryManager.java:64)
	at LocalMemoryManager.<init>(LocalMemoryManager.java:50)
	at LocalMemoryManager.<init>(LocalMemoryManager.java:44)
	at LocalMemoryManager$$FastClassByGuice$$7900c4b.GUICE$TRAMPOLINE(<generated>)
	at LocalMemoryManager$$FastClassByGuice$$7900c4b.apply(<generated>)
	at DefaultConstructionProxyFactory$FastClassProxy.newInstance(DefaultConstructionProxyFactory.java:82)
	at ConstructorInjector.provision(ConstructorInjector.java:114)
	at ConstructorInjector.access$000(ConstructorInjector.java:33)
	at ConstructorInjector$1.call(ConstructorInjector.java:98)
	at ProvisionListenerStackCallback$Provision.provision(ProvisionListenerStackCallback.java:109)
	at LifeCycleModule.provision(LifeCycleModule.java:70)
	at ProvisionListenerStackCallback$Provision.provision(ProvisionListenerStackCallback.java:117)
	at ProvisionListenerStackCallback.provision(ProvisionListenerStackCallback.java:66)
	at ConstructorInjector.construct(ConstructorInjector.java:93)
	at ConstructorBindingImpl$Factory.get(ConstructorBindingImpl.java:300)
	at ProviderToInternalFactoryAdapter.get(ProviderToInternalFactoryAdapter.java:40)
	at SingletonScope$1.get(SingletonScope.java:169)
	at InternalFactoryToProviderAdapter.get(InternalFactoryToProviderAdapter.java:45)
	at SingleParameterInjector.inject(SingleParameterInjector.java:40)
	at SingleParameterInjector.getAll(SingleParameterInjector.java:60)
	at ConstructorInjector.provision(ConstructorInjector.java:113)
	at ConstructorInjector.access$000(ConstructorInjector.java:33)
	at ConstructorInjector$1.call(ConstructorInjector.java:98)
	at ProvisionListenerStackCallback$Provision.provision(ProvisionListenerStackCallback.java:109)
	at LifeCycleModule.provision(LifeCycleModule.java:70)
	at ProvisionListenerStackCallback$Provision.provision(ProvisionListenerStackCallback.java:117)
	at ProvisionListenerStackCallback.provision(ProvisionListenerStackCallback.java:66)
	at ConstructorInjector.construct(ConstructorInjector.java:93)
	at ConstructorBindingImpl$Factory.get(ConstructorBindingImpl.java:300)
	at ProviderToInternalFactoryAdapter.get(ProviderToInternalFactoryAdapter.java:40)
	at SingletonScope$1.get(SingletonScope.java:169)
	at InternalFactoryToProviderAdapter.get(InternalFactoryToProviderAdapter.java:45)
	at SingleParameterInjector.inject(SingleParameterInjector.java:40)
	at SingleParameterInjector.getAll(SingleParameterInjector.java:60)
	at ConstructorInjector.provision(ConstructorInjector.java:113)
	at ConstructorInjector.access$000(ConstructorInjector.java:33)
	at ConstructorInjector$1.call(ConstructorInjector.java:98)
	at ProvisionListenerStackCallback$Provision.provision(ProvisionListenerStackCallback.java:109)
	at LifeCycleModule.provision(LifeCycleModule.java:70)
	at ProvisionListenerStackCallback$Provision.provision(ProvisionListenerStackCallback.java:117)
	at ProvisionListenerStackCallback.provision(ProvisionListenerStackCallback.java:66)
	at ConstructorInjector.construct(ConstructorInjector.java:93)
	at ConstructorBindingImpl$Factory.get(ConstructorBindingImpl.java:300)
	at ProviderToInternalFactoryAdapter.get(ProviderToInternalFactoryAdapter.java:40)
	at SingletonScope$1.get(SingletonScope.java:169)
	at InternalFactoryToProviderAdapter.get(InternalFactoryToProviderAdapter.java:45)
	at FactoryProxy.get(FactoryProxy.java:60)
	at ProviderToInternalFactoryAdapter.get(ProviderToInternalFactoryAdapter.java:40)
	at SingletonScope$1.get(SingletonScope.java:169)
	at InternalFactoryToProviderAdapter.get(InternalFactoryToProviderAdapter.java:45)
	at InternalInjectorCreator.loadEagerSingletons(InternalInjectorCreator.java:213)
	at InternalInjectorCreator.injectDynamically(InternalInjectorCreator.java:186)
	at InternalInjectorCreator.build(InternalInjectorCreator.java:113)
	at Guice.createInjector(Guice.java:87)
	at Bootstrap.initialize(Bootstrap.java:366)
	at Server.doStart(Server.java:124)
	at Server.lambda$start$0(Server.java:79)
	at io.trino.$gen.Trino_479____20260507_184053_1.run(Unknown Source)
	at Server.start(Server.java:79)
	at TrinoServer.main(TrinoServer.java:37)

8) [Guice/ErrorInjectingConstructor]: IllegalArgumentException: Invalid memory configuration. The sum of max query memory per node (4294967296) and heap headroom (1073741824) cannot be larger than the available heap memory (4294967296)
  at LocalMemoryManager.<init>(LocalMemoryManager.java:44)
  at java.base/DirectMethodHandleAccessor.invoke(DirectMethodHandleAccessor.java:104)
  at SqlTaskManager.<init>(SqlTaskManager.java:161)
      \_ for 8th parameter localMemoryManager
  at java.base/DirectMethodHandleAccessor.invoke(DirectMethodHandleAccessor.java:104)
  at SqlQueryExecution$SqlQueryExecutionFactory.<init>(SqlQueryExecution.java:838)
      \_ for 26th parameter coordinatorTaskManager
  at QueryExecutionFactoryModule.configure(QueryExecutionFactoryModule.java:145)
      \_ installed by: ServerMainModule -> CoordinatorModule -> QueryExecutionFactoryModule
  while locating SqlQueryExecution$SqlQueryExecutionFactory
  at QueryExecutionFactoryModule.configure(QueryExecutionFactoryModule.java:147)
      \_ installed by: ServerMainModule -> CoordinatorModule -> QueryExecutionFactoryModule
  while locating QueryExecution$QueryExecutionFactory<?> annotated with @Element(setName=,uniqueId=554, type=MAPBINDER, keyType=Class<? extends Statement>)

Learn more:
  https://github.com/google/guice/wiki/ERROR_INJECTING_CONSTRUCTOR
Caused by: IllegalArgumentException (same stack trace as error #7)
9) [Guice/ErrorInjectingConstructor]: IllegalArgumentException: Invalid memory configuration. The sum of max query memory per node (4294967296) and heap headroom (1073741824) cannot be larger than the available heap memory (4294967296)
  at LocalMemoryManager.<init>(LocalMemoryManager.java:44)
  at java.base/DirectMethodHandleAccessor.invoke(DirectMethodHandleAccessor.java:104)
  at SqlTaskManager.<init>(SqlTaskManager.java:161)
      \_ for 8th parameter localMemoryManager
  at java.base/DirectMethodHandleAccessor.invoke(DirectMethodHandleAccessor.java:104)
  at SqlQueryExecution$SqlQueryExecutionFactory.<init>(SqlQueryExecution.java:838)
      \_ for 26th parameter coordinatorTaskManager
  at QueryExecutionFactoryModule.configure(QueryExecutionFactoryModule.java:145)
      \_ installed by: ServerMainModule -> CoordinatorModule -> QueryExecutionFactoryModule
  while locating SqlQueryExecution$SqlQueryExecutionFactory
  at QueryExecutionFactoryModule.configure(QueryExecutionFactoryModule.java:147)
      \_ installed by: ServerMainModule -> CoordinatorModule -> QueryExecutionFactoryModule
  while locating QueryExecution$QueryExecutionFactory<?> annotated with @Element(setName=,uniqueId=556, type=MAPBINDER, keyType=Class<? extends Statement>)

Learn more:
  https://github.com/google/guice/wiki/ERROR_INJECTING_CONSTRUCTOR
Caused by: IllegalArgumentException (same stack trace as error #7)
10) [Guice/ErrorInjectingConstructor]: IllegalArgumentException: Invalid memory configuration. The sum of max query memory per node (4294967296) and heap headroom (1073741824) cannot be larger than the available heap memory (4294967296)
  at LocalMemoryManager.<init>(LocalMemoryManager.java:44)
  at java.base/DirectMethodHandleAccessor.invoke(DirectMethodHandleAccessor.java:104)
  at SqlTaskManager.<init>(SqlTaskManager.java:161)
      \_ for 8th parameter localMemoryManager
  at java.base/DirectMethodHandleAccessor.invoke(DirectMethodHandleAccessor.java:104)
  at SqlQueryExecution$SqlQueryExecutionFactory.<init>(SqlQueryExecution.java:838)
      \_ for 26th parameter coordinatorTaskManager
  at QueryExecutionFactoryModule.configure(QueryExecutionFactoryModule.java:145)
      \_ installed by: ServerMainModule -> CoordinatorModule -> QueryExecutionFactoryModule
  while locating SqlQueryExecution$SqlQueryExecutionFactory
  at QueryExecutionFactoryModule.configure(QueryExecutionFactoryModule.java:147)
      \_ installed by: ServerMainModule -> CoordinatorModule -> QueryExecutionFactoryModule
  while locating QueryExecution$QueryExecutionFactory<?> annotated with @Element(setName=,uniqueId=558, type=MAPBINDER, keyType=Class<? extends Statement>)

Learn more:
  https://github.com/google/guice/wiki/ERROR_INJECTING_CONSTRUCTOR
Caused by: IllegalArgumentException (same stack trace as error #7)
11) [Guice/ErrorInjectingConstructor]: IllegalArgumentException: Invalid memory configuration. The sum of max query memory per node (4294967296) and heap headroom (1073741824) cannot be larger than the available heap memory (4294967296)
  at LocalMemoryManager.<init>(LocalMemoryManager.java:44)
  at java.base/DirectMethodHandleAccessor.invoke(DirectMethodHandleAccessor.java:104)
  at SqlTaskManager.<init>(SqlTaskManager.java:161)
      \_ for 8th parameter localMemoryManager
  at java.base/DirectMethodHandleAccessor.invoke(DirectMethodHandleAccessor.java:104)
  at SqlQueryExecution$SqlQueryExecutionFactory.<init>(SqlQueryExecution.java:838)
      \_ for 26th parameter coordinatorTaskManager
  at QueryExecutionFactoryModule.configure(QueryExecutionFactoryModule.java:145)
      \_ installed by: ServerMainModule -> CoordinatorModule -> QueryExecutionFactoryModule
  while locating SqlQueryExecution$SqlQueryExecutionFactory
  at QueryExecutionFactoryModule.configure(QueryExecutionFactoryModule.java:147)
      \_ installed by: ServerMainModule -> CoordinatorModule -> QueryExecutionFactoryModule
  while locating QueryExecution$QueryExecutionFactory<?> annotated with @Element(setName=,uniqueId=560, type=MAPBINDER, keyType=Class<? extends Statement>)

Learn more:
  https://github.com/google/guice/wiki/ERROR_INJECTING_CONSTRUCTOR
Caused by: IllegalArgumentException (same stack trace as error #7)
12) [Guice/ErrorInjectingConstructor]: IllegalArgumentException: Invalid memory configuration. The sum of max query memory per node (4294967296) and heap headroom (1073741824) cannot be larger than the available heap memory (4294967296)
  at LocalMemoryManager.<init>(LocalMemoryManager.java:44)
  at java.base/DirectMethodHandleAccessor.invoke(DirectMethodHandleAccessor.java:104)
  at SqlTaskManager.<init>(SqlTaskManager.java:161)
      \_ for 8th parameter localMemoryManager
  at java.base/DirectMethodHandleAccessor.invoke(DirectMethodHandleAccessor.java:104)
  at SqlQueryExecution$SqlQueryExecutionFactory.<init>(SqlQueryExecution.java:838)
      \_ for 26th parameter coordinatorTaskManager
  at QueryExecutionFactoryModule.configure(QueryExecutionFactoryModule.java:145)
      \_ installed by: ServerMainModule -> CoordinatorModule -> QueryExecutionFactoryModule
  while locating SqlQueryExecution$SqlQueryExecutionFactory
  at QueryExecutionFactoryModule.configure(QueryExecutionFactoryModule.java:147)
      \_ installed by: ServerMainModule -> CoordinatorModule -> QueryExecutionFactoryModule
  while locating QueryExecution$QueryExecutionFactory<?> annotated with @Element(setName=,uniqueId=562, type=MAPBINDER, keyType=Class<? extends Statement>)

Learn more:
  https://github.com/google/guice/wiki/ERROR_INJECTING_CONSTRUCTOR
Caused by: IllegalArgumentException (same stack trace as error #7)
13) [Guice/ErrorInjectingConstructor]: IllegalArgumentException: Invalid memory configuration. The sum of max query memory per node (4294967296) and heap headroom (1073741824) cannot be larger than the available heap memory (4294967296)
  at LocalMemoryManager.<init>(LocalMemoryManager.java:44)
  at java.base/DirectMethodHandleAccessor.invoke(DirectMethodHandleAccessor.java:104)
  at SqlTaskManager.<init>(SqlTaskManager.java:161)
      \_ for 8th parameter localMemoryManager
  at java.base/DirectMethodHandleAccessor.invoke(DirectMethodHandleAccessor.java:104)
  at SqlQueryExecution$SqlQueryExecutionFactory.<init>(SqlQueryExecution.java:838)
      \_ for 26th parameter coordinatorTaskManager
  at QueryExecutionFactoryModule.configure(QueryExecutionFactoryModule.java:145)
      \_ installed by: ServerMainModule -> CoordinatorModule -> QueryExecutionFactoryModule
  while locating SqlQueryExecution$SqlQueryExecutionFactory
  at QueryExecutionFactoryModule.configure(QueryExecutionFactoryModule.java:147)
      \_ installed by: ServerMainModule -> CoordinatorModule -> QueryExecutionFactoryModule
  while locating QueryExecution$QueryExecutionFactory<?> annotated with @Element(setName=,uniqueId=564, type=MAPBINDER, keyType=Class<? extends Statement>)

Learn more:
  https://github.com/google/guice/wiki/ERROR_INJECTING_CONSTRUCTOR
Caused by: IllegalArgumentException (same stack trace as error #7)
14) [Guice/ErrorInjectingConstructor]: IllegalArgumentException: Invalid memory configuration. The sum of max query memory per node (4294967296) and heap headroom (1073741824) cannot be larger than the available heap memory (4294967296)
  at LocalMemoryManager.<init>(LocalMemoryManager.java:44)
  at java.base/DirectMethodHandleAccessor.invoke(DirectMethodHandleAccessor.java:104)
  at SqlTaskManager.<init>(SqlTaskManager.java:161)
      \_ for 8th parameter localMemoryManager
  at java.base/DirectMethodHandleAccessor.invoke(DirectMethodHandleAccessor.java:104)
  at SqlQueryExecution$SqlQueryExecutionFactory.<init>(SqlQueryExecution.java:838)
      \_ for 26th parameter coordinatorTaskManager
  at QueryExecutionFactoryModule.configure(QueryExecutionFactoryModule.java:145)
      \_ installed by: ServerMainModule -> CoordinatorModule -> QueryExecutionFactoryModule
  while locating SqlQueryExecution$SqlQueryExecutionFactory
  at QueryExecutionFactoryModule.configure(QueryExecutionFactoryModule.java:147)
      \_ installed by: ServerMainModule -> CoordinatorModule -> QueryExecutionFactoryModule
  while locating QueryExecution$QueryExecutionFactory<?> annotated with @Element(setName=,uniqueId=566, type=MAPBINDER, keyType=Class<? extends Statement>)

Learn more:
  https://github.com/google/guice/wiki/ERROR_INJECTING_CONSTRUCTOR
Caused by: IllegalArgumentException (same stack trace as error #7)
15) [Guice/ErrorInjectingConstructor]: IllegalArgumentException: Invalid memory configuration. The sum of max query memory per node (4294967296) and heap headroom (1073741824) cannot be larger than the available heap memory (4294967296)
  at LocalMemoryManager.<init>(LocalMemoryManager.java:44)
  at java.base/DirectMethodHandleAccessor.invoke(DirectMethodHandleAccessor.java:104)
  at SqlTaskManager.<init>(SqlTaskManager.java:161)
      \_ for 8th parameter localMemoryManager
  at java.base/DirectMethodHandleAccessor.invoke(DirectMethodHandleAccessor.java:104)
  at SqlQueryExecution$SqlQueryExecutionFactory.<init>(SqlQueryExecution.java:838)
      \_ for 26th parameter coordinatorTaskManager
  at QueryExecutionFactoryModule.configure(QueryExecutionFactoryModule.java:145)
      \_ installed by: ServerMainModule -> CoordinatorModule -> QueryExecutionFactoryModule
  while locating SqlQueryExecution$SqlQueryExecutionFactory
  at QueryExecutionFactoryModule.configure(QueryExecutionFactoryModule.java:147)
      \_ installed by: ServerMainModule -> CoordinatorModule -> QueryExecutionFactoryModule
  while locating QueryExecution$QueryExecutionFactory<?> annotated with @Element(setName=,uniqueId=568, type=MAPBINDER, keyType=Class<? extends Statement>)

Learn more:
  https://github.com/google/guice/wiki/ERROR_INJECTING_CONSTRUCTOR
Caused by: IllegalArgumentException (same stack trace as error #7)
16) [Guice/ErrorInjectingConstructor]: IllegalArgumentException: Invalid memory configuration. The sum of max query memory per node (4294967296) and heap headroom (1073741824) cannot be larger than the available heap memory (4294967296)
  at LocalMemoryManager.<init>(LocalMemoryManager.java:44)
  at java.base/DirectMethodHandleAccessor.invoke(DirectMethodHandleAccessor.java:104)
  at SqlTaskManager.<init>(SqlTaskManager.java:161)
      \_ for 8th parameter localMemoryManager
  at java.base/DirectMethodHandleAccessor.invoke(DirectMethodHandleAccessor.java:104)
  at SqlQueryExecution$SqlQueryExecutionFactory.<init>(SqlQueryExecution.java:838)
      \_ for 26th parameter coordinatorTaskManager
  at QueryExecutionFactoryModule.configure(QueryExecutionFactoryModule.java:145)
      \_ installed by: ServerMainModule -> CoordinatorModule -> QueryExecutionFactoryModule
  while locating SqlQueryExecution$SqlQueryExecutionFactory
  at QueryExecutionFactoryModule.configure(QueryExecutionFactoryModule.java:147)
      \_ installed by: ServerMainModule -> CoordinatorModule -> QueryExecutionFactoryModule
  while locating QueryExecution$QueryExecutionFactory<?> annotated with @Element(setName=,uniqueId=570, type=MAPBINDER, keyType=Class<? extends Statement>)

Learn more:
  https://github.com/google/guice/wiki/ERROR_INJECTING_CONSTRUCTOR
Caused by: IllegalArgumentException (same stack trace as error #7)
17) [Guice/ErrorInjectingConstructor]: IllegalArgumentException: Invalid memory configuration. The sum of max query memory per node (4294967296) and heap headroom (1073741824) cannot be larger than the available heap memory (4294967296)
  at LocalMemoryManager.<init>(LocalMemoryManager.java:44)
  at java.base/DirectMethodHandleAccessor.invoke(DirectMethodHandleAccessor.java:104)
  at SqlTaskManager.<init>(SqlTaskManager.java:161)
      \_ for 8th parameter localMemoryManager
  at java.base/DirectMethodHandleAccessor.invoke(DirectMethodHandleAccessor.java:104)
  at SqlQueryExecution$SqlQueryExecutionFactory.<init>(SqlQueryExecution.java:838)
      \_ for 26th parameter coordinatorTaskManager
  at QueryExecutionFactoryModule.configure(QueryExecutionFactoryModule.java:145)
      \_ installed by: ServerMainModule -> CoordinatorModule -> QueryExecutionFactoryModule
  while locating SqlQueryExecution$SqlQueryExecutionFactory
  at QueryExecutionFactoryModule.configure(QueryExecutionFactoryModule.java:147)
      \_ installed by: ServerMainModule -> CoordinatorModule -> QueryExecutionFactoryModule
  while locating QueryExecution$QueryExecutionFactory<?> annotated with @Element(setName=,uniqueId=572, type=MAPBINDER, keyType=Class<? extends Statement>)

Learn more:
  https://github.com/google/guice/wiki/ERROR_INJECTING_CONSTRUCTOR
Caused by: IllegalArgumentException (same stack trace as error #7)
18) [Guice/ErrorInjectingConstructor]: IllegalArgumentException: Invalid memory configuration. The sum of max query memory per node (4294967296) and heap headroom (1073741824) cannot be larger than the available heap memory (4294967296)
  at LocalMemoryManager.<init>(LocalMemoryManager.java:44)
  at java.base/DirectMethodHandleAccessor.invoke(DirectMethodHandleAccessor.java:104)
  at SqlTaskManager.<init>(SqlTaskManager.java:161)
      \_ for 8th parameter localMemoryManager
  at java.base/DirectMethodHandleAccessor.invoke(DirectMethodHandleAccessor.java:104)
  at SqlQueryExecution$SqlQueryExecutionFactory.<init>(SqlQueryExecution.java:838)
      \_ for 26th parameter coordinatorTaskManager
  at QueryExecutionFactoryModule.configure(QueryExecutionFactoryModule.java:145)
      \_ installed by: ServerMainModule -> CoordinatorModule -> QueryExecutionFactoryModule
  while locating SqlQueryExecution$SqlQueryExecutionFactory
  at QueryExecutionFactoryModule.configure(QueryExecutionFactoryModule.java:147)
      \_ installed by: ServerMainModule -> CoordinatorModule -> QueryExecutionFactoryModule
  while locating QueryExecution$QueryExecutionFactory<?> annotated with @Element(setName=,uniqueId=574, type=MAPBINDER, keyType=Class<? extends Statement>)

Learn more:
  https://github.com/google/guice/wiki/ERROR_INJECTING_CONSTRUCTOR
Caused by: IllegalArgumentException (same stack trace as error #7)
19) [Guice/ErrorInjectingConstructor]: IllegalArgumentException: Invalid memory configuration. The sum of max query memory per node (4294967296) and heap headroom (1073741824) cannot be larger than the available heap memory (4294967296)
  at LocalMemoryManager.<init>(LocalMemoryManager.java:44)
  at java.base/DirectMethodHandleAccessor.invoke(DirectMethodHandleAccessor.java:104)
  at SqlTaskManager.<init>(SqlTaskManager.java:161)
      \_ for 8th parameter localMemoryManager
  at java.base/DirectMethodHandleAccessor.invoke(DirectMethodHandleAccessor.java:104)
  at SqlQueryExecution$SqlQueryExecutionFactory.<init>(SqlQueryExecution.java:838)
      \_ for 26th parameter coordinatorTaskManager
  at QueryExecutionFactoryModule.configure(QueryExecutionFactoryModule.java:145)
      \_ installed by: ServerMainModule -> CoordinatorModule -> QueryExecutionFactoryModule
  while locating SqlQueryExecution$SqlQueryExecutionFactory
  at QueryExecutionFactoryModule.configure(QueryExecutionFactoryModule.java:147)
      \_ installed by: ServerMainModule -> CoordinatorModule -> QueryExecutionFactoryModule
  while locating QueryExecution$QueryExecutionFactory<?> annotated with @Element(setName=,uniqueId=576, type=MAPBINDER, keyType=Class<? extends Statement>)

Learn more:
  https://github.com/google/guice/wiki/ERROR_INJECTING_CONSTRUCTOR
Caused by: IllegalArgumentException (same stack trace as error #7)
20) [Guice/ErrorInjectingConstructor]: IllegalArgumentException: Invalid memory configuration. The sum of max query memory per node (4294967296) and heap headroom (1073741824) cannot be larger than the available heap memory (4294967296)
  at LocalMemoryManager.<init>(LocalMemoryManager.java:44)
  at java.base/DirectMethodHandleAccessor.invoke(DirectMethodHandleAccessor.java:104)
  at SqlTaskManager.<init>(SqlTaskManager.java:161)
      \_ for 8th parameter localMemoryManager
  at java.base/DirectMethodHandleAccessor.invoke(DirectMethodHandleAccessor.java:104)
  at SqlQueryExecution$SqlQueryExecutionFactory.<init>(SqlQueryExecution.java:838)
      \_ for 26th parameter coordinatorTaskManager
  at QueryExecutionFactoryModule.configure(QueryExecutionFactoryModule.java:145)
      \_ installed by: ServerMainModule -> CoordinatorModule -> QueryExecutionFactoryModule
  while locating SqlQueryExecution$SqlQueryExecutionFactory
  at QueryExecutionFactoryModule.configure(QueryExecutionFactoryModule.java:147)
      \_ installed by: ServerMainModule -> CoordinatorModule -> QueryExecutionFactoryModule
  while locating QueryExecution$QueryExecutionFactory<?> annotated with @Element(setName=,uniqueId=578, type=MAPBINDER, keyType=Class<? extends Statement>)

Learn more:
  https://github.com/google/guice/wiki/ERROR_INJECTING_CONSTRUCTOR
Caused by: IllegalArgumentException (same stack trace as error #7)
21) [Guice/ErrorInjectingConstructor]: IllegalArgumentException: Invalid memory configuration. The sum of max query memory per node (4294967296) and heap headroom (1073741824) cannot be larger than the available heap memory (4294967296)
  at LocalMemoryManager.<init>(LocalMemoryManager.java:44)
  at java.base/DirectMethodHandleAccessor.invoke(DirectMethodHandleAccessor.java:104)
  at SqlTaskManager.<init>(SqlTaskManager.java:161)
      \_ for 8th parameter localMemoryManager
  at java.base/DirectMethodHandleAccessor.invoke(DirectMethodHandleAccessor.java:104)
  at SqlQueryExecution$SqlQueryExecutionFactory.<init>(SqlQueryExecution.java:838)
      \_ for 26th parameter coordinatorTaskManager
  at QueryExecutionFactoryModule.configure(QueryExecutionFactoryModule.java:145)
      \_ installed by: ServerMainModule -> CoordinatorModule -> QueryExecutionFactoryModule
  while locating SqlQueryExecution$SqlQueryExecutionFactory
  at QueryExecutionFactoryModule.configure(QueryExecutionFactoryModule.java:147)
      \_ installed by: ServerMainModule -> CoordinatorModule -> QueryExecutionFactoryModule
  while locating QueryExecution$QueryExecutionFactory<?> annotated with @Element(setName=,uniqueId=580, type=MAPBINDER, keyType=Class<? extends Statement>)

Learn more:
  https://github.com/google/guice/wiki/ERROR_INJECTING_CONSTRUCTOR
Caused by: IllegalArgumentException (same stack trace as error #7)
22) [Guice/ErrorInjectingConstructor]: IllegalArgumentException: Invalid memory configuration. The sum of max query memory per node (4294967296) and heap headroom (1073741824) cannot be larger than the available heap memory (4294967296)
  at LocalMemoryManager.<init>(LocalMemoryManager.java:44)
  at java.base/DirectMethodHandleAccessor.invoke(DirectMethodHandleAccessor.java:104)
  at SqlTaskManager.<init>(SqlTaskManager.java:161)
      \_ for 8th parameter localMemoryManager
  at java.base/DirectMethodHandleAccessor.invoke(DirectMethodHandleAccessor.java:104)
  at SqlQueryExecution$SqlQueryExecutionFactory.<init>(SqlQueryExecution.java:838)
      \_ for 26th parameter coordinatorTaskManager
  at QueryExecutionFactoryModule.configure(QueryExecutionFactoryModule.java:145)
      \_ installed by: ServerMainModule -> CoordinatorModule -> QueryExecutionFactoryModule
  while locating SqlQueryExecution$SqlQueryExecutionFactory
  at QueryExecutionFactoryModule.configure(QueryExecutionFactoryModule.java:147)
      \_ installed by: ServerMainModule -> CoordinatorModule -> QueryExecutionFactoryModule
  while locating QueryExecution$QueryExecutionFactory<?> annotated with @Element(setName=,uniqueId=582, type=MAPBINDER, keyType=Class<? extends Statement>)

Learn more:
  https://github.com/google/guice/wiki/ERROR_INJECTING_CONSTRUCTOR
Caused by: IllegalArgumentException (same stack trace as error #7)
23) [Guice/ErrorInjectingConstructor]: IllegalArgumentException: Invalid memory configuration. The sum of max query memory per node (4294967296) and heap headroom (1073741824) cannot be larger than the available heap memory (4294967296)
  at LocalMemoryManager.<init>(LocalMemoryManager.java:44)
  at java.base/DirectMethodHandleAccessor.invoke(DirectMethodHandleAccessor.java:104)
  at SqlTaskManager.<init>(SqlTaskManager.java:161)
      \_ for 8th parameter localMemoryManager
  at java.base/DirectMethodHandleAccessor.invoke(DirectMethodHandleAccessor.java:104)
  at SqlQueryExecution$SqlQueryExecutionFactory.<init>(SqlQueryExecution.java:838)
      \_ for 26th parameter coordinatorTaskManager
  at QueryExecutionFactoryModule.configure(QueryExecutionFactoryModule.java:145)
      \_ installed by: ServerMainModule -> CoordinatorModule -> QueryExecutionFactoryModule
  while locating SqlQueryExecution$SqlQueryExecutionFactory
  at QueryExecutionFactoryModule.configure(QueryExecutionFactoryModule.java:147)
      \_ installed by: ServerMainModule -> CoordinatorModule -> QueryExecutionFactoryModule
  while locating QueryExecution$QueryExecutionFactory<?> annotated with @Element(setName=,uniqueId=584, type=MAPBINDER, keyType=Class<? extends Statement>)

Learn more:
  https://github.com/google/guice/wiki/ERROR_INJECTING_CONSTRUCTOR
Caused by: IllegalArgumentException (same stack trace as error #7)
24) [Guice/ErrorInjectingConstructor]: IllegalArgumentException: Invalid memory configuration. The sum of max query memory per node (4294967296) and heap headroom (1073741824) cannot be larger than the available heap memory (4294967296)
  at LocalMemoryManager.<init>(LocalMemoryManager.java:44)
  at java.base/DirectMethodHandleAccessor.invoke(DirectMethodHandleAccessor.java:104)
  at SqlTaskManager.<init>(SqlTaskManager.java:161)
      \_ for 8th parameter localMemoryManager
  at java.base/DirectMethodHandleAccessor.invoke(DirectMethodHandleAccessor.java:104)
  at SqlQueryExecution$SqlQueryExecutionFactory.<init>(SqlQueryExecution.java:838)
      \_ for 26th parameter coordinatorTaskManager
  at QueryExecutionFactoryModule.configure(QueryExecutionFactoryModule.java:145)
      \_ installed by: ServerMainModule -> CoordinatorModule -> QueryExecutionFactoryModule
  while locating SqlQueryExecution$SqlQueryExecutionFactory
  at QueryExecutionFactoryModule.configure(QueryExecutionFactoryModule.java:147)
      \_ installed by: ServerMainModule -> CoordinatorModule -> QueryExecutionFactoryModule
  while locating QueryExecution$QueryExecutionFactory<?> annotated with @Element(setName=,uniqueId=586, type=MAPBINDER, keyType=Class<? extends Statement>)

Learn more:
  https://github.com/google/guice/wiki/ERROR_INJECTING_CONSTRUCTOR
Caused by: IllegalArgumentException (same stack trace as error #7)
25) [Guice/ErrorInjectingConstructor]: IllegalArgumentException: Invalid memory configuration. The sum of max query memory per node (4294967296) and heap headroom (1073741824) cannot be larger than the available heap memory (4294967296)
  at LocalMemoryManager.<init>(LocalMemoryManager.java:44)
  at java.base/DirectMethodHandleAccessor.invoke(DirectMethodHandleAccessor.java:104)
  at SqlTaskManager.<init>(SqlTaskManager.java:161)
      \_ for 8th parameter localMemoryManager
  at java.base/DirectMethodHandleAccessor.invoke(DirectMethodHandleAccessor.java:104)
  at SqlQueryExecution$SqlQueryExecutionFactory.<init>(SqlQueryExecution.java:838)
      \_ for 26th parameter coordinatorTaskManager
  at QueryExecutionFactoryModule.configure(QueryExecutionFactoryModule.java:145)
      \_ installed by: ServerMainModule -> CoordinatorModule -> QueryExecutionFactoryModule
  while locating SqlQueryExecution$SqlQueryExecutionFactory
  at QueryExecutionFactoryModule.configure(QueryExecutionFactoryModule.java:147)
      \_ installed by: ServerMainModule -> CoordinatorModule -> QueryExecutionFactoryModule
  while locating QueryExecution$QueryExecutionFactory<?> annotated with @Element(setName=,uniqueId=588, type=MAPBINDER, keyType=Class<? extends Statement>)

Learn more:
  https://github.com/google/guice/wiki/ERROR_INJECTING_CONSTRUCTOR
Caused by: IllegalArgumentException (same stack trace as error #7)
26) [Guice/ErrorInjectingConstructor]: IllegalArgumentException: Invalid memory configuration. The sum of max query memory per node (4294967296) and heap headroom (1073741824) cannot be larger than the available heap memory (4294967296)
  at LocalMemoryManager.<init>(LocalMemoryManager.java:44)
  at java.base/DirectMethodHandleAccessor.invoke(DirectMethodHandleAccessor.java:104)
  at SqlTaskManager.<init>(SqlTaskManager.java:161)
      \_ for 8th parameter localMemoryManager
  at java.base/DirectMethodHandleAccessor.invoke(DirectMethodHandleAccessor.java:104)
  at SqlQueryExecution$SqlQueryExecutionFactory.<init>(SqlQueryExecution.java:838)
      \_ for 26th parameter coordinatorTaskManager
  at QueryExecutionFactoryModule.configure(QueryExecutionFactoryModule.java:145)
      \_ installed by: ServerMainModule -> CoordinatorModule -> QueryExecutionFactoryModule
  while locating SqlQueryExecution$SqlQueryExecutionFactory
  at QueryExecutionFactoryModule.configure(QueryExecutionFactoryModule.java:147)
      \_ installed by: ServerMainModule -> CoordinatorModule -> QueryExecutionFactoryModule
  while locating QueryExecution$QueryExecutionFactory<?> annotated with @Element(setName=,uniqueId=590, type=MAPBINDER, keyType=Class<? extends Statement>)

Learn more:
  https://github.com/google/guice/wiki/ERROR_INJECTING_CONSTRUCTOR
Caused by: IllegalArgumentException (same stack trace as error #7)
27) [Guice/ErrorInjectingConstructor]: IllegalArgumentException: Invalid memory configuration. The sum of max query memory per node (4294967296) and heap headroom (1073741824) cannot be larger than the available heap memory (4294967296)
  at LocalMemoryManager.<init>(LocalMemoryManager.java:44)
  at java.base/DirectMethodHandleAccessor.invoke(DirectMethodHandleAccessor.java:104)
  at SqlTaskManager.<init>(SqlTaskManager.java:161)
      \_ for 8th parameter localMemoryManager
  at java.base/DirectMethodHandleAccessor.invoke(DirectMethodHandleAccessor.java:104)
  at SqlQueryExecution$SqlQueryExecutionFactory.<init>(SqlQueryExecution.java:838)
      \_ for 26th parameter coordinatorTaskManager
  at QueryExecutionFactoryModule.configure(QueryExecutionFactoryModule.java:145)
      \_ installed by: ServerMainModule -> CoordinatorModule -> QueryExecutionFactoryModule
  while locating SqlQueryExecution$SqlQueryExecutionFactory
  at QueryExecutionFactoryModule.configure(QueryExecutionFactoryModule.java:147)
      \_ installed by: ServerMainModule -> CoordinatorModule -> QueryExecutionFactoryModule
  while locating QueryExecution$QueryExecutionFactory<?> annotated with @Element(setName=,uniqueId=592, type=MAPBINDER, keyType=Class<? extends Statement>)

Learn more:
  https://github.com/google/guice/wiki/ERROR_INJECTING_CONSTRUCTOR
Caused by: IllegalArgumentException (same stack trace as error #7)
28) [Guice/ErrorInjectingConstructor]: IllegalArgumentException: Invalid memory configuration. The sum of max query memory per node (4294967296) and heap headroom (1073741824) cannot be larger than the available heap memory (4294967296)
  at LocalMemoryManager.<init>(LocalMemoryManager.java:44)
  at java.base/DirectMethodHandleAccessor.invoke(DirectMethodHandleAccessor.java:104)
  at SqlTaskManager.<init>(SqlTaskManager.java:161)
      \_ for 8th parameter localMemoryManager
  at java.base/DirectMethodHandleAccessor.invoke(DirectMethodHandleAccessor.java:104)
  at SqlQueryExecution$SqlQueryExecutionFactory.<init>(SqlQueryExecution.java:838)
      \_ for 26th parameter coordinatorTaskManager
  at QueryExecutionFactoryModule.configure(QueryExecutionFactoryModule.java:145)
      \_ installed by: ServerMainModule -> CoordinatorModule -> QueryExecutionFactoryModule
  while locating SqlQueryExecution$SqlQueryExecutionFactory
  at QueryExecutionFactoryModule.configure(QueryExecutionFactoryModule.java:147)
      \_ installed by: ServerMainModule -> CoordinatorModule -> QueryExecutionFactoryModule
  while locating QueryExecution$QueryExecutionFactory<?> annotated with @Element(setName=,uniqueId=594, type=MAPBINDER, keyType=Class<? extends Statement>)

Learn more:
  https://github.com/google/guice/wiki/ERROR_INJECTING_CONSTRUCTOR
Caused by: IllegalArgumentException (same stack trace as error #7)
29) [Guice/ErrorInjectingConstructor]: IllegalArgumentException: Invalid memory configuration. The sum of max query memory per node (4294967296) and heap headroom (1073741824) cannot be larger than the available heap memory (4294967296)
  at LocalMemoryManager.<init>(LocalMemoryManager.java:44)
  at java.base/DirectMethodHandleAccessor.invoke(DirectMethodHandleAccessor.java:104)
  at SqlTaskManager.<init>(SqlTaskManager.java:161)
      \_ for 8th parameter localMemoryManager
  at java.base/DirectMethodHandleAccessor.invoke(DirectMethodHandleAccessor.java:104)
  at SqlQueryExecution$SqlQueryExecutionFactory.<init>(SqlQueryExecution.java:838)
      \_ for 26th parameter coordinatorTaskManager
  at QueryExecutionFactoryModule.configure(QueryExecutionFactoryModule.java:145)
      \_ installed by: ServerMainModule -> CoordinatorModule -> QueryExecutionFactoryModule
  while locating SqlQueryExecution$SqlQueryExecutionFactory
  at QueryExecutionFactoryModule.configure(QueryExecutionFactoryModule.java:147)
      \_ installed by: ServerMainModule -> CoordinatorModule -> QueryExecutionFactoryModule
  while locating QueryExecution$QueryExecutionFactory<?> annotated with @Element(setName=,uniqueId=596, type=MAPBINDER, keyType=Class<? extends Statement>)

Learn more:
  https://github.com/google/guice/wiki/ERROR_INJECTING_CONSTRUCTOR
Caused by: IllegalArgumentException (same stack trace as error #7)
30) [Guice/ErrorInjectingConstructor]: IllegalArgumentException: Invalid memory configuration. The sum of max query memory per node (4294967296) and heap headroom (1073741824) cannot be larger than the available heap memory (4294967296)
  at LocalMemoryManager.<init>(LocalMemoryManager.java:44)
  at java.base/DirectMethodHandleAccessor.invoke(DirectMethodHandleAccessor.java:104)
  at SqlTaskManager.<init>(SqlTaskManager.java:161)
      \_ for 8th parameter localMemoryManager
  at java.base/DirectMethodHandleAccessor.invoke(DirectMethodHandleAccessor.java:104)
  at SqlQueryExecution$SqlQueryExecutionFactory.<init>(SqlQueryExecution.java:838)
      \_ for 26th parameter coordinatorTaskManager
  at QueryExecutionFactoryModule.configure(QueryExecutionFactoryModule.java:145)
      \_ installed by: ServerMainModule -> CoordinatorModule -> QueryExecutionFactoryModule
  while locating SqlQueryExecution$SqlQueryExecutionFactory
  at QueryExecutionFactoryModule.configure(QueryExecutionFactoryModule.java:147)
      \_ installed by: ServerMainModule -> CoordinatorModule -> QueryExecutionFactoryModule
  while locating QueryExecution$QueryExecutionFactory<?> annotated with @Element(setName=,uniqueId=598, type=MAPBINDER, keyType=Class<? extends Statement>)

Learn more:
  https://github.com/google/guice/wiki/ERROR_INJECTING_CONSTRUCTOR
Caused by: IllegalArgumentException (same stack trace as error #7)
31) [Guice/ErrorInjectingConstructor]: IllegalArgumentException: Invalid memory configuration. The sum of max query memory per node (4294967296) and heap headroom (1073741824) cannot be larger than the available heap memory (4294967296)
  at LocalMemoryManager.<init>(LocalMemoryManager.java:44)
  at java.base/DirectMethodHandleAccessor.invoke(DirectMethodHandleAccessor.java:104)
  at SqlTaskManager.<init>(SqlTaskManager.java:161)
      \_ for 8th parameter localMemoryManager
  at java.base/DirectMethodHandleAccessor.invoke(DirectMethodHandleAccessor.java:104)
  at SqlQueryExecution$SqlQueryExecutionFactory.<init>(SqlQueryExecution.java:838)
      \_ for 26th parameter coordinatorTaskManager
  at QueryExecutionFactoryModule.configure(QueryExecutionFactoryModule.java:145)
      \_ installed by: ServerMainModule -> CoordinatorModule -> QueryExecutionFactoryModule
  while locating SqlQueryExecution$SqlQueryExecutionFactory
  at QueryExecutionFactoryModule.configure(QueryExecutionFactoryModule.java:147)
      \_ installed by: ServerMainModule -> CoordinatorModule -> QueryExecutionFactoryModule
  while locating QueryExecution$QueryExecutionFactory<?> annotated with @Element(setName=,uniqueId=600, type=MAPBINDER, keyType=Class<? extends Statement>)

Learn more:
  https://github.com/google/guice/wiki/ERROR_INJECTING_CONSTRUCTOR
Caused by: IllegalArgumentException (same stack trace as error #7)
32) [Guice/ErrorInjectingConstructor]: IllegalArgumentException: Invalid memory configuration. The sum of max query memory per node (4294967296) and heap headroom (1073741824) cannot be larger than the available heap memory (4294967296)
  at LocalMemoryManager.<init>(LocalMemoryManager.java:44)
  at java.base/DirectMethodHandleAccessor.invoke(DirectMethodHandleAccessor.java:104)
  at SqlTaskManager.<init>(SqlTaskManager.java:161)
      \_ for 8th parameter localMemoryManager
  at java.base/DirectMethodHandleAccessor.invoke(DirectMethodHandleAccessor.java:104)
  at TaskResource.<init>(TaskResource.java:121)
      \_ for 2nd parameter taskManager
  at ServerMainModule.setup(ServerMainModule.java:252)
  while locating TaskResource
  at java.base/DirectMethodHandleAccessor.invoke(DirectMethodHandleAccessor.java:104)
  while locating Object annotated with @Element(setName=,uniqueId=823, type=MULTIBINDER, keyType=)

Learn more:
  https://github.com/google/guice/wiki/ERROR_INJECTING_CONSTRUCTOR
Caused by: IllegalArgumentException (same stack trace as error #7)
33) [Guice/ErrorInjectingConstructor]: IllegalArgumentException: Invalid memory configuration. The sum of max query memory per node (4294967296) and heap headroom (1073741824) cannot be larger than the available heap memory (4294967296)
  at LocalMemoryManager.<init>(LocalMemoryManager.java:44)
  at java.base/DirectMethodHandleAccessor.invoke(DirectMethodHandleAccessor.java:104)
  at MemoryResource.<init>(MemoryResource.java:36)
      \_ for 1st parameter memoryManager
  at ServerMainModule.setup(ServerMainModule.java:350)
  while locating MemoryResource
  at java.base/DirectMethodHandleAccessor.invoke(DirectMethodHandleAccessor.java:104)
  while locating Object annotated with @Element(setName=,uniqueId=842, type=MULTIBINDER, keyType=)

Learn more:
  https://github.com/google/guice/wiki/ERROR_INJECTING_CONSTRUCTOR
Caused by: IllegalArgumentException: Invalid memory configuration. The sum of max query memory per node (4294967296) and heap headroom (1073741824) cannot be larger than the available heap memory (4294967296)
	at LocalMemoryManager.validateHeapHeadroom(LocalMemoryManager.java:64)
	at LocalMemoryManager.<init>(LocalMemoryManager.java:50)
	at LocalMemoryManager.<init>(LocalMemoryManager.java:44)
	at LocalMemoryManager$$FastClassByGuice$$7900c4b.GUICE$TRAMPOLINE(<generated>)
	at LocalMemoryManager$$FastClassByGuice$$7900c4b.apply(<generated>)
	at DefaultConstructionProxyFactory$FastClassProxy.newInstance(DefaultConstructionProxyFactory.java:82)
	at ConstructorInjector.provision(ConstructorInjector.java:114)
	at ConstructorInjector.access$000(ConstructorInjector.java:33)
	at ConstructorInjector$1.call(ConstructorInjector.java:98)
	at ProvisionListenerStackCallback$Provision.provision(ProvisionListenerStackCallback.java:109)
	at LifeCycleModule.provision(LifeCycleModule.java:70)
	at ProvisionListenerStackCallback$Provision.provision(ProvisionListenerStackCallback.java:117)
	at ProvisionListenerStackCallback.provision(ProvisionListenerStackCallback.java:66)
	at ConstructorInjector.construct(ConstructorInjector.java:93)
	at ConstructorBindingImpl$Factory.get(ConstructorBindingImpl.java:300)
	at ProviderToInternalFactoryAdapter.get(ProviderToInternalFactoryAdapter.java:40)
	at SingletonScope$1.get(SingletonScope.java:169)
	at InternalFactoryToProviderAdapter.get(InternalFactoryToProviderAdapter.java:45)
	at SingleParameterInjector.inject(SingleParameterInjector.java:40)
	at SingleParameterInjector.getAll(SingleParameterInjector.java:60)
	at ConstructorInjector.provision(ConstructorInjector.java:113)
	at ConstructorInjector.access$000(ConstructorInjector.java:33)
	at ConstructorInjector$1.call(ConstructorInjector.java:98)
	at ProvisionListenerStackCallback$Provision.provision(ProvisionListenerStackCallback.java:109)
	at LifeCycleModule.provision(LifeCycleModule.java:70)
	at ProvisionListenerStackCallback$Provision.provision(ProvisionListenerStackCallback.java:117)
	at ProvisionListenerStackCallback.provision(ProvisionListenerStackCallback.java:66)
	at ConstructorInjector.construct(ConstructorInjector.java:93)
	at ConstructorBindingImpl$Factory.get(ConstructorBindingImpl.java:300)
	at ProviderToInternalFactoryAdapter.get(ProviderToInternalFactoryAdapter.java:40)
	at SingletonScope$1.get(SingletonScope.java:169)
	at InternalFactoryToProviderAdapter.get(InternalFactoryToProviderAdapter.java:45)
	at FactoryProxy.get(FactoryProxy.java:60)
	at ProviderToInternalFactoryAdapter.get(ProviderToInternalFactoryAdapter.java:40)
	at SingletonScope$1.get(SingletonScope.java:169)
	at InternalFactoryToProviderAdapter.get(InternalFactoryToProviderAdapter.java:45)
	at InternalInjectorCreator.loadEagerSingletons(InternalInjectorCreator.java:213)
	at InternalInjectorCreator.injectDynamically(InternalInjectorCreator.java:186)
	at InternalInjectorCreator.build(InternalInjectorCreator.java:113)
	at Guice.createInjector(Guice.java:87)
	at Bootstrap.initialize(Bootstrap.java:366)
	at Server.doStart(Server.java:124)
	at Server.lambda$start$0(Server.java:79)
	at io.trino.$gen.Trino_479____20260507_184053_1.run(Unknown Source)
	at Server.start(Server.java:79)
	at TrinoServer.main(TrinoServer.java:37)

34) [Guice/ErrorInjectingConstructor]: IllegalArgumentException: Invalid memory configuration. The sum of max query memory per node (4294967296) and heap headroom (1073741824) cannot be larger than the available heap memory (4294967296)
  at LocalMemoryManager.<init>(LocalMemoryManager.java:44)
  at java.base/DirectMethodHandleAccessor.invoke(DirectMethodHandleAccessor.java:104)
  at SqlTaskManager.<init>(SqlTaskManager.java:161)
      \_ for 8th parameter localMemoryManager
  at java.base/DirectMethodHandleAccessor.invoke(DirectMethodHandleAccessor.java:104)
  at SqlQueryExecution$SqlQueryExecutionFactory.<init>(SqlQueryExecution.java:838)
      \_ for 26th parameter coordinatorTaskManager
  at QueryExecutionFactoryModule.configure(QueryExecutionFactoryModule.java:145)
      \_ installed by: ServerMainModule -> CoordinatorModule -> QueryExecutionFactoryModule
  while locating SqlQueryExecution$SqlQueryExecutionFactory
  at QueryExecutionFactoryModule.configure(QueryExecutionFactoryModule.java:147)
      \_ installed by: ServerMainModule -> CoordinatorModule -> QueryExecutionFactoryModule
  while locating QueryExecution$QueryExecutionFactory<?> annotated with @Element(setName=,uniqueId=552, type=MAPBINDER, keyType=Class<? extends Statement>)
  at LocalDispatchQueryFactory.<init>(LocalDispatchQueryFactory.java:93)
      \_ for 9th parameter executionFactories
  while locating LocalDispatchQueryFactory
  at DispatchManager.<init>(DispatchManager.java:114)
      \_ for 4th parameter dispatchQueryFactory
  at java.base/DirectMethodHandleAccessor.invoke(DirectMethodHandleAccessor.java:104)
      \_ installed by: ServerMainModule -> CoordinatorModule
  while locating DispatchManager
  at QuerySystemTable.<init>(QuerySystemTable.java:86)
      \_ for 1st parameter dispatchManager
  while locating QuerySystemTable
  at SystemConnectorModule.configure(SystemConnectorModule.java:47)
      \_ installed by: ServerMainModule -> SystemConnectorModule
  while locating SystemTable annotated with @Element(setName=,uniqueId=867, type=MULTIBINDER, keyType=)

Learn more:
  https://github.com/google/guice/wiki/ERROR_INJECTING_CONSTRUCTOR
Caused by: IllegalArgumentException: Invalid memory configuration. The sum of max query memory per node (4294967296) and heap headroom (1073741824) cannot be larger than the available heap memory (4294967296)
	at LocalMemoryManager.validateHeapHeadroom(LocalMemoryManager.java:64)
	at LocalMemoryManager.<init>(LocalMemoryManager.java:50)
	at LocalMemoryManager.<init>(LocalMemoryManager.java:44)
	at LocalMemoryManager$$FastClassByGuice$$7900c4b.GUICE$TRAMPOLINE(<generated>)
	at LocalMemoryManager$$FastClassByGuice$$7900c4b.apply(<generated>)
	at DefaultConstructionProxyFactory$FastClassProxy.newInstance(DefaultConstructionProxyFactory.java:82)
	at ConstructorInjector.provision(ConstructorInjector.java:114)
	at ConstructorInjector.access$000(ConstructorInjector.java:33)
	at ConstructorInjector$1.call(ConstructorInjector.java:98)
	at ProvisionListenerStackCallback$Provision.provision(ProvisionListenerStackCallback.java:109)
	at LifeCycleModule.provision(LifeCycleModule.java:70)
	at ProvisionListenerStackCallback$Provision.provision(ProvisionListenerStackCallback.java:117)
	at ProvisionListenerStackCallback.provision(ProvisionListenerStackCallback.java:66)
	at ConstructorInjector.construct(ConstructorInjector.java:93)
	at ConstructorBindingImpl$Factory.get(ConstructorBindingImpl.java:300)
	at ProviderToInternalFactoryAdapter.get(ProviderToInternalFactoryAdapter.java:40)
	at SingletonScope$1.get(SingletonScope.java:169)
	at InternalFactoryToProviderAdapter.get(InternalFactoryToProviderAdapter.java:45)
	at SingleParameterInjector.inject(SingleParameterInjector.java:40)
	at SingleParameterInjector.getAll(SingleParameterInjector.java:60)
	at ConstructorInjector.provision(ConstructorInjector.java:113)
	at ConstructorInjector.access$000(ConstructorInjector.java:33)
	at ConstructorInjector$1.call(ConstructorInjector.java:98)
	at ProvisionListenerStackCallback$Provision.provision(ProvisionListenerStackCallback.java:109)
	at LifeCycleModule.provision(LifeCycleModule.java:70)
	at ProvisionListenerStackCallback$Provision.provision(ProvisionListenerStackCallback.java:117)
	at ProvisionListenerStackCallback.provision(ProvisionListenerStackCallback.java:66)
	at ConstructorInjector.construct(ConstructorInjector.java:93)
	at ConstructorBindingImpl$Factory.get(ConstructorBindingImpl.java:300)
	at ProviderToInternalFactoryAdapter.get(ProviderToInternalFactoryAdapter.java:40)
	at SingletonScope$1.get(SingletonScope.java:169)
	at InternalFactoryToProviderAdapter.get(InternalFactoryToProviderAdapter.java:45)
	at SingleParameterInjector.inject(SingleParameterInjector.java:40)
	at SingleParameterInjector.getAll(SingleParameterInjector.java:60)
	at ConstructorInjector.provision(ConstructorInjector.java:113)
	at ConstructorInjector.access$000(ConstructorInjector.java:33)
	at ConstructorInjector$1.call(ConstructorInjector.java:98)
	at ProvisionListenerStackCallback$Provision.provision(ProvisionListenerStackCallback.java:109)
	at LifeCycleModule.provision(LifeCycleModule.java:70)
	at ProvisionListenerStackCallback$Provision.provision(ProvisionListenerStackCallback.java:117)
	at ProvisionListenerStackCallback.provision(ProvisionListenerStackCallback.java:66)
	at ConstructorInjector.construct(ConstructorInjector.java:93)
	at ConstructorBindingImpl$Factory.get(ConstructorBindingImpl.java:300)
	at ProviderToInternalFactoryAdapter.get(ProviderToInternalFactoryAdapter.java:40)
	at SingletonScope$1.get(SingletonScope.java:169)
	at InternalFactoryToProviderAdapter.get(InternalFactoryToProviderAdapter.java:45)
	at FactoryProxy.get(FactoryProxy.java:60)
	at ProviderToInternalFactoryAdapter.get(ProviderToInternalFactoryAdapter.java:40)
	at SingletonScope$1.get(SingletonScope.java:169)
	at InternalFactoryToProviderAdapter.get(InternalFactoryToProviderAdapter.java:45)
	at SingleParameterInjector.inject(SingleParameterInjector.java:40)
	at RealMapBinder$ExtensionRealMapProvider.doProvision(RealMapBinder.java:808)
	at RealMapBinder$ExtensionRealMapProvider.doProvision(RealMapBinder.java:743)
	at InternalProviderInstanceBindingImpl$Factory$1.call(InternalProviderInstanceBindingImpl.java:120)
	at ProvisionListenerStackCallback$Provision.provision(ProvisionListenerStackCallback.java:109)
	at LifeCycleModule.provision(LifeCycleModule.java:70)
	at ProvisionListenerStackCallback$Provision.provision(ProvisionListenerStackCallback.java:117)
	at ProvisionListenerStackCallback.provision(ProvisionListenerStackCallback.java:66)
	at InternalProviderInstanceBindingImpl$Factory.get(InternalProviderInstanceBindingImpl.java:115)
	at SingleParameterInjector.inject(SingleParameterInjector.java:40)
	at SingleParameterInjector.getAll(SingleParameterInjector.java:60)
	at ConstructorInjector.provision(ConstructorInjector.java:113)
	at ConstructorInjector.access$000(ConstructorInjector.java:33)
	at ConstructorInjector$1.call(ConstructorInjector.java:98)
	at ProvisionListenerStackCallback$Provision.provision(ProvisionListenerStackCallback.java:109)
	at LifeCycleModule.provision(LifeCycleModule.java:70)
	at ProvisionListenerStackCallback$Provision.provision(ProvisionListenerStackCallback.java:117)
	at ProvisionListenerStackCallback.provision(ProvisionListenerStackCallback.java:66)
	at ConstructorInjector.construct(ConstructorInjector.java:93)
	at ConstructorBindingImpl$Factory.get(ConstructorBindingImpl.java:300)
	at FactoryProxy.get(FactoryProxy.java:60)
	at SingleParameterInjector.inject(SingleParameterInjector.java:40)
	at SingleParameterInjector.getAll(SingleParameterInjector.java:60)
	at ConstructorInjector.provision(ConstructorInjector.java:113)
	at ConstructorInjector.access$000(ConstructorInjector.java:33)
	at ConstructorInjector$1.call(ConstructorInjector.java:98)
	at ProvisionListenerStackCallback$Provision.provision(ProvisionListenerStackCallback.java:109)
	at LifeCycleModule.provision(LifeCycleModule.java:70)
	at ProvisionListenerStackCallback$Provision.provision(ProvisionListenerStackCallback.java:117)
	at ProvisionListenerStackCallback.provision(ProvisionListenerStackCallback.java:66)
	at ConstructorInjector.construct(ConstructorInjector.java:93)
	at ConstructorBindingImpl$Factory.get(ConstructorBindingImpl.java:300)
	at ProviderToInternalFactoryAdapter.get(ProviderToInternalFactoryAdapter.java:40)
	at SingletonScope$1.get(SingletonScope.java:169)
	at InternalFactoryToProviderAdapter.get(InternalFactoryToProviderAdapter.java:45)
	at RealOptionalBinder$JavaOptionalProvider.doProvision(RealOptionalBinder.java:269)
	at RealOptionalBinder$JavaOptionalProvider.doProvision(RealOptionalBinder.java:231)
	at InternalProviderInstanceBindingImpl$Factory$1.call(InternalProviderInstanceBindingImpl.java:120)
	at ProvisionListenerStackCallback$Provision.provision(ProvisionListenerStackCallback.java:109)
	at LifeCycleModule.provision(LifeCycleModule.java:70)
	at ProvisionListenerStackCallback$Provision.provision(ProvisionListenerStackCallback.java:117)
	at ProvisionListenerStackCallback.provision(ProvisionListenerStackCallback.java:66)
	at InternalProviderInstanceBindingImpl$Factory.get(InternalProviderInstanceBindingImpl.java:115)
	at SingleParameterInjector.inject(SingleParameterInjector.java:40)
	at SingleParameterInjector.getAll(SingleParameterInjector.java:60)
	at ConstructorInjector.provision(ConstructorInjector.java:113)
	at ConstructorInjector.access$000(ConstructorInjector.java:33)
	at ConstructorInjector$1.call(ConstructorInjector.java:98)
	at ProvisionListenerStackCallback$Provision.provision(ProvisionListenerStackCallback.java:109)
	at LifeCycleModule.provision(LifeCycleModule.java:70)
	at ProvisionListenerStackCallback$Provision.provision(ProvisionListenerStackCallback.java:117)
	at ProvisionListenerStackCallback.provision(ProvisionListenerStackCallback.java:66)
	at ConstructorInjector.construct(ConstructorInjector.java:93)
	at ConstructorBindingImpl$Factory.get(ConstructorBindingImpl.java:300)
	at FactoryProxy.get(FactoryProxy.java:60)
	at ProviderToInternalFactoryAdapter.get(ProviderToInternalFactoryAdapter.java:40)
	at SingletonScope$1.get(SingletonScope.java:169)
	at InternalFactoryToProviderAdapter.get(InternalFactoryToProviderAdapter.java:45)
	at InternalInjectorCreator.loadEagerSingletons(InternalInjectorCreator.java:213)
	at InternalInjectorCreator.injectDynamically(InternalInjectorCreator.java:186)
	at InternalInjectorCreator.build(InternalInjectorCreator.java:113)
	at Guice.createInjector(Guice.java:87)
	at Bootstrap.initialize(Bootstrap.java:366)
	at Server.doStart(Server.java:124)
	at Server.lambda$start$0(Server.java:79)
	at io.trino.$gen.Trino_479____20260507_184053_1.run(Unknown Source)
	at Server.start(Server.java:79)
	at TrinoServer.main(TrinoServer.java:37)

35) [Guice/ErrorInjectingConstructor]: IllegalArgumentException: Invalid memory configuration. The sum of max query memory per node (4294967296) and heap headroom (1073741824) cannot be larger than the available heap memory (4294967296)
  at LocalMemoryManager.<init>(LocalMemoryManager.java:44)
  at java.base/DirectMethodHandleAccessor.invoke(DirectMethodHandleAccessor.java:104)
  at SqlTaskManager.<init>(SqlTaskManager.java:161)
      \_ for 8th parameter localMemoryManager
  at java.base/DirectMethodHandleAccessor.invoke(DirectMethodHandleAccessor.java:104)
  at TaskSystemTable.<init>(TaskSystemTable.java:88)
      \_ for 1st parameter taskManager
  while locating TaskSystemTable
  at SystemConnectorModule.configure(SystemConnectorModule.java:48)
      \_ installed by: ServerMainModule -> SystemConnectorModule
  while locating SystemTable annotated with @Element(setName=,uniqueId=868, type=MULTIBINDER, keyType=)

Learn more:
  https://github.com/google/guice/wiki/ERROR_INJECTING_CONSTRUCTOR
Caused by: IllegalArgumentException: Invalid memory configuration. The sum of max query memory per node (4294967296) and heap headroom (1073741824) cannot be larger than the available heap memory (4294967296)
	at LocalMemoryManager.validateHeapHeadroom(LocalMemoryManager.java:64)
	at LocalMemoryManager.<init>(LocalMemoryManager.java:50)
	at LocalMemoryManager.<init>(LocalMemoryManager.java:44)
	at LocalMemoryManager$$FastClassByGuice$$7900c4b.GUICE$TRAMPOLINE(<generated>)
	at LocalMemoryManager$$FastClassByGuice$$7900c4b.apply(<generated>)
	at DefaultConstructionProxyFactory$FastClassProxy.newInstance(DefaultConstructionProxyFactory.java:82)
	at ConstructorInjector.provision(ConstructorInjector.java:114)
	at ConstructorInjector.access$000(ConstructorInjector.java:33)
	at ConstructorInjector$1.call(ConstructorInjector.java:98)
	at ProvisionListenerStackCallback$Provision.provision(ProvisionListenerStackCallback.java:109)
	at LifeCycleModule.provision(LifeCycleModule.java:70)
	at ProvisionListenerStackCallback$Provision.provision(ProvisionListenerStackCallback.java:117)
	at ProvisionListenerStackCallback.provision(ProvisionListenerStackCallback.java:66)
	at ConstructorInjector.construct(ConstructorInjector.java:93)
	at ConstructorBindingImpl$Factory.get(ConstructorBindingImpl.java:300)
	at ProviderToInternalFactoryAdapter.get(ProviderToInternalFactoryAdapter.java:40)
	at SingletonScope$1.get(SingletonScope.java:169)
	at InternalFactoryToProviderAdapter.get(InternalFactoryToProviderAdapter.java:45)
	at SingleParameterInjector.inject(SingleParameterInjector.java:40)
	at SingleParameterInjector.getAll(SingleParameterInjector.java:60)
	at ConstructorInjector.provision(ConstructorInjector.java:113)
	at ConstructorInjector.access$000(ConstructorInjector.java:33)
	at ConstructorInjector$1.call(ConstructorInjector.java:98)
	at ProvisionListenerStackCallback$Provision.provision(ProvisionListenerStackCallback.java:109)
	at LifeCycleModule.provision(LifeCycleModule.java:70)
	at ProvisionListenerStackCallback$Provision.provision(ProvisionListenerStackCallback.java:117)
	at ProvisionListenerStackCallback.provision(ProvisionListenerStackCallback.java:66)
	at ConstructorInjector.construct(ConstructorInjector.java:93)
	at ConstructorBindingImpl$Factory.get(ConstructorBindingImpl.java:300)
	at ProviderToInternalFactoryAdapter.get(ProviderToInternalFactoryAdapter.java:40)
	at SingletonScope$1.get(SingletonScope.java:169)
	at InternalFactoryToProviderAdapter.get(InternalFactoryToProviderAdapter.java:45)
	at SingleParameterInjector.inject(SingleParameterInjector.java:40)
	at SingleParameterInjector.getAll(SingleParameterInjector.java:60)
	at ConstructorInjector.provision(ConstructorInjector.java:113)
	at ConstructorInjector.access$000(ConstructorInjector.java:33)
	at ConstructorInjector$1.call(ConstructorInjector.java:98)
	at ProvisionListenerStackCallback$Provision.provision(ProvisionListenerStackCallback.java:109)
	at LifeCycleModule.provision(LifeCycleModule.java:70)
	at ProvisionListenerStackCallback$Provision.provision(ProvisionListenerStackCallback.java:117)
	at ProvisionListenerStackCallback.provision(ProvisionListenerStackCallback.java:66)
	at ConstructorInjector.construct(ConstructorInjector.java:93)
	at ConstructorBindingImpl$Factory.get(ConstructorBindingImpl.java:300)
	at FactoryProxy.get(FactoryProxy.java:60)
	at ProviderToInternalFactoryAdapter.get(ProviderToInternalFactoryAdapter.java:40)
	at SingletonScope$1.get(SingletonScope.java:169)
	at InternalFactoryToProviderAdapter.get(InternalFactoryToProviderAdapter.java:45)
	at InternalInjectorCreator.loadEagerSingletons(InternalInjectorCreator.java:213)
	at InternalInjectorCreator.injectDynamically(InternalInjectorCreator.java:186)
	at InternalInjectorCreator.build(InternalInjectorCreator.java:113)
	at Guice.createInjector(Guice.java:87)
	at Bootstrap.initialize(Bootstrap.java:366)
	at Server.doStart(Server.java:124)
	at Server.lambda$start$0(Server.java:79)
	at io.trino.$gen.Trino_479____20260507_184053_1.run(Unknown Source)
	at Server.start(Server.java:79)
	at TrinoServer.main(TrinoServer.java:37)

36) [Guice/ErrorInjectingConstructor]: IllegalArgumentException: Invalid memory configuration. The sum of max query memory per node (4294967296) and heap headroom (1073741824) cannot be larger than the available heap memory (4294967296)
  at LocalMemoryManager.<init>(LocalMemoryManager.java:44)
  at java.base/DirectMethodHandleAccessor.invoke(DirectMethodHandleAccessor.java:104)
  at SqlTaskManager.<init>(SqlTaskManager.java:161)
      \_ for 8th parameter localMemoryManager
  at java.base/DirectMethodHandleAccessor.invoke(DirectMethodHandleAccessor.java:104)
  at SqlQueryExecution$SqlQueryExecutionFactory.<init>(SqlQueryExecution.java:838)
      \_ for 26th parameter coordinatorTaskManager
  at QueryExecutionFactoryModule.configure(QueryExecutionFactoryModule.java:145)
      \_ installed by: ServerMainModule -> CoordinatorModule -> QueryExecutionFactoryModule
  while locating SqlQueryExecution$SqlQueryExecutionFactory
  at QueryExecutionFactoryModule.configure(QueryExecutionFactoryModule.java:147)
      \_ installed by: ServerMainModule -> CoordinatorModule -> QueryExecutionFactoryModule
  while locating QueryExecution$QueryExecutionFactory<?> annotated with @Element(setName=,uniqueId=552, type=MAPBINDER, keyType=Class<? extends Statement>)
  at LocalDispatchQueryFactory.<init>(LocalDispatchQueryFactory.java:93)
      \_ for 9th parameter executionFactories
  while locating LocalDispatchQueryFactory
  at DispatchManager.<init>(DispatchManager.java:114)
      \_ for 4th parameter dispatchQueryFactory
  at java.base/DirectMethodHandleAccessor.invoke(DirectMethodHandleAccessor.java:104)
      \_ installed by: ServerMainModule -> CoordinatorModule
  while locating DispatchManager
  at KillQueryProcedure.<init>(KillQueryProcedure.java:57)
      \_ for 1st parameter dispatchManager
  at SystemConnectorModule.configure(SystemConnectorModule.java:80)
      \_ installed by: ServerMainModule -> SystemConnectorModule
  while locating KillQueryProcedure
  at SystemConnectorModule.configure(SystemConnectorModule.java:78)
      \_ installed by: ServerMainModule -> SystemConnectorModule
  while locating Procedure annotated with @Element(setName=,uniqueId=895, type=MULTIBINDER, keyType=)

Learn more:
  https://github.com/google/guice/wiki/ERROR_INJECTING_CONSTRUCTOR
Caused by: IllegalArgumentException: Invalid memory configuration. The sum of max query memory per node (4294967296) and heap headroom (1073741824) cannot be larger than the available heap memory (4294967296)
	at LocalMemoryManager.validateHeapHeadroom(LocalMemoryManager.java:64)
	at LocalMemoryManager.<init>(LocalMemoryManager.java:50)
	at LocalMemoryManager.<init>(LocalMemoryManager.java:44)
	at LocalMemoryManager$$FastClassByGuice$$7900c4b.GUICE$TRAMPOLINE(<generated>)
	at LocalMemoryManager$$FastClassByGuice$$7900c4b.apply(<generated>)
	at DefaultConstructionProxyFactory$FastClassProxy.newInstance(DefaultConstructionProxyFactory.java:82)
	at ConstructorInjector.provision(ConstructorInjector.java:114)
	at ConstructorInjector.access$000(ConstructorInjector.java:33)
	at ConstructorInjector$1.call(ConstructorInjector.java:98)
	at ProvisionListenerStackCallback$Provision.provision(ProvisionListenerStackCallback.java:109)
	at LifeCycleModule.provision(LifeCycleModule.java:70)
	at ProvisionListenerStackCallback$Provision.provision(ProvisionListenerStackCallback.java:117)
	at ProvisionListenerStackCallback.provision(ProvisionListenerStackCallback.java:66)
	at ConstructorInjector.construct(ConstructorInjector.java:93)
	at ConstructorBindingImpl$Factory.get(ConstructorBindingImpl.java:300)
	at ProviderToInternalFactoryAdapter.get(ProviderToInternalFactoryAdapter.java:40)
	at SingletonScope$1.get(SingletonScope.java:169)
	at InternalFactoryToProviderAdapter.get(InternalFactoryToProviderAdapter.java:45)
	at SingleParameterInjector.inject(SingleParameterInjector.java:40)
	at SingleParameterInjector.getAll(SingleParameterInjector.java:60)
	at ConstructorInjector.provision(ConstructorInjector.java:113)
	at ConstructorInjector.access$000(ConstructorInjector.java:33)
	at ConstructorInjector$1.call(ConstructorInjector.java:98)
	at ProvisionListenerStackCallback$Provision.provision(ProvisionListenerStackCallback.java:109)
	at LifeCycleModule.provision(LifeCycleModule.java:70)
	at ProvisionListenerStackCallback$Provision.provision(ProvisionListenerStackCallback.java:117)
	at ProvisionListenerStackCallback.provision(ProvisionListenerStackCallback.java:66)
	at ConstructorInjector.construct(ConstructorInjector.java:93)
	at ConstructorBindingImpl$Factory.get(ConstructorBindingImpl.java:300)
	at ProviderToInternalFactoryAdapter.get(ProviderToInternalFactoryAdapter.java:40)
	at SingletonScope$1.get(SingletonScope.java:169)
	at InternalFactoryToProviderAdapter.get(InternalFactoryToProviderAdapter.java:45)
	at SingleParameterInjector.inject(SingleParameterInjector.java:40)
	at SingleParameterInjector.getAll(SingleParameterInjector.java:60)
	at ConstructorInjector.provision(ConstructorInjector.java:113)
	at ConstructorInjector.access$000(ConstructorInjector.java:33)
	at ConstructorInjector$1.call(ConstructorInjector.java:98)
	at ProvisionListenerStackCallback$Provision.provision(ProvisionListenerStackCallback.java:109)
	at LifeCycleModule.provision(LifeCycleModule.java:70)
	at ProvisionListenerStackCallback$Provision.provision(ProvisionListenerStackCallback.java:117)
	at ProvisionListenerStackCallback.provision(ProvisionListenerStackCallback.java:66)
	at ConstructorInjector.construct(ConstructorInjector.java:93)
	at ConstructorBindingImpl$Factory.get(ConstructorBindingImpl.java:300)
	at ProviderToInternalFactoryAdapter.get(ProviderToInternalFactoryAdapter.java:40)
	at SingletonScope$1.get(SingletonScope.java:169)
	at InternalFactoryToProviderAdapter.get(InternalFactoryToProviderAdapter.java:45)
	at FactoryProxy.get(FactoryProxy.java:60)
	at ProviderToInternalFactoryAdapter.get(ProviderToInternalFactoryAdapter.java:40)
	at SingletonScope$1.get(SingletonScope.java:169)
	at InternalFactoryToProviderAdapter.get(InternalFactoryToProviderAdapter.java:45)
	at SingleParameterInjector.inject(SingleParameterInjector.java:40)
	at RealMapBinder$ExtensionRealMapProvider.doProvision(RealMapBinder.java:808)
	at RealMapBinder$ExtensionRealMapProvider.doProvision(RealMapBinder.java:743)
	at InternalProviderInstanceBindingImpl$Factory$1.call(InternalProviderInstanceBindingImpl.java:120)
	at ProvisionListenerStackCallback$Provision.provision(ProvisionListenerStackCallback.java:109)
	at LifeCycleModule.provision(LifeCycleModule.java:70)
	at ProvisionListenerStackCallback$Provision.provision(ProvisionListenerStackCallback.java:117)
	at ProvisionListenerStackCallback.provision(ProvisionListenerStackCallback.java:66)
	at InternalProviderInstanceBindingImpl$Factory.get(InternalProviderInstanceBindingImpl.java:115)
	at SingleParameterInjector.inject(SingleParameterInjector.java:40)
	at SingleParameterInjector.getAll(SingleParameterInjector.java:60)
	at ConstructorInjector.provision(ConstructorInjector.java:113)
	at ConstructorInjector.access$000(ConstructorInjector.java:33)
	at ConstructorInjector$1.call(ConstructorInjector.java:98)
	at ProvisionListenerStackCallback$Provision.provision(ProvisionListenerStackCallback.java:109)
	at LifeCycleModule.provision(LifeCycleModule.java:70)
	at ProvisionListenerStackCallback$Provision.provision(ProvisionListenerStackCallback.java:117)
	at ProvisionListenerStackCallback.provision(ProvisionListenerStackCallback.java:66)
	at ConstructorInjector.construct(ConstructorInjector.java:93)
	at ConstructorBindingImpl$Factory.get(ConstructorBindingImpl.java:300)
	at FactoryProxy.get(FactoryProxy.java:60)
	at SingleParameterInjector.inject(SingleParameterInjector.java:40)
	at SingleParameterInjector.getAll(SingleParameterInjector.java:60)
	at ConstructorInjector.provision(ConstructorInjector.java:113)
	at ConstructorInjector.access$000(ConstructorInjector.java:33)
	at ConstructorInjector$1.call(ConstructorInjector.java:98)
	at ProvisionListenerStackCallback$Provision.provision(ProvisionListenerStackCallback.java:109)
	at LifeCycleModule.provision(LifeCycleModule.java:70)
	at ProvisionListenerStackCallback$Provision.provision(ProvisionListenerStackCallback.java:117)
	at ProvisionListenerStackCallback.provision(ProvisionListenerStackCallback.java:66)
	at ConstructorInjector.construct(ConstructorInjector.java:93)
	at ConstructorBindingImpl$Factory.get(ConstructorBindingImpl.java:300)
	at ProviderToInternalFactoryAdapter.get(ProviderToInternalFactoryAdapter.java:40)
	at SingletonScope$1.get(SingletonScope.java:169)
	at InternalFactoryToProviderAdapter.get(InternalFactoryToProviderAdapter.java:45)
	at RealOptionalBinder$JavaOptionalProvider.doProvision(RealOptionalBinder.java:269)
	at RealOptionalBinder$JavaOptionalProvider.doProvision(RealOptionalBinder.java:231)
	at InternalProviderInstanceBindingImpl$Factory$1.call(InternalProviderInstanceBindingImpl.java:120)
	at ProvisionListenerStackCallback$Provision.provision(ProvisionListenerStackCallback.java:109)
	at LifeCycleModule.provision(LifeCycleModule.java:70)
	at ProvisionListenerStackCallback$Provision.provision(ProvisionListenerStackCallback.java:117)
	at ProvisionListenerStackCallback.provision(ProvisionListenerStackCallback.java:66)
	at InternalProviderInstanceBindingImpl$Factory.get(InternalProviderInstanceBindingImpl.java:115)
	at SingleParameterInjector.inject(SingleParameterInjector.java:40)
	at SingleParameterInjector.getAll(SingleParameterInjector.java:60)
	at ConstructorInjector.provision(ConstructorInjector.java:113)
	at ConstructorInjector.access$000(ConstructorInjector.java:33)
	at ConstructorInjector$1.call(ConstructorInjector.java:98)
	at ProvisionListenerStackCallback$Provision.provision(ProvisionListenerStackCallback.java:109)
	at LifeCycleModule.provision(LifeCycleModule.java:70)
	at ProvisionListenerStackCallback$Provision.provision(ProvisionListenerStackCallback.java:117)
	at ProvisionListenerStackCallback.provision(ProvisionListenerStackCallback.java:66)
	at ConstructorInjector.construct(ConstructorInjector.java:93)
	at ConstructorBindingImpl$Factory.get(ConstructorBindingImpl.java:300)
	at ProviderToInternalFactoryAdapter.get(ProviderToInternalFactoryAdapter.java:40)
	at SingletonScope$1.get(SingletonScope.java:169)
	at InternalFactoryToProviderAdapter.get(InternalFactoryToProviderAdapter.java:45)
	at BoundProviderFactory.get(BoundProviderFactory.java:58)
	at ProviderToInternalFactoryAdapter.get(ProviderToInternalFactoryAdapter.java:40)
	at SingletonScope$1.get(SingletonScope.java:169)
	at InternalFactoryToProviderAdapter.get(InternalFactoryToProviderAdapter.java:45)
	at InternalInjectorCreator.loadEagerSingletons(InternalInjectorCreator.java:213)
	at InternalInjectorCreator.injectDynamically(InternalInjectorCreator.java:186)
	at InternalInjectorCreator.build(InternalInjectorCreator.java:113)
	at Guice.createInjector(Guice.java:87)
	at Bootstrap.initialize(Bootstrap.java:366)
	at Server.doStart(Server.java:124)
	at Server.lambda$start$0(Server.java:79)
	at io.trino.$gen.Trino_479____20260507_184053_1.run(Unknown Source)
	at Server.start(Server.java:79)
	at TrinoServer.main(TrinoServer.java:37)

37) [Guice/ErrorInjectingConstructor]: IllegalArgumentException: Invalid memory configuration. The sum of max query memory per node (4294967296) and heap headroom (1073741824) cannot be larger than the available heap memory (4294967296)
  at LocalMemoryManager.<init>(LocalMemoryManager.java:44)
  at java.base/DirectMethodHandleAccessor.invoke(DirectMethodHandleAccessor.java:104)
  at SqlTaskManager.<init>(SqlTaskManager.java:161)
      \_ for 8th parameter localMemoryManager
  at java.base/DirectMethodHandleAccessor.invoke(DirectMethodHandleAccessor.java:104)
  at NodeStateManager.<init>(NodeStateManager.java:86)
      \_ for 2nd parameter sqlTaskManager
  at java.base/DirectMethodHandleAccessor.invoke(DirectMethodHandleAccessor.java:104)
  at ServerInfoResource.<init>(ServerInfoResource.java:64)
      \_ for 4th parameter nodeStateManager
  at ServerMainModule.setup(ServerMainModule.java:422)
  while locating ServerInfoResource
  at java.base/DirectMethodHandleAccessor.invoke(DirectMethodHandleAccessor.java:104)
  while locating Object annotated with @Element(setName=,uniqueId=904, type=MULTIBINDER, keyType=)

Learn more:
  https://github.com/google/guice/wiki/ERROR_INJECTING_CONSTRUCTOR
Caused by: IllegalArgumentException: Invalid memory configuration. The sum of max query memory per node (4294967296) and heap headroom (1073741824) cannot be larger than the available heap memory (4294967296)
	at LocalMemoryManager.validateHeapHeadroom(LocalMemoryManager.java:64)
	at LocalMemoryManager.<init>(LocalMemoryManager.java:50)
	at LocalMemoryManager.<init>(LocalMemoryManager.java:44)
	at LocalMemoryManager$$FastClassByGuice$$7900c4b.GUICE$TRAMPOLINE(<generated>)
	at LocalMemoryManager$$FastClassByGuice$$7900c4b.apply(<generated>)
	at DefaultConstructionProxyFactory$FastClassProxy.newInstance(DefaultConstructionProxyFactory.java:82)
	at ConstructorInjector.provision(ConstructorInjector.java:114)
	at ConstructorInjector.access$000(ConstructorInjector.java:33)
	at ConstructorInjector$1.call(ConstructorInjector.java:98)
	at ProvisionListenerStackCallback$Provision.provision(ProvisionListenerStackCallback.java:109)
	at LifeCycleModule.provision(LifeCycleModule.java:70)
	at ProvisionListenerStackCallback$Provision.provision(ProvisionListenerStackCallback.java:117)
	at ProvisionListenerStackCallback.provision(ProvisionListenerStackCallback.java:66)
	at ConstructorInjector.construct(ConstructorInjector.java:93)
	at ConstructorBindingImpl$Factory.get(ConstructorBindingImpl.java:300)
	at ProviderToInternalFactoryAdapter.get(ProviderToInternalFactoryAdapter.java:40)
	at SingletonScope$1.get(SingletonScope.java:169)
	at InternalFactoryToProviderAdapter.get(InternalFactoryToProviderAdapter.java:45)
	at SingleParameterInjector.inject(SingleParameterInjector.java:40)
	at SingleParameterInjector.getAll(SingleParameterInjector.java:60)
	at ConstructorInjector.provision(ConstructorInjector.java:113)
	at ConstructorInjector.access$000(ConstructorInjector.java:33)
	at ConstructorInjector$1.call(ConstructorInjector.java:98)
	at ProvisionListenerStackCallback$Provision.provision(ProvisionListenerStackCallback.java:109)
	at LifeCycleModule.provision(LifeCycleModule.java:70)
	at ProvisionListenerStackCallback$Provision.provision(ProvisionListenerStackCallback.java:117)
	at ProvisionListenerStackCallback.provision(ProvisionListenerStackCallback.java:66)
	at ConstructorInjector.construct(ConstructorInjector.java:93)
	at ConstructorBindingImpl$Factory.get(ConstructorBindingImpl.java:300)
	at ProviderToInternalFactoryAdapter.get(ProviderToInternalFactoryAdapter.java:40)
	at SingletonScope$1.get(SingletonScope.java:169)
	at InternalFactoryToProviderAdapter.get(InternalFactoryToProviderAdapter.java:45)
	at SingleParameterInjector.inject(SingleParameterInjector.java:40)
	at SingleParameterInjector.getAll(SingleParameterInjector.java:60)
	at ConstructorInjector.provision(ConstructorInjector.java:113)
	at ConstructorInjector.access$000(ConstructorInjector.java:33)
	at ConstructorInjector$1.call(ConstructorInjector.java:98)
	at ProvisionListenerStackCallback$Provision.provision(ProvisionListenerStackCallback.java:109)
	at LifeCycleModule.provision(LifeCycleModule.java:70)
	at ProvisionListenerStackCallback$Provision.provision(ProvisionListenerStackCallback.java:117)
	at ProvisionListenerStackCallback.provision(ProvisionListenerStackCallback.java:66)
	at ConstructorInjector.construct(ConstructorInjector.java:93)
	at ConstructorBindingImpl$Factory.get(ConstructorBindingImpl.java:300)
	at ProviderToInternalFactoryAdapter.get(ProviderToInternalFactoryAdapter.java:40)
	at SingletonScope$1.get(SingletonScope.java:169)
	at InternalFactoryToProviderAdapter.get(InternalFactoryToProviderAdapter.java:45)
	at SingleParameterInjector.inject(SingleParameterInjector.java:40)
	at SingleParameterInjector.getAll(SingleParameterInjector.java:60)
	at ConstructorInjector.provision(ConstructorInjector.java:113)
	at ConstructorInjector.access$000(ConstructorInjector.java:33)
	at ConstructorInjector$1.call(ConstructorInjector.java:98)
	at ProvisionListenerStackCallback$Provision.provision(ProvisionListenerStackCallback.java:109)
	at LifeCycleModule.provision(LifeCycleModule.java:70)
	at ProvisionListenerStackCallback$Provision.provision(ProvisionListenerStackCallback.java:117)
	at ProvisionListenerStackCallback.provision(ProvisionListenerStackCallback.java:66)
	at ConstructorInjector.construct(ConstructorInjector.java:93)
	at ConstructorBindingImpl$Factory.get(ConstructorBindingImpl.java:300)
	at ProviderToInternalFactoryAdapter.get(ProviderToInternalFactoryAdapter.java:40)
	at SingletonScope$1.get(SingletonScope.java:169)
	at InternalFactoryToProviderAdapter.get(InternalFactoryToProviderAdapter.java:45)
	at FactoryProxy.get(FactoryProxy.java:60)
	at ProviderToInternalFactoryAdapter.get(ProviderToInternalFactoryAdapter.java:40)
	at SingletonScope$1.get(SingletonScope.java:169)
	at InternalFactoryToProviderAdapter.get(InternalFactoryToProviderAdapter.java:45)
	at InternalInjectorCreator.loadEagerSingletons(InternalInjectorCreator.java:213)
	at InternalInjectorCreator.injectDynamically(InternalInjectorCreator.java:186)
	at InternalInjectorCreator.build(InternalInjectorCreator.java:113)
	at Guice.createInjector(Guice.java:87)
	at Bootstrap.initialize(Bootstrap.java:366)
	at Server.doStart(Server.java:124)
	at Server.lambda$start$0(Server.java:79)
	at io.trino.$gen.Trino_479____20260507_184053_1.run(Unknown Source)
	at Server.start(Server.java:79)
	at TrinoServer.main(TrinoServer.java:37)

38) [Guice/ErrorInjectingConstructor]: IllegalArgumentException: Invalid memory configuration. The sum of max query memory per node (4294967296) and heap headroom (1073741824) cannot be larger than the available heap memory (4294967296)
  at LocalMemoryManager.<init>(LocalMemoryManager.java:44)
  at java.base/DirectMethodHandleAccessor.invoke(DirectMethodHandleAccessor.java:104)
  at StatusResource.<init>(StatusResource.java:53)
      \_ for 4th parameter memoryManager
  at ServerMainModule.setup(ServerMainModule.java:426)
  while locating StatusResource
  at java.base/DirectMethodHandleAccessor.invoke(DirectMethodHandleAccessor.java:104)
  while locating Object annotated with @Element(setName=,uniqueId=905, type=MULTIBINDER, keyType=)

Learn more:
  https://github.com/google/guice/wiki/ERROR_INJECTING_CONSTRUCTOR
Caused by: IllegalArgumentException (same stack trace as error #33)
39) [Guice/ErrorInjectingConstructor]: IllegalArgumentException: Invalid memory configuration. The sum of max query memory per node (4294967296) and heap headroom (1073741824) cannot be larger than the available heap memory (4294967296)
  at LocalMemoryManager.<init>(LocalMemoryManager.java:44)
  at java.base/DirectMethodHandleAccessor.invoke(DirectMethodHandleAccessor.java:104)
  at SqlTaskManager.<init>(SqlTaskManager.java:161)
      \_ for 8th parameter localMemoryManager
  at java.base/DirectMethodHandleAccessor.invoke(DirectMethodHandleAccessor.java:104)
  at SqlQueryExecution$SqlQueryExecutionFactory.<init>(SqlQueryExecution.java:838)
      \_ for 26th parameter coordinatorTaskManager
  at QueryExecutionFactoryModule.configure(QueryExecutionFactoryModule.java:145)
      \_ installed by: ServerMainModule -> CoordinatorModule -> QueryExecutionFactoryModule
  while locating SqlQueryExecution$SqlQueryExecutionFactory
  at QueryExecutionFactoryModule.configure(QueryExecutionFactoryModule.java:147)
      \_ installed by: ServerMainModule -> CoordinatorModule -> QueryExecutionFactoryModule
  while locating QueryExecution$QueryExecutionFactory<?> annotated with @Element(setName=,uniqueId=552, type=MAPBINDER, keyType=Class<? extends Statement>)
  at LocalDispatchQueryFactory.<init>(LocalDispatchQueryFactory.java:93)
      \_ for 9th parameter executionFactories
  while locating LocalDispatchQueryFactory
  at DispatchManager.<init>(DispatchManager.java:114)
      \_ for 4th parameter dispatchQueryFactory
  at java.base/DirectMethodHandleAccessor.invoke(DirectMethodHandleAccessor.java:104)
      \_ installed by: ServerMainModule -> CoordinatorModule
  at ClusterStatsResource.<init>(ClusterStatsResource.java:50)
      \_ for 3rd parameter dispatchManager
  at WebUiModule.setup(WebUiModule.java:36)
      \_ installed by: ServerMainModule -> CoordinatorModule -> WebUiModule
  while locating ClusterStatsResource
  at java.base/DirectMethodHandleAccessor.invoke(DirectMethodHandleAccessor.java:104)
      \_ installed by: ServerMainModule -> CoordinatorModule -> WebUiModule
  while locating Object annotated with @Element(setName=,uniqueId=508, type=MULTIBINDER, keyType=)
  while locating Set<Object>
  at java.base/DirectMethodHandleAccessor.invoke(DirectMethodHandleAccessor.java:104)
  while locating ResourceConfig
  at java.base/DirectMethodHandleAccessor.invoke(DirectMethodHandleAccessor.java:104)
  while locating Servlet
  at java.base/DirectMethodHandleAccessor.invoke(DirectMethodHandleAccessor.java:104)
  while locating HttpServer
  at GuiceMBeanExporter.<init>(GuiceMBeanExporter.java:40)
  at MBeanModule.configure(MBeanModule.java:39)
  while locating GuiceMBeanExporter

Learn more:
  https://github.com/google/guice/wiki/ERROR_INJECTING_CONSTRUCTOR
Caused by: IllegalArgumentException: Invalid memory configuration. The sum of max query memory per node (4294967296) and heap headroom (1073741824) cannot be larger than the available heap memory (4294967296)
	at LocalMemoryManager.validateHeapHeadroom(LocalMemoryManager.java:64)
	at LocalMemoryManager.<init>(LocalMemoryManager.java:50)
	at LocalMemoryManager.<init>(LocalMemoryManager.java:44)
	at LocalMemoryManager$$FastClassByGuice$$7900c4b.GUICE$TRAMPOLINE(<generated>)
	at LocalMemoryManager$$FastClassByGuice$$7900c4b.apply(<generated>)
	at DefaultConstructionProxyFactory$FastClassProxy.newInstance(DefaultConstructionProxyFactory.java:82)
	at ConstructorInjector.provision(ConstructorInjector.java:114)
	at ConstructorInjector.access$000(ConstructorInjector.java:33)
	at ConstructorInjector$1.call(ConstructorInjector.java:98)
	at ProvisionListenerStackCallback$Provision.provision(ProvisionListenerStackCallback.java:109)
	at LifeCycleModule.provision(LifeCycleModule.java:70)
	at ProvisionListenerStackCallback$Provision.provision(ProvisionListenerStackCallback.java:117)
	at ProvisionListenerStackCallback.provision(ProvisionListenerStackCallback.java:66)
	at ConstructorInjector.construct(ConstructorInjector.java:93)
	at ConstructorBindingImpl$Factory.get(ConstructorBindingImpl.java:300)
	at ProviderToInternalFactoryAdapter.get(ProviderToInternalFactoryAdapter.java:40)
	at SingletonScope$1.get(SingletonScope.java:169)
	at InternalFactoryToProviderAdapter.get(InternalFactoryToProviderAdapter.java:45)
	at SingleParameterInjector.inject(SingleParameterInjector.java:40)
	at SingleParameterInjector.getAll(SingleParameterInjector.java:60)
	at ConstructorInjector.provision(ConstructorInjector.java:113)
	at ConstructorInjector.access$000(ConstructorInjector.java:33)
	at ConstructorInjector$1.call(ConstructorInjector.java:98)
	at ProvisionListenerStackCallback$Provision.provision(ProvisionListenerStackCallback.java:109)
	at LifeCycleModule.provision(LifeCycleModule.java:70)
	at ProvisionListenerStackCallback$Provision.provision(ProvisionListenerStackCallback.java:117)
	at ProvisionListenerStackCallback.provision(ProvisionListenerStackCallback.java:66)
	at ConstructorInjector.construct(ConstructorInjector.java:93)
	at ConstructorBindingImpl$Factory.get(ConstructorBindingImpl.java:300)
	at ProviderToInternalFactoryAdapter.get(ProviderToInternalFactoryAdapter.java:40)
	at SingletonScope$1.get(SingletonScope.java:169)
	at InternalFactoryToProviderAdapter.get(InternalFactoryToProviderAdapter.java:45)
	at SingleParameterInjector.inject(SingleParameterInjector.java:40)
	at SingleParameterInjector.getAll(SingleParameterInjector.java:60)
	at ConstructorInjector.provision(ConstructorInjector.java:113)
	at ConstructorInjector.access$000(ConstructorInjector.java:33)
	at ConstructorInjector$1.call(ConstructorInjector.java:98)
	at ProvisionListenerStackCallback$Provision.provision(ProvisionListenerStackCallback.java:109)
	at LifeCycleModule.provision(LifeCycleModule.java:70)
	at ProvisionListenerStackCallback$Provision.provision(ProvisionListenerStackCallback.java:117)
	at ProvisionListenerStackCallback.provision(ProvisionListenerStackCallback.java:66)
	at ConstructorInjector.construct(ConstructorInjector.java:93)
	at ConstructorBindingImpl$Factory.get(ConstructorBindingImpl.java:300)
	at ProviderToInternalFactoryAdapter.get(ProviderToInternalFactoryAdapter.java:40)
	at SingletonScope$1.get(SingletonScope.java:169)
	at InternalFactoryToProviderAdapter.get(InternalFactoryToProviderAdapter.java:45)
	at FactoryProxy.get(FactoryProxy.java:60)
	at ProviderToInternalFactoryAdapter.get(ProviderToInternalFactoryAdapter.java:40)
	at SingletonScope$1.get(SingletonScope.java:169)
	at InternalFactoryToProviderAdapter.get(InternalFactoryToProviderAdapter.java:45)
	at SingleParameterInjector.inject(SingleParameterInjector.java:40)
	at RealMapBinder$ExtensionRealMapProvider.doProvision(RealMapBinder.java:808)
	at RealMapBinder$ExtensionRealMapProvider.doProvision(RealMapBinder.java:743)
	at InternalProviderInstanceBindingImpl$Factory$1.call(InternalProviderInstanceBindingImpl.java:120)
	at ProvisionListenerStackCallback$Provision.provision(ProvisionListenerStackCallback.java:109)
	at LifeCycleModule.provision(LifeCycleModule.java:70)
	at ProvisionListenerStackCallback$Provision.provision(ProvisionListenerStackCallback.java:117)
	at ProvisionListenerStackCallback.provision(ProvisionListenerStackCallback.java:66)
	at InternalProviderInstanceBindingImpl$Factory.get(InternalProviderInstanceBindingImpl.java:115)
	at SingleParameterInjector.inject(SingleParameterInjector.java:40)
	at SingleParameterInjector.getAll(SingleParameterInjector.java:60)
	at ConstructorInjector.provision(ConstructorInjector.java:113)
	at ConstructorInjector.access$000(ConstructorInjector.java:33)
	at ConstructorInjector$1.call(ConstructorInjector.java:98)
	at ProvisionListenerStackCallback$Provision.provision(ProvisionListenerStackCallback.java:109)
	at LifeCycleModule.provision(LifeCycleModule.java:70)
	at ProvisionListenerStackCallback$Provision.provision(ProvisionListenerStackCallback.java:117)
	at ProvisionListenerStackCallback.provision(ProvisionListenerStackCallback.java:66)
	at ConstructorInjector.construct(ConstructorInjector.java:93)
	at ConstructorBindingImpl$Factory.get(ConstructorBindingImpl.java:300)
	at FactoryProxy.get(FactoryProxy.java:60)
	at SingleParameterInjector.inject(SingleParameterInjector.java:40)
	at SingleParameterInjector.getAll(SingleParameterInjector.java:60)
	at ConstructorInjector.provision(ConstructorInjector.java:113)
	at ConstructorInjector.access$000(ConstructorInjector.java:33)
	at ConstructorInjector$1.call(ConstructorInjector.java:98)
	at ProvisionListenerStackCallback$Provision.provision(ProvisionListenerStackCallback.java:109)
	at LifeCycleModule.provision(LifeCycleModule.java:70)
	at ProvisionListenerStackCallback$Provision.provision(ProvisionListenerStackCallback.java:117)
	at ProvisionListenerStackCallback.provision(ProvisionListenerStackCallback.java:66)
	at ConstructorInjector.construct(ConstructorInjector.java:93)
	at ConstructorBindingImpl$Factory.get(ConstructorBindingImpl.java:300)
	at ProviderToInternalFactoryAdapter.get(ProviderToInternalFactoryAdapter.java:40)
	at SingletonScope$1.get(SingletonScope.java:169)
	at InternalFactoryToProviderAdapter.get(InternalFactoryToProviderAdapter.java:45)
	at SingleParameterInjector.inject(SingleParameterInjector.java:40)
	at SingleParameterInjector.getAll(SingleParameterInjector.java:60)
	at ConstructorInjector.provision(ConstructorInjector.java:113)
	at ConstructorInjector.access$000(ConstructorInjector.java:33)
	at ConstructorInjector$1.call(ConstructorInjector.java:98)
	at ProvisionListenerStackCallback$Provision.provision(ProvisionListenerStackCallback.java:109)
	at LifeCycleModule.provision(LifeCycleModule.java:70)
	at ProvisionListenerStackCallback$Provision.provision(ProvisionListenerStackCallback.java:117)
	at ProvisionListenerStackCallback.provision(ProvisionListenerStackCallback.java:66)
	at ConstructorInjector.construct(ConstructorInjector.java:93)
	at ConstructorBindingImpl$Factory.get(ConstructorBindingImpl.java:300)
	at ProviderToInternalFactoryAdapter.get(ProviderToInternalFactoryAdapter.java:40)
	at SingletonScope$1.get(SingletonScope.java:169)
	at InternalFactoryToProviderAdapter.get(InternalFactoryToProviderAdapter.java:45)
	at FactoryProxy.get(FactoryProxy.java:60)
	at ProviderToInternalFactoryAdapter.get(ProviderToInternalFactoryAdapter.java:40)
	at SingletonScope$1.get(SingletonScope.java:169)
	at InternalFactoryToProviderAdapter.get(InternalFactoryToProviderAdapter.java:45)
	at SingleParameterInjector.inject(SingleParameterInjector.java:40)
	at RealMultibinder$RealMultibinderProvider.doProvision(RealMultibinder.java:247)
	at RealMultibinder$RealMultibinderProvider.doProvision(RealMultibinder.java:213)
	at InternalProviderInstanceBindingImpl$Factory$1.call(InternalProviderInstanceBindingImpl.java:120)
	at ProvisionListenerStackCallback$Provision.provision(ProvisionListenerStackCallback.java:109)
	at LifeCycleModule.provision(LifeCycleModule.java:70)
	at ProvisionListenerStackCallback$Provision.provision(ProvisionListenerStackCallback.java:117)
	at ProvisionListenerStackCallback.provision(ProvisionListenerStackCallback.java:66)
	at InternalProviderInstanceBindingImpl$Factory.get(InternalProviderInstanceBindingImpl.java:115)
	at InjectorImpl$1.get(InjectorImpl.java:1148)
	at InjectorImpl.getInstance(InjectorImpl.java:1181)
	at JaxrsResourceConfigProvider.get(JaxrsResourceConfigProvider.java:39)
	at JaxrsResourceConfigProvider.get(JaxrsResourceConfigProvider.java:19)
	at ProviderInternalFactory.provision(ProviderInternalFactory.java:86)
	at InternalFactoryToInitializableAdapter.provision(InternalFactoryToInitializableAdapter.java:57)
	at ProviderInternalFactory$1.call(ProviderInternalFactory.java:67)
	at ProvisionListenerStackCallback$Provision.provision(ProvisionListenerStackCallback.java:109)
	at LifeCycleModule.provision(LifeCycleModule.java:70)
	at ProvisionListenerStackCallback$Provision.provision(ProvisionListenerStackCallback.java:117)
	at ProvisionListenerStackCallback.provision(ProvisionListenerStackCallback.java:66)
	at ProviderInternalFactory.circularGet(ProviderInternalFactory.java:62)
	at InternalFactoryToInitializableAdapter.get(InternalFactoryToInitializableAdapter.java:47)
	at InjectorImpl$1.get(InjectorImpl.java:1148)
	at InjectorImpl.getInstance(InjectorImpl.java:1181)
	at JaxrsServletProvider.get(JaxrsServletProvider.java:35)
	at JaxrsServletProvider.get(JaxrsServletProvider.java:16)
	at ProviderInternalFactory.provision(ProviderInternalFactory.java:86)
	at InternalFactoryToInitializableAdapter.provision(InternalFactoryToInitializableAdapter.java:57)
	at ProviderInternalFactory$1.call(ProviderInternalFactory.java:67)
	at ProvisionListenerStackCallback$Provision.provision(ProvisionListenerStackCallback.java:109)
	at LifeCycleModule.provision(LifeCycleModule.java:70)
	at ProvisionListenerStackCallback$Provision.provision(ProvisionListenerStackCallback.java:117)
	at ProvisionListenerStackCallback.provision(ProvisionListenerStackCallback.java:66)
	at ProviderInternalFactory.circularGet(ProviderInternalFactory.java:62)
	at InternalFactoryToInitializableAdapter.get(InternalFactoryToInitializableAdapter.java:47)
	at InjectorImpl$1.get(InjectorImpl.java:1148)
	at InjectorImpl.getInstance(InjectorImpl.java:1181)
	at HttpServerProvider.get(HttpServerProvider.java:76)
	at HttpServerProvider.get(HttpServerProvider.java:39)
	at ProviderInternalFactory.provision(ProviderInternalFactory.java:86)
	at InternalFactoryToInitializableAdapter.provision(InternalFactoryToInitializableAdapter.java:57)
	at ProviderInternalFactory$1.call(ProviderInternalFactory.java:67)
	at ProvisionListenerStackCallback$Provision.provision(ProvisionListenerStackCallback.java:109)
	at LifeCycleModule.provision(LifeCycleModule.java:70)
	at ProvisionListenerStackCallback$Provision.provision(ProvisionListenerStackCallback.java:117)
	at ProvisionListenerStackCallback.provision(ProvisionListenerStackCallback.java:66)
	at ProviderInternalFactory.circularGet(ProviderInternalFactory.java:62)
	at InternalFactoryToInitializableAdapter.get(InternalFactoryToInitializableAdapter.java:47)
	at ProviderToInternalFactoryAdapter.get(ProviderToInternalFactoryAdapter.java:40)
	at SingletonScope$1.get(SingletonScope.java:169)
	at InternalFactoryToProviderAdapter.get(InternalFactoryToProviderAdapter.java:45)
	at InjectorImpl$1.get(InjectorImpl.java:1148)
	at InjectorImpl.getInstance(InjectorImpl.java:1181)
	at GuiceMBeanExporter.export(GuiceMBeanExporter.java:92)
	at GuiceMBeanExporter.<init>(GuiceMBeanExporter.java:42)
	at GuiceMBeanExporter$$FastClassByGuice$$1155dd9.GUICE$TRAMPOLINE(<generated>)
	at GuiceMBeanExporter$$FastClassByGuice$$1155dd9.apply(<generated>)
	at DefaultConstructionProxyFactory$FastClassProxy.newInstance(DefaultConstructionProxyFactory.java:82)
	at ConstructorInjector.provision(ConstructorInjector.java:114)
	at ConstructorInjector.access$000(ConstructorInjector.java:33)
	at ConstructorInjector$1.call(ConstructorInjector.java:98)
	at ProvisionListenerStackCallback$Provision.provision(ProvisionListenerStackCallback.java:109)
	at LifeCycleModule.provision(LifeCycleModule.java:70)
	at ProvisionListenerStackCallback$Provision.provision(ProvisionListenerStackCallback.java:117)
	at ProvisionListenerStackCallback.provision(ProvisionListenerStackCallback.java:66)
	at ConstructorInjector.construct(ConstructorInjector.java:93)
	at ConstructorBindingImpl$Factory.get(ConstructorBindingImpl.java:300)
	at ProviderToInternalFactoryAdapter.get(ProviderToInternalFactoryAdapter.java:40)
	at SingletonScope$1.get(SingletonScope.java:169)
	at InternalFactoryToProviderAdapter.get(InternalFactoryToProviderAdapter.java:45)
	at InternalInjectorCreator.loadEagerSingletons(InternalInjectorCreator.java:213)
	at InternalInjectorCreator.injectDynamically(InternalInjectorCreator.java:186)
	at InternalInjectorCreator.build(InternalInjectorCreator.java:113)
	at Guice.createInjector(Guice.java:87)
	at Bootstrap.initialize(Bootstrap.java:366)
	at Server.doStart(Server.java:124)
	at Server.lambda$start$0(Server.java:79)
	at io.trino.$gen.Trino_479____20260507_184053_1.run(Unknown Source)
	at Server.start(Server.java:79)
	at TrinoServer.main(TrinoServer.java:37)

40) [Guice/ErrorInjectingConstructor]: IllegalArgumentException: Invalid memory configuration. The sum of max query memory per node (4294967296) and heap headroom (1073741824) cannot be larger than the available heap memory (4294967296)
  at LocalMemoryManager.<init>(LocalMemoryManager.java:44)
  at java.base/DirectMethodHandleAccessor.invoke(DirectMethodHandleAccessor.java:104)
  at SqlTaskManager.<init>(SqlTaskManager.java:161)
      \_ for 8th parameter localMemoryManager
  at java.base/DirectMethodHandleAccessor.invoke(DirectMethodHandleAccessor.java:104)
  at SqlQueryExecution$SqlQueryExecutionFactory.<init>(SqlQueryExecution.java:838)
      \_ for 26th parameter coordinatorTaskManager
  at QueryExecutionFactoryModule.configure(QueryExecutionFactoryModule.java:145)
      \_ installed by: ServerMainModule -> CoordinatorModule -> QueryExecutionFactoryModule
  while locating SqlQueryExecution$SqlQueryExecutionFactory
  at QueryExecutionFactoryModule.configure(QueryExecutionFactoryModule.java:147)
      \_ installed by: ServerMainModule -> CoordinatorModule -> QueryExecutionFactoryModule
  while locating QueryExecution$QueryExecutionFactory<?> annotated with @Element(setName=,uniqueId=552, type=MAPBINDER, keyType=Class<? extends Statement>)
  at LocalDispatchQueryFactory.<init>(LocalDispatchQueryFactory.java:93)
      \_ for 9th parameter executionFactories
  while locating LocalDispatchQueryFactory
  at DispatchManager.<init>(DispatchManager.java:114)
      \_ for 4th parameter dispatchQueryFactory
  at java.base/DirectMethodHandleAccessor.invoke(DirectMethodHandleAccessor.java:104)
      \_ installed by: ServerMainModule -> CoordinatorModule
  while locating DispatchManager
  at QuerySystemTable.<init>(QuerySystemTable.java:86)
      \_ for 1st parameter dispatchManager
  while locating QuerySystemTable
  at SystemConnectorModule.configure(SystemConnectorModule.java:47)
      \_ installed by: ServerMainModule -> SystemConnectorModule
  while locating SystemTable annotated with @Element(setName=,uniqueId=867, type=MULTIBINDER, keyType=)
  at GlobalSystemConnector.<init>(GlobalSystemConnector.java:53)
      \_ for 1st parameter systemTables
  at SystemConnectorModule.configure(SystemConnectorModule.java:82)
      \_ installed by: ServerMainModule -> SystemConnectorModule
  at StaticCatalogManagerModule$LazyRegister.<init>(StaticCatalogManagerModule.java:47)
      \_ for 4th parameter globalSystemConnector
  at StaticCatalogManagerModule.configure(StaticCatalogManagerModule.java:36)
      \_ installed by: CatalogManagerModule -> StaticCatalogManagerModule
  while locating StaticCatalogManagerModule$LazyRegister

Learn more:
  https://github.com/google/guice/wiki/ERROR_INJECTING_CONSTRUCTOR
Caused by: IllegalArgumentException: Invalid memory configuration. The sum of max query memory per node (4294967296) and heap headroom (1073741824) cannot be larger than the available heap memory (4294967296)
	at LocalMemoryManager.validateHeapHeadroom(LocalMemoryManager.java:64)
	at LocalMemoryManager.<init>(LocalMemoryManager.java:50)
	at LocalMemoryManager.<init>(LocalMemoryManager.java:44)
	at LocalMemoryManager$$FastClassByGuice$$7900c4b.GUICE$TRAMPOLINE(<generated>)
	at LocalMemoryManager$$FastClassByGuice$$7900c4b.apply(<generated>)
	at DefaultConstructionProxyFactory$FastClassProxy.newInstance(DefaultConstructionProxyFactory.java:82)
	at ConstructorInjector.provision(ConstructorInjector.java:114)
	at ConstructorInjector.access$000(ConstructorInjector.java:33)
	at ConstructorInjector$1.call(ConstructorInjector.java:98)
	at ProvisionListenerStackCallback$Provision.provision(ProvisionListenerStackCallback.java:109)
	at LifeCycleModule.provision(LifeCycleModule.java:70)
	at ProvisionListenerStackCallback$Provision.provision(ProvisionListenerStackCallback.java:117)
	at ProvisionListenerStackCallback.provision(ProvisionListenerStackCallback.java:66)
	at ConstructorInjector.construct(ConstructorInjector.java:93)
	at ConstructorBindingImpl$Factory.get(ConstructorBindingImpl.java:300)
	at ProviderToInternalFactoryAdapter.get(ProviderToInternalFactoryAdapter.java:40)
	at SingletonScope$1.get(SingletonScope.java:169)
	at InternalFactoryToProviderAdapter.get(InternalFactoryToProviderAdapter.java:45)
	at SingleParameterInjector.inject(SingleParameterInjector.java:40)
	at SingleParameterInjector.getAll(SingleParameterInjector.java:60)
	at ConstructorInjector.provision(ConstructorInjector.java:113)
	at ConstructorInjector.access$000(ConstructorInjector.java:33)
	at ConstructorInjector$1.call(ConstructorInjector.java:98)
	at ProvisionListenerStackCallback$Provision.provision(ProvisionListenerStackCallback.java:109)
	at LifeCycleModule.provision(LifeCycleModule.java:70)
	at ProvisionListenerStackCallback$Provision.provision(ProvisionListenerStackCallback.java:117)
	at ProvisionListenerStackCallback.provision(ProvisionListenerStackCallback.java:66)
	at ConstructorInjector.construct(ConstructorInjector.java:93)
	at ConstructorBindingImpl$Factory.get(ConstructorBindingImpl.java:300)
	at ProviderToInternalFactoryAdapter.get(ProviderToInternalFactoryAdapter.java:40)
	at SingletonScope$1.get(SingletonScope.java:169)
	at InternalFactoryToProviderAdapter.get(InternalFactoryToProviderAdapter.java:45)
	at SingleParameterInjector.inject(SingleParameterInjector.java:40)
	at SingleParameterInjector.getAll(SingleParameterInjector.java:60)
	at ConstructorInjector.provision(ConstructorInjector.java:113)
	at ConstructorInjector.access$000(ConstructorInjector.java:33)
	at ConstructorInjector$1.call(ConstructorInjector.java:98)
	at ProvisionListenerStackCallback$Provision.provision(ProvisionListenerStackCallback.java:109)
	at LifeCycleModule.provision(LifeCycleModule.java:70)
	at ProvisionListenerStackCallback$Provision.provision(ProvisionListenerStackCallback.java:117)
	at ProvisionListenerStackCallback.provision(ProvisionListenerStackCallback.java:66)
	at ConstructorInjector.construct(ConstructorInjector.java:93)
	at ConstructorBindingImpl$Factory.get(ConstructorBindingImpl.java:300)
	at ProviderToInternalFactoryAdapter.get(ProviderToInternalFactoryAdapter.java:40)
	at SingletonScope$1.get(SingletonScope.java:169)
	at InternalFactoryToProviderAdapter.get(InternalFactoryToProviderAdapter.java:45)
	at FactoryProxy.get(FactoryProxy.java:60)
	at ProviderToInternalFactoryAdapter.get(ProviderToInternalFactoryAdapter.java:40)
	at SingletonScope$1.get(SingletonScope.java:169)
	at InternalFactoryToProviderAdapter.get(InternalFactoryToProviderAdapter.java:45)
	at SingleParameterInjector.inject(SingleParameterInjector.java:40)
	at RealMapBinder$ExtensionRealMapProvider.doProvision(RealMapBinder.java:808)
	at RealMapBinder$ExtensionRealMapProvider.doProvision(RealMapBinder.java:743)
	at InternalProviderInstanceBindingImpl$Factory$1.call(InternalProviderInstanceBindingImpl.java:120)
	at ProvisionListenerStackCallback$Provision.provision(ProvisionListenerStackCallback.java:109)
	at LifeCycleModule.provision(LifeCycleModule.java:70)
	at ProvisionListenerStackCallback$Provision.provision(ProvisionListenerStackCallback.java:117)
	at ProvisionListenerStackCallback.provision(ProvisionListenerStackCallback.java:66)
	at InternalProviderInstanceBindingImpl$Factory.get(InternalProviderInstanceBindingImpl.java:115)
	at SingleParameterInjector.inject(SingleParameterInjector.java:40)
	at SingleParameterInjector.getAll(SingleParameterInjector.java:60)
	at ConstructorInjector.provision(ConstructorInjector.java:113)
	at ConstructorInjector.access$000(ConstructorInjector.java:33)
	at ConstructorInjector$1.call(ConstructorInjector.java:98)
	at ProvisionListenerStackCallback$Provision.provision(ProvisionListenerStackCallback.java:109)
	at LifeCycleModule.provision(LifeCycleModule.java:70)
	at ProvisionListenerStackCallback$Provision.provision(ProvisionListenerStackCallback.java:117)
	at ProvisionListenerStackCallback.provision(ProvisionListenerStackCallback.java:66)
	at ConstructorInjector.construct(ConstructorInjector.java:93)
	at ConstructorBindingImpl$Factory.get(ConstructorBindingImpl.java:300)
	at FactoryProxy.get(FactoryProxy.java:60)
	at SingleParameterInjector.inject(SingleParameterInjector.java:40)
	at SingleParameterInjector.getAll(SingleParameterInjector.java:60)
	at ConstructorInjector.provision(ConstructorInjector.java:113)
	at ConstructorInjector.access$000(ConstructorInjector.java:33)
	at ConstructorInjector$1.call(ConstructorInjector.java:98)
	at ProvisionListenerStackCallback$Provision.provision(ProvisionListenerStackCallback.java:109)
	at LifeCycleModule.provision(LifeCycleModule.java:70)
	at ProvisionListenerStackCallback$Provision.provision(ProvisionListenerStackCallback.java:117)
	at ProvisionListenerStackCallback.provision(ProvisionListenerStackCallback.java:66)
	at ConstructorInjector.construct(ConstructorInjector.java:93)
	at ConstructorBindingImpl$Factory.get(ConstructorBindingImpl.java:300)
	at ProviderToInternalFactoryAdapter.get(ProviderToInternalFactoryAdapter.java:40)
	at SingletonScope$1.get(SingletonScope.java:169)
	at InternalFactoryToProviderAdapter.get(InternalFactoryToProviderAdapter.java:45)
	at RealOptionalBinder$JavaOptionalProvider.doProvision(RealOptionalBinder.java:269)
	at RealOptionalBinder$JavaOptionalProvider.doProvision(RealOptionalBinder.java:231)
	at InternalProviderInstanceBindingImpl$Factory$1.call(InternalProviderInstanceBindingImpl.java:120)
	at ProvisionListenerStackCallback$Provision.provision(ProvisionListenerStackCallback.java:109)
	at LifeCycleModule.provision(LifeCycleModule.java:70)
	at ProvisionListenerStackCallback$Provision.provision(ProvisionListenerStackCallback.java:117)
	at ProvisionListenerStackCallback.provision(ProvisionListenerStackCallback.java:66)
	at InternalProviderInstanceBindingImpl$Factory.get(InternalProviderInstanceBindingImpl.java:115)
	at SingleParameterInjector.inject(SingleParameterInjector.java:40)
	at SingleParameterInjector.getAll(SingleParameterInjector.java:60)
	at ConstructorInjector.provision(ConstructorInjector.java:113)
	at ConstructorInjector.access$000(ConstructorInjector.java:33)
	at ConstructorInjector$1.call(ConstructorInjector.java:98)
	at ProvisionListenerStackCallback$Provision.provision(ProvisionListenerStackCallback.java:109)
	at LifeCycleModule.provision(LifeCycleModule.java:70)
	at ProvisionListenerStackCallback$Provision.provision(ProvisionListenerStackCallback.java:117)
	at ProvisionListenerStackCallback.provision(ProvisionListenerStackCallback.java:66)
	at ConstructorInjector.construct(ConstructorInjector.java:93)
	at ConstructorBindingImpl$Factory.get(ConstructorBindingImpl.java:300)
	at FactoryProxy.get(FactoryProxy.java:60)
	at ProviderToInternalFactoryAdapter.get(ProviderToInternalFactoryAdapter.java:40)
	at SingletonScope$1.get(SingletonScope.java:169)
	at InternalFactoryToProviderAdapter.get(InternalFactoryToProviderAdapter.java:45)
	at SingleParameterInjector.inject(SingleParameterInjector.java:40)
	at RealMultibinder$RealMultibinderProvider.doProvision(RealMultibinder.java:247)
	at RealMultibinder$RealMultibinderProvider.doProvision(RealMultibinder.java:213)
	at InternalProviderInstanceBindingImpl$Factory$1.call(InternalProviderInstanceBindingImpl.java:120)
	at ProvisionListenerStackCallback$Provision.provision(ProvisionListenerStackCallback.java:109)
	at LifeCycleModule.provision(LifeCycleModule.java:70)
	at ProvisionListenerStackCallback$Provision.provision(ProvisionListenerStackCallback.java:117)
	at ProvisionListenerStackCallback.provision(ProvisionListenerStackCallback.java:66)
	at InternalProviderInstanceBindingImpl$Factory.get(InternalProviderInstanceBindingImpl.java:115)
	at SingleParameterInjector.inject(SingleParameterInjector.java:40)
	at SingleParameterInjector.getAll(SingleParameterInjector.java:60)
	at ConstructorInjector.provision(ConstructorInjector.java:113)
	at ConstructorInjector.access$000(ConstructorInjector.java:33)
	at ConstructorInjector$1.call(ConstructorInjector.java:98)
	at ProvisionListenerStackCallback$Provision.provision(ProvisionListenerStackCallback.java:109)
	at LifeCycleModule.provision(LifeCycleModule.java:70)
	at ProvisionListenerStackCallback$Provision.provision(ProvisionListenerStackCallback.java:117)
	at ProvisionListenerStackCallback.provision(ProvisionListenerStackCallback.java:66)
	at ConstructorInjector.construct(ConstructorInjector.java:93)
	at ConstructorBindingImpl$Factory.get(ConstructorBindingImpl.java:300)
	at ProviderToInternalFactoryAdapter.get(ProviderToInternalFactoryAdapter.java:40)
	at SingletonScope$1.get(SingletonScope.java:169)
	at InternalFactoryToProviderAdapter.get(InternalFactoryToProviderAdapter.java:45)
	at SingleParameterInjector.inject(SingleParameterInjector.java:40)
	at SingleParameterInjector.getAll(SingleParameterInjector.java:60)
	at ConstructorInjector.provision(ConstructorInjector.java:113)
	at ConstructorInjector.access$000(ConstructorInjector.java:33)
	at ConstructorInjector$1.call(ConstructorInjector.java:98)
	at ProvisionListenerStackCallback$Provision.provision(ProvisionListenerStackCallback.java:109)
	at LifeCycleModule.provision(LifeCycleModule.java:70)
	at ProvisionListenerStackCallback$Provision.provision(ProvisionListenerStackCallback.java:117)
	at ProvisionListenerStackCallback.provision(ProvisionListenerStackCallback.java:66)
	at ConstructorInjector.construct(ConstructorInjector.java:93)
	at ConstructorBindingImpl$Factory.get(ConstructorBindingImpl.java:300)
	at ProviderToInternalFactoryAdapter.get(ProviderToInternalFactoryAdapter.java:40)
	at SingletonScope$1.get(SingletonScope.java:169)
	at InternalFactoryToProviderAdapter.get(InternalFactoryToProviderAdapter.java:45)
	at InternalInjectorCreator.loadEagerSingletons(InternalInjectorCreator.java:213)
	at InternalInjectorCreator.injectDynamically(InternalInjectorCreator.java:186)
	at InternalInjectorCreator.build(InternalInjectorCreator.java:113)
	at Guice.createInjector(Guice.java:87)
	at Bootstrap.initialize(Bootstrap.java:366)
	at Server.doStart(Server.java:124)
	at Server.lambda$start$0(Server.java:79)
	at io.trino.$gen.Trino_479____20260507_184053_1.run(Unknown Source)
	at Server.start(Server.java:79)
	at TrinoServer.main(TrinoServer.java:37)

41) [Guice/ErrorInjectingConstructor]: IllegalArgumentException: Invalid memory configuration. The sum of max query memory per node (4294967296) and heap headroom (1073741824) cannot be larger than the available heap memory (4294967296)
  at LocalMemoryManager.<init>(LocalMemoryManager.java:44)
  at java.base/DirectMethodHandleAccessor.invoke(DirectMethodHandleAccessor.java:104)
  at SqlTaskManager.<init>(SqlTaskManager.java:161)
      \_ for 8th parameter localMemoryManager
  at java.base/DirectMethodHandleAccessor.invoke(DirectMethodHandleAccessor.java:104)
  at SqlQueryExecution$SqlQueryExecutionFactory.<init>(SqlQueryExecution.java:838)
      \_ for 26th parameter coordinatorTaskManager
  at QueryExecutionFactoryModule.configure(QueryExecutionFactoryModule.java:145)
      \_ installed by: ServerMainModule -> CoordinatorModule -> QueryExecutionFactoryModule
  while locating SqlQueryExecution$SqlQueryExecutionFactory
  at QueryExecutionFactoryModule.configure(QueryExecutionFactoryModule.java:147)
      \_ installed by: ServerMainModule -> CoordinatorModule -> QueryExecutionFactoryModule
  while locating QueryExecution$QueryExecutionFactory<?> annotated with @Element(setName=,uniqueId=552, type=MAPBINDER, keyType=Class<? extends Statement>)
  at LocalDispatchQueryFactory.<init>(LocalDispatchQueryFactory.java:93)
      \_ for 9th parameter executionFactories
  while locating LocalDispatchQueryFactory
  at DispatchManager.<init>(DispatchManager.java:114)
      \_ for 4th parameter dispatchQueryFactory
  at java.base/DirectMethodHandleAccessor.invoke(DirectMethodHandleAccessor.java:104)
      \_ installed by: ServerMainModule -> CoordinatorModule
  at ClusterStatsResource.<init>(ClusterStatsResource.java:50)
      \_ for 3rd parameter dispatchManager
  at WebUiModule.setup(WebUiModule.java:36)
      \_ installed by: ServerMainModule -> CoordinatorModule -> WebUiModule
  while locating ClusterStatsResource

Learn more:
  https://github.com/google/guice/wiki/ERROR_INJECTING_CONSTRUCTOR
Caused by: IllegalArgumentException: Invalid memory configuration. The sum of max query memory per node (4294967296) and heap headroom (1073741824) cannot be larger than the available heap memory (4294967296)
	at LocalMemoryManager.validateHeapHeadroom(LocalMemoryManager.java:64)
	at LocalMemoryManager.<init>(LocalMemoryManager.java:50)
	at LocalMemoryManager.<init>(LocalMemoryManager.java:44)
	at LocalMemoryManager$$FastClassByGuice$$7900c4b.GUICE$TRAMPOLINE(<generated>)
	at LocalMemoryManager$$FastClassByGuice$$7900c4b.apply(<generated>)
	at DefaultConstructionProxyFactory$FastClassProxy.newInstance(DefaultConstructionProxyFactory.java:82)
	at ConstructorInjector.provision(ConstructorInjector.java:114)
	at ConstructorInjector.access$000(ConstructorInjector.java:33)
	at ConstructorInjector$1.call(ConstructorInjector.java:98)
	at ProvisionListenerStackCallback$Provision.provision(ProvisionListenerStackCallback.java:109)
	at LifeCycleModule.provision(LifeCycleModule.java:70)
	at ProvisionListenerStackCallback$Provision.provision(ProvisionListenerStackCallback.java:117)
	at ProvisionListenerStackCallback.provision(ProvisionListenerStackCallback.java:66)
	at ConstructorInjector.construct(ConstructorInjector.java:93)
	at ConstructorBindingImpl$Factory.get(ConstructorBindingImpl.java:300)
	at ProviderToInternalFactoryAdapter.get(ProviderToInternalFactoryAdapter.java:40)
	at SingletonScope$1.get(SingletonScope.java:169)
	at InternalFactoryToProviderAdapter.get(InternalFactoryToProviderAdapter.java:45)
	at SingleParameterInjector.inject(SingleParameterInjector.java:40)
	at SingleParameterInjector.getAll(SingleParameterInjector.java:60)
	at ConstructorInjector.provision(ConstructorInjector.java:113)
	at ConstructorInjector.access$000(ConstructorInjector.java:33)
	at ConstructorInjector$1.call(ConstructorInjector.java:98)
	at ProvisionListenerStackCallback$Provision.provision(ProvisionListenerStackCallback.java:109)
	at LifeCycleModule.provision(LifeCycleModule.java:70)
	at ProvisionListenerStackCallback$Provision.provision(ProvisionListenerStackCallback.java:117)
	at ProvisionListenerStackCallback.provision(ProvisionListenerStackCallback.java:66)
	at ConstructorInjector.construct(ConstructorInjector.java:93)
	at ConstructorBindingImpl$Factory.get(ConstructorBindingImpl.java:300)
	at ProviderToInternalFactoryAdapter.get(ProviderToInternalFactoryAdapter.java:40)
	at SingletonScope$1.get(SingletonScope.java:169)
	at InternalFactoryToProviderAdapter.get(InternalFactoryToProviderAdapter.java:45)
	at SingleParameterInjector.inject(SingleParameterInjector.java:40)
	at SingleParameterInjector.getAll(SingleParameterInjector.java:60)
	at ConstructorInjector.provision(ConstructorInjector.java:113)
	at ConstructorInjector.access$000(ConstructorInjector.java:33)
	at ConstructorInjector$1.call(ConstructorInjector.java:98)
	at ProvisionListenerStackCallback$Provision.provision(ProvisionListenerStackCallback.java:109)
	at LifeCycleModule.provision(LifeCycleModule.java:70)
	at ProvisionListenerStackCallback$Provision.provision(ProvisionListenerStackCallback.java:117)
	at ProvisionListenerStackCallback.provision(ProvisionListenerStackCallback.java:66)
	at ConstructorInjector.construct(ConstructorInjector.java:93)
	at ConstructorBindingImpl$Factory.get(ConstructorBindingImpl.java:300)
	at ProviderToInternalFactoryAdapter.get(ProviderToInternalFactoryAdapter.java:40)
	at SingletonScope$1.get(SingletonScope.java:169)
	at InternalFactoryToProviderAdapter.get(InternalFactoryToProviderAdapter.java:45)
	at FactoryProxy.get(FactoryProxy.java:60)
	at ProviderToInternalFactoryAdapter.get(ProviderToInternalFactoryAdapter.java:40)
	at SingletonScope$1.get(SingletonScope.java:169)
	at InternalFactoryToProviderAdapter.get(InternalFactoryToProviderAdapter.java:45)
	at SingleParameterInjector.inject(SingleParameterInjector.java:40)
	at RealMapBinder$ExtensionRealMapProvider.doProvision(RealMapBinder.java:808)
	at RealMapBinder$ExtensionRealMapProvider.doProvision(RealMapBinder.java:743)
	at InternalProviderInstanceBindingImpl$Factory$1.call(InternalProviderInstanceBindingImpl.java:120)
	at ProvisionListenerStackCallback$Provision.provision(ProvisionListenerStackCallback.java:109)
	at LifeCycleModule.provision(LifeCycleModule.java:70)
	at ProvisionListenerStackCallback$Provision.provision(ProvisionListenerStackCallback.java:117)
	at ProvisionListenerStackCallback.provision(ProvisionListenerStackCallback.java:66)
	at InternalProviderInstanceBindingImpl$Factory.get(InternalProviderInstanceBindingImpl.java:115)
	at SingleParameterInjector.inject(SingleParameterInjector.java:40)
	at SingleParameterInjector.getAll(SingleParameterInjector.java:60)
	at ConstructorInjector.provision(ConstructorInjector.java:113)
	at ConstructorInjector.access$000(ConstructorInjector.java:33)
	at ConstructorInjector$1.call(ConstructorInjector.java:98)
	at ProvisionListenerStackCallback$Provision.provision(ProvisionListenerStackCallback.java:109)
	at LifeCycleModule.provision(LifeCycleModule.java:70)
	at ProvisionListenerStackCallback$Provision.provision(ProvisionListenerStackCallback.java:117)
	at ProvisionListenerStackCallback.provision(ProvisionListenerStackCallback.java:66)
	at ConstructorInjector.construct(ConstructorInjector.java:93)
	at ConstructorBindingImpl$Factory.get(ConstructorBindingImpl.java:300)
	at FactoryProxy.get(FactoryProxy.java:60)
	at SingleParameterInjector.inject(SingleParameterInjector.java:40)
	at SingleParameterInjector.getAll(SingleParameterInjector.java:60)
	at ConstructorInjector.provision(ConstructorInjector.java:113)
	at ConstructorInjector.access$000(ConstructorInjector.java:33)
	at ConstructorInjector$1.call(ConstructorInjector.java:98)
	at ProvisionListenerStackCallback$Provision.provision(ProvisionListenerStackCallback.java:109)
	at LifeCycleModule.provision(LifeCycleModule.java:70)
	at ProvisionListenerStackCallback$Provision.provision(ProvisionListenerStackCallback.java:117)
	at ProvisionListenerStackCallback.provision(ProvisionListenerStackCallback.java:66)
	at ConstructorInjector.construct(ConstructorInjector.java:93)
	at ConstructorBindingImpl$Factory.get(ConstructorBindingImpl.java:300)
	at ProviderToInternalFactoryAdapter.get(ProviderToInternalFactoryAdapter.java:40)
	at SingletonScope$1.get(SingletonScope.java:169)
	at InternalFactoryToProviderAdapter.get(InternalFactoryToProviderAdapter.java:45)
	at SingleParameterInjector.inject(SingleParameterInjector.java:40)
	at SingleParameterInjector.getAll(SingleParameterInjector.java:60)
	at ConstructorInjector.provision(ConstructorInjector.java:113)
	at ConstructorInjector.access$000(ConstructorInjector.java:33)
	at ConstructorInjector$1.call(ConstructorInjector.java:98)
	at ProvisionListenerStackCallback$Provision.provision(ProvisionListenerStackCallback.java:109)
	at LifeCycleModule.provision(LifeCycleModule.java:70)
	at ProvisionListenerStackCallback$Provision.provision(ProvisionListenerStackCallback.java:117)
	at ProvisionListenerStackCallback.provision(ProvisionListenerStackCallback.java:66)
	at ConstructorInjector.construct(ConstructorInjector.java:93)
	at ConstructorBindingImpl$Factory.get(ConstructorBindingImpl.java:300)
	at ProviderToInternalFactoryAdapter.get(ProviderToInternalFactoryAdapter.java:40)
	at SingletonScope$1.get(SingletonScope.java:169)
	at InternalFactoryToProviderAdapter.get(InternalFactoryToProviderAdapter.java:45)
	at InternalInjectorCreator.loadEagerSingletons(InternalInjectorCreator.java:213)
	at InternalInjectorCreator.injectDynamically(InternalInjectorCreator.java:186)
	at InternalInjectorCreator.build(InternalInjectorCreator.java:113)
	at Guice.createInjector(Guice.java:87)
	at Bootstrap.initialize(Bootstrap.java:366)
	at Server.doStart(Server.java:124)
	at Server.lambda$start$0(Server.java:79)
	at io.trino.$gen.Trino_479____20260507_184053_1.run(Unknown Source)
	at Server.start(Server.java:79)
	at TrinoServer.main(TrinoServer.java:37)

42) [Guice/ErrorInjectingConstructor]: IllegalArgumentException: Invalid memory configuration. The sum of max query memory per node (4294967296) and heap headroom (1073741824) cannot be larger than the available heap memory (4294967296)
  at LocalMemoryManager.<init>(LocalMemoryManager.java:44)
  at java.base/DirectMethodHandleAccessor.invoke(DirectMethodHandleAccessor.java:104)
  at SqlTaskManager.<init>(SqlTaskManager.java:161)
      \_ for 8th parameter localMemoryManager
  at java.base/DirectMethodHandleAccessor.invoke(DirectMethodHandleAccessor.java:104)
  at SqlQueryExecution$SqlQueryExecutionFactory.<init>(SqlQueryExecution.java:838)
      \_ for 26th parameter coordinatorTaskManager
  at QueryExecutionFactoryModule.configure(QueryExecutionFactoryModule.java:145)
      \_ installed by: ServerMainModule -> CoordinatorModule -> QueryExecutionFactoryModule
  while locating SqlQueryExecution$SqlQueryExecutionFactory
  at QueryExecutionFactoryModule.configure(QueryExecutionFactoryModule.java:147)
      \_ installed by: ServerMainModule -> CoordinatorModule -> QueryExecutionFactoryModule
  while locating QueryExecution$QueryExecutionFactory<?> annotated with @Element(setName=,uniqueId=552, type=MAPBINDER, keyType=Class<? extends Statement>)
  at LocalDispatchQueryFactory.<init>(LocalDispatchQueryFactory.java:93)
      \_ for 9th parameter executionFactories
  while locating LocalDispatchQueryFactory
  at DispatchManager.<init>(DispatchManager.java:114)
      \_ for 4th parameter dispatchQueryFactory
  at java.base/DirectMethodHandleAccessor.invoke(DirectMethodHandleAccessor.java:104)
      \_ installed by: ServerMainModule -> CoordinatorModule
  at UiQueryResource.<init>(UiQueryResource.java:80)
      \_ for 2nd parameter dispatchManager
  at WebUiModule.setup(WebUiModule.java:37)
      \_ installed by: ServerMainModule -> CoordinatorModule -> WebUiModule
  while locating UiQueryResource

Learn more:
  https://github.com/google/guice/wiki/ERROR_INJECTING_CONSTRUCTOR
Caused by: IllegalArgumentException (same stack trace as error #41)
43) [Guice/ErrorInjectingConstructor]: IllegalArgumentException: Invalid memory configuration. The sum of max query memory per node (4294967296) and heap headroom (1073741824) cannot be larger than the available heap memory (4294967296)
  at LocalMemoryManager.<init>(LocalMemoryManager.java:44)
  at java.base/DirectMethodHandleAccessor.invoke(DirectMethodHandleAccessor.java:104)
  at SqlTaskManager.<init>(SqlTaskManager.java:161)
      \_ for 8th parameter localMemoryManager
  at java.base/DirectMethodHandleAccessor.invoke(DirectMethodHandleAccessor.java:104)
  at SqlQueryExecution$SqlQueryExecutionFactory.<init>(SqlQueryExecution.java:838)
      \_ for 26th parameter coordinatorTaskManager
  at QueryExecutionFactoryModule.configure(QueryExecutionFactoryModule.java:145)
      \_ installed by: ServerMainModule -> CoordinatorModule -> QueryExecutionFactoryModule
  while locating SqlQueryExecution$SqlQueryExecutionFactory
  at QueryExecutionFactoryModule.configure(QueryExecutionFactoryModule.java:147)
      \_ installed by: ServerMainModule -> CoordinatorModule -> QueryExecutionFactoryModule
  while locating QueryExecution$QueryExecutionFactory<?> annotated with @Element(setName=,uniqueId=552, type=MAPBINDER, keyType=Class<? extends Statement>)
  at LocalDispatchQueryFactory.<init>(LocalDispatchQueryFactory.java:93)
      \_ for 9th parameter executionFactories
  while locating LocalDispatchQueryFactory
  at DispatchManager.<init>(DispatchManager.java:114)
      \_ for 4th parameter dispatchQueryFactory
  at java.base/DirectMethodHandleAccessor.invoke(DirectMethodHandleAccessor.java:104)
      \_ installed by: ServerMainModule -> CoordinatorModule
  at QueuedStatementResource.<init>(QueuedStatementResource.java:138)
      \_ for 2nd parameter dispatchManager
  at CoordinatorModule.setup(CoordinatorModule.java:175)
      \_ installed by: ServerMainModule -> CoordinatorModule
  while locating QueuedStatementResource

Learn more:
  https://github.com/google/guice/wiki/ERROR_INJECTING_CONSTRUCTOR
Caused by: IllegalArgumentException (same stack trace as error #41)
44) [Guice/ErrorInjectingConstructor]: IllegalArgumentException: Invalid memory configuration. The sum of max query memory per node (4294967296) and heap headroom (1073741824) cannot be larger than the available heap memory (4294967296)
  at LocalMemoryManager.<init>(LocalMemoryManager.java:44)
  at java.base/DirectMethodHandleAccessor.invoke(DirectMethodHandleAccessor.java:104)
  at SqlTaskManager.<init>(SqlTaskManager.java:161)
      \_ for 8th parameter localMemoryManager
  at java.base/DirectMethodHandleAccessor.invoke(DirectMethodHandleAccessor.java:104)
  at SqlQueryExecution$SqlQueryExecutionFactory.<init>(SqlQueryExecution.java:838)
      \_ for 26th parameter coordinatorTaskManager
  at QueryExecutionFactoryModule.configure(QueryExecutionFactoryModule.java:145)
      \_ installed by: ServerMainModule -> CoordinatorModule -> QueryExecutionFactoryModule
  while locating SqlQueryExecution$SqlQueryExecutionFactory
  at QueryExecutionFactoryModule.configure(QueryExecutionFactoryModule.java:147)
      \_ installed by: ServerMainModule -> CoordinatorModule -> QueryExecutionFactoryModule
  while locating QueryExecution$QueryExecutionFactory<?> annotated with @Element(setName=,uniqueId=552, type=MAPBINDER, keyType=Class<? extends Statement>)
  at LocalDispatchQueryFactory.<init>(LocalDispatchQueryFactory.java:93)
      \_ for 9th parameter executionFactories
  while locating LocalDispatchQueryFactory
  at DispatchManager.<init>(DispatchManager.java:114)
      \_ for 4th parameter dispatchQueryFactory
  at java.base/DirectMethodHandleAccessor.invoke(DirectMethodHandleAccessor.java:104)
      \_ installed by: ServerMainModule -> CoordinatorModule
  at WorkerResource.<init>(WorkerResource.java:80)
      \_ for 1st parameter dispatchManager
  at CoordinatorModule.setup(CoordinatorModule.java:188)
      \_ installed by: ServerMainModule -> CoordinatorModule
  while locating WorkerResource

Learn more:
  https://github.com/google/guice/wiki/ERROR_INJECTING_CONSTRUCTOR
Caused by: IllegalArgumentException (same stack trace as error #41)
45) [Guice/ErrorInjectingConstructor]: IllegalArgumentException: Invalid memory configuration. The sum of max query memory per node (4294967296) and heap headroom (1073741824) cannot be larger than the available heap memory (4294967296)
  at LocalMemoryManager.<init>(LocalMemoryManager.java:44)
  at java.base/DirectMethodHandleAccessor.invoke(DirectMethodHandleAccessor.java:104)
  at SqlTaskManager.<init>(SqlTaskManager.java:161)
      \_ for 8th parameter localMemoryManager
  at java.base/DirectMethodHandleAccessor.invoke(DirectMethodHandleAccessor.java:104)
  at SqlQueryExecution$SqlQueryExecutionFactory.<init>(SqlQueryExecution.java:838)
      \_ for 26th parameter coordinatorTaskManager
  at QueryExecutionFactoryModule.configure(QueryExecutionFactoryModule.java:145)
      \_ installed by: ServerMainModule -> CoordinatorModule -> QueryExecutionFactoryModule
  while locating SqlQueryExecution$SqlQueryExecutionFactory
  at QueryExecutionFactoryModule.configure(QueryExecutionFactoryModule.java:147)
      \_ installed by: ServerMainModule -> CoordinatorModule -> QueryExecutionFactoryModule
  while locating QueryExecution$QueryExecutionFactory<?> annotated with @Element(setName=,uniqueId=552, type=MAPBINDER, keyType=Class<? extends Statement>)
  at LocalDispatchQueryFactory.<init>(LocalDispatchQueryFactory.java:93)
      \_ for 9th parameter executionFactories
  while locating LocalDispatchQueryFactory
  at DispatchManager.<init>(DispatchManager.java:114)
      \_ for 4th parameter dispatchQueryFactory
  at java.base/DirectMethodHandleAccessor.invoke(DirectMethodHandleAccessor.java:104)
      \_ installed by: ServerMainModule -> CoordinatorModule
  at QueryResource.<init>(QueryResource.java:69)
      \_ for 1st parameter dispatchManager
  at CoordinatorModule.setup(CoordinatorModule.java:201)
      \_ installed by: ServerMainModule -> CoordinatorModule
  while locating QueryResource

Learn more:
  https://github.com/google/guice/wiki/ERROR_INJECTING_CONSTRUCTOR
Caused by: IllegalArgumentException (same stack trace as error #41)
46) [Guice/ErrorInjectingConstructor]: IllegalArgumentException: Invalid memory configuration. The sum of max query memory per node (4294967296) and heap headroom (1073741824) cannot be larger than the available heap memory (4294967296)
  at LocalMemoryManager.<init>(LocalMemoryManager.java:44)
  at java.base/DirectMethodHandleAccessor.invoke(DirectMethodHandleAccessor.java:104)
  at SqlTaskManager.<init>(SqlTaskManager.java:161)
      \_ for 8th parameter localMemoryManager
  at java.base/DirectMethodHandleAccessor.invoke(DirectMethodHandleAccessor.java:104)
  at SqlQueryExecution$SqlQueryExecutionFactory.<init>(SqlQueryExecution.java:838)
      \_ for 26th parameter coordinatorTaskManager
  at QueryExecutionFactoryModule.configure(QueryExecutionFactoryModule.java:145)
      \_ installed by: ServerMainModule -> CoordinatorModule -> QueryExecutionFactoryModule
  while locating SqlQueryExecution$SqlQueryExecutionFactory
  at QueryExecutionFactoryModule.configure(QueryExecutionFactoryModule.java:147)
      \_ installed by: ServerMainModule -> CoordinatorModule -> QueryExecutionFactoryModule
  while locating QueryExecution$QueryExecutionFactory<?> annotated with @Element(setName=,uniqueId=552, type=MAPBINDER, keyType=Class<? extends Statement>)
  at LocalDispatchQueryFactory.<init>(LocalDispatchQueryFactory.java:93)
      \_ for 9th parameter executionFactories
  while locating LocalDispatchQueryFactory
  at DispatchManager.<init>(DispatchManager.java:114)
      \_ for 4th parameter dispatchQueryFactory
  at java.base/DirectMethodHandleAccessor.invoke(DirectMethodHandleAccessor.java:104)
      \_ installed by: ServerMainModule -> CoordinatorModule
  while locating DispatchManager

Learn more:
  https://github.com/google/guice/wiki/ERROR_INJECTING_CONSTRUCTOR
Caused by: IllegalArgumentException: Invalid memory configuration. The sum of max query memory per node (4294967296) and heap headroom (1073741824) cannot be larger than the available heap memory (4294967296)
	at LocalMemoryManager.validateHeapHeadroom(LocalMemoryManager.java:64)
	at LocalMemoryManager.<init>(LocalMemoryManager.java:50)
	at LocalMemoryManager.<init>(LocalMemoryManager.java:44)
	at LocalMemoryManager$$FastClassByGuice$$7900c4b.GUICE$TRAMPOLINE(<generated>)
	at LocalMemoryManager$$FastClassByGuice$$7900c4b.apply(<generated>)
	at DefaultConstructionProxyFactory$FastClassProxy.newInstance(DefaultConstructionProxyFactory.java:82)
	at ConstructorInjector.provision(ConstructorInjector.java:114)
	at ConstructorInjector.access$000(ConstructorInjector.java:33)
	at ConstructorInjector$1.call(ConstructorInjector.java:98)
	at ProvisionListenerStackCallback$Provision.provision(ProvisionListenerStackCallback.java:109)
	at LifeCycleModule.provision(LifeCycleModule.java:70)
	at ProvisionListenerStackCallback$Provision.provision(ProvisionListenerStackCallback.java:117)
	at ProvisionListenerStackCallback.provision(ProvisionListenerStackCallback.java:66)
	at ConstructorInjector.construct(ConstructorInjector.java:93)
	at ConstructorBindingImpl$Factory.get(ConstructorBindingImpl.java:300)
	at ProviderToInternalFactoryAdapter.get(ProviderToInternalFactoryAdapter.java:40)
	at SingletonScope$1.get(SingletonScope.java:169)
	at InternalFactoryToProviderAdapter.get(InternalFactoryToProviderAdapter.java:45)
	at SingleParameterInjector.inject(SingleParameterInjector.java:40)
	at SingleParameterInjector.getAll(SingleParameterInjector.java:60)
	at ConstructorInjector.provision(ConstructorInjector.java:113)
	at ConstructorInjector.access$000(ConstructorInjector.java:33)
	at ConstructorInjector$1.call(ConstructorInjector.java:98)
	at ProvisionListenerStackCallback$Provision.provision(ProvisionListenerStackCallback.java:109)
	at LifeCycleModule.provision(LifeCycleModule.java:70)
	at ProvisionListenerStackCallback$Provision.provision(ProvisionListenerStackCallback.java:117)
	at ProvisionListenerStackCallback.provision(ProvisionListenerStackCallback.java:66)
	at ConstructorInjector.construct(ConstructorInjector.java:93)
	at ConstructorBindingImpl$Factory.get(ConstructorBindingImpl.java:300)
	at ProviderToInternalFactoryAdapter.get(ProviderToInternalFactoryAdapter.java:40)
	at SingletonScope$1.get(SingletonScope.java:169)
	at InternalFactoryToProviderAdapter.get(InternalFactoryToProviderAdapter.java:45)
	at SingleParameterInjector.inject(SingleParameterInjector.java:40)
	at SingleParameterInjector.getAll(SingleParameterInjector.java:60)
	at ConstructorInjector.provision(ConstructorInjector.java:113)
	at ConstructorInjector.access$000(ConstructorInjector.java:33)
	at ConstructorInjector$1.call(ConstructorInjector.java:98)
	at ProvisionListenerStackCallback$Provision.provision(ProvisionListenerStackCallback.java:109)
	at LifeCycleModule.provision(LifeCycleModule.java:70)
	at ProvisionListenerStackCallback$Provision.provision(ProvisionListenerStackCallback.java:117)
	at ProvisionListenerStackCallback.provision(ProvisionListenerStackCallback.java:66)
	at ConstructorInjector.construct(ConstructorInjector.java:93)
	at ConstructorBindingImpl$Factory.get(ConstructorBindingImpl.java:300)
	at ProviderToInternalFactoryAdapter.get(ProviderToInternalFactoryAdapter.java:40)
	at SingletonScope$1.get(SingletonScope.java:169)
	at InternalFactoryToProviderAdapter.get(InternalFactoryToProviderAdapter.java:45)
	at FactoryProxy.get(FactoryProxy.java:60)
	at ProviderToInternalFactoryAdapter.get(ProviderToInternalFactoryAdapter.java:40)
	at SingletonScope$1.get(SingletonScope.java:169)
	at InternalFactoryToProviderAdapter.get(InternalFactoryToProviderAdapter.java:45)
	at SingleParameterInjector.inject(SingleParameterInjector.java:40)
	at RealMapBinder$ExtensionRealMapProvider.doProvision(RealMapBinder.java:808)
	at RealMapBinder$ExtensionRealMapProvider.doProvision(RealMapBinder.java:743)
	at InternalProviderInstanceBindingImpl$Factory$1.call(InternalProviderInstanceBindingImpl.java:120)
	at ProvisionListenerStackCallback$Provision.provision(ProvisionListenerStackCallback.java:109)
	at LifeCycleModule.provision(LifeCycleModule.java:70)
	at ProvisionListenerStackCallback$Provision.provision(ProvisionListenerStackCallback.java:117)
	at ProvisionListenerStackCallback.provision(ProvisionListenerStackCallback.java:66)
	at InternalProviderInstanceBindingImpl$Factory.get(InternalProviderInstanceBindingImpl.java:115)
	at SingleParameterInjector.inject(SingleParameterInjector.java:40)
	at SingleParameterInjector.getAll(SingleParameterInjector.java:60)
	at ConstructorInjector.provision(ConstructorInjector.java:113)
	at ConstructorInjector.access$000(ConstructorInjector.java:33)
	at ConstructorInjector$1.call(ConstructorInjector.java:98)
	at ProvisionListenerStackCallback$Provision.provision(ProvisionListenerStackCallback.java:109)
	at LifeCycleModule.provision(LifeCycleModule.java:70)
	at ProvisionListenerStackCallback$Provision.provision(ProvisionListenerStackCallback.java:117)
	at ProvisionListenerStackCallback.provision(ProvisionListenerStackCallback.java:66)
	at ConstructorInjector.construct(ConstructorInjector.java:93)
	at ConstructorBindingImpl$Factory.get(ConstructorBindingImpl.java:300)
	at FactoryProxy.get(FactoryProxy.java:60)
	at SingleParameterInjector.inject(SingleParameterInjector.java:40)
	at SingleParameterInjector.getAll(SingleParameterInjector.java:60)
	at ConstructorInjector.provision(ConstructorInjector.java:113)
	at ConstructorInjector.access$000(ConstructorInjector.java:33)
	at ConstructorInjector$1.call(ConstructorInjector.java:98)
	at ProvisionListenerStackCallback$Provision.provision(ProvisionListenerStackCallback.java:109)
	at LifeCycleModule.provision(LifeCycleModule.java:70)
	at ProvisionListenerStackCallback$Provision.provision(ProvisionListenerStackCallback.java:117)
	at ProvisionListenerStackCallback.provision(ProvisionListenerStackCallback.java:66)
	at ConstructorInjector.construct(ConstructorInjector.java:93)
	at ConstructorBindingImpl$Factory.get(ConstructorBindingImpl.java:300)
	at ProviderToInternalFactoryAdapter.get(ProviderToInternalFactoryAdapter.java:40)
	at SingletonScope$1.get(SingletonScope.java:169)
	at InternalFactoryToProviderAdapter.get(InternalFactoryToProviderAdapter.java:45)
	at InternalInjectorCreator.loadEagerSingletons(InternalInjectorCreator.java:213)
	at InternalInjectorCreator.injectDynamically(InternalInjectorCreator.java:186)
	at InternalInjectorCreator.build(InternalInjectorCreator.java:113)
	at Guice.createInjector(Guice.java:87)
	at Bootstrap.initialize(Bootstrap.java:366)
	at Server.doStart(Server.java:124)
	at Server.lambda$start$0(Server.java:79)
	at io.trino.$gen.Trino_479____20260507_184053_1.run(Unknown Source)
	at Server.start(Server.java:79)
	at TrinoServer.main(TrinoServer.java:37)

47) [Guice/ErrorInjectingConstructor]: IllegalArgumentException: Invalid memory configuration. The sum of max query memory per node (4294967296) and heap headroom (1073741824) cannot be larger than the available heap memory (4294967296)
  at LocalMemoryManager.<init>(LocalMemoryManager.java:44)
  at java.base/DirectMethodHandleAccessor.invoke(DirectMethodHandleAccessor.java:104)
  at SqlTaskManager.<init>(SqlTaskManager.java:161)
      \_ for 8th parameter localMemoryManager
  at java.base/DirectMethodHandleAccessor.invoke(DirectMethodHandleAccessor.java:104)
  at SqlQueryExecution$SqlQueryExecutionFactory.<init>(SqlQueryExecution.java:838)
      \_ for 26th parameter coordinatorTaskManager
  at QueryExecutionFactoryModule.configure(QueryExecutionFactoryModule.java:145)
      \_ installed by: ServerMainModule -> CoordinatorModule -> QueryExecutionFactoryModule
  while locating SqlQueryExecution$SqlQueryExecutionFactory

Learn more:
  https://github.com/google/guice/wiki/ERROR_INJECTING_CONSTRUCTOR
Caused by: IllegalArgumentException: Invalid memory configuration. The sum of max query memory per node (4294967296) and heap headroom (1073741824) cannot be larger than the available heap memory (4294967296)
	at LocalMemoryManager.validateHeapHeadroom(LocalMemoryManager.java:64)
	at LocalMemoryManager.<init>(LocalMemoryManager.java:50)
	at LocalMemoryManager.<init>(LocalMemoryManager.java:44)
	at LocalMemoryManager$$FastClassByGuice$$7900c4b.GUICE$TRAMPOLINE(<generated>)
	at LocalMemoryManager$$FastClassByGuice$$7900c4b.apply(<generated>)
	at DefaultConstructionProxyFactory$FastClassProxy.newInstance(DefaultConstructionProxyFactory.java:82)
	at ConstructorInjector.provision(ConstructorInjector.java:114)
	at ConstructorInjector.access$000(ConstructorInjector.java:33)
	at ConstructorInjector$1.call(ConstructorInjector.java:98)
	at ProvisionListenerStackCallback$Provision.provision(ProvisionListenerStackCallback.java:109)
	at LifeCycleModule.provision(LifeCycleModule.java:70)
	at ProvisionListenerStackCallback$Provision.provision(ProvisionListenerStackCallback.java:117)
	at ProvisionListenerStackCallback.provision(ProvisionListenerStackCallback.java:66)
	at ConstructorInjector.construct(ConstructorInjector.java:93)
	at ConstructorBindingImpl$Factory.get(ConstructorBindingImpl.java:300)
	at ProviderToInternalFactoryAdapter.get(ProviderToInternalFactoryAdapter.java:40)
	at SingletonScope$1.get(SingletonScope.java:169)
	at InternalFactoryToProviderAdapter.get(InternalFactoryToProviderAdapter.java:45)
	at SingleParameterInjector.inject(SingleParameterInjector.java:40)
	at SingleParameterInjector.getAll(SingleParameterInjector.java:60)
	at ConstructorInjector.provision(ConstructorInjector.java:113)
	at ConstructorInjector.access$000(ConstructorInjector.java:33)
	at ConstructorInjector$1.call(ConstructorInjector.java:98)
	at ProvisionListenerStackCallback$Provision.provision(ProvisionListenerStackCallback.java:109)
	at LifeCycleModule.provision(LifeCycleModule.java:70)
	at ProvisionListenerStackCallback$Provision.provision(ProvisionListenerStackCallback.java:117)
	at ProvisionListenerStackCallback.provision(ProvisionListenerStackCallback.java:66)
	at ConstructorInjector.construct(ConstructorInjector.java:93)
	at ConstructorBindingImpl$Factory.get(ConstructorBindingImpl.java:300)
	at ProviderToInternalFactoryAdapter.get(ProviderToInternalFactoryAdapter.java:40)
	at SingletonScope$1.get(SingletonScope.java:169)
	at InternalFactoryToProviderAdapter.get(InternalFactoryToProviderAdapter.java:45)
	at SingleParameterInjector.inject(SingleParameterInjector.java:40)
	at SingleParameterInjector.getAll(SingleParameterInjector.java:60)
	at ConstructorInjector.provision(ConstructorInjector.java:113)
	at ConstructorInjector.access$000(ConstructorInjector.java:33)
	at ConstructorInjector$1.call(ConstructorInjector.java:98)
	at ProvisionListenerStackCallback$Provision.provision(ProvisionListenerStackCallback.java:109)
	at LifeCycleModule.provision(LifeCycleModule.java:70)
	at ProvisionListenerStackCallback$Provision.provision(ProvisionListenerStackCallback.java:117)
	at ProvisionListenerStackCallback.provision(ProvisionListenerStackCallback.java:66)
	at ConstructorInjector.construct(ConstructorInjector.java:93)
	at ConstructorBindingImpl$Factory.get(ConstructorBindingImpl.java:300)
	at ProviderToInternalFactoryAdapter.get(ProviderToInternalFactoryAdapter.java:40)
	at SingletonScope$1.get(SingletonScope.java:169)
	at InternalFactoryToProviderAdapter.get(InternalFactoryToProviderAdapter.java:45)
	at InternalInjectorCreator.loadEagerSingletons(InternalInjectorCreator.java:213)
	at InternalInjectorCreator.injectDynamically(InternalInjectorCreator.java:186)
	at InternalInjectorCreator.build(InternalInjectorCreator.java:113)
	at Guice.createInjector(Guice.java:87)
	at Bootstrap.initialize(Bootstrap.java:366)
	at Server.doStart(Server.java:124)
	at Server.lambda$start$0(Server.java:79)
	at io.trino.$gen.Trino_479____20260507_184053_1.run(Unknown Source)
	at Server.start(Server.java:79)
	at TrinoServer.main(TrinoServer.java:37)

48) [Guice/ErrorInjectingConstructor]: IllegalArgumentException: Invalid memory configuration. The sum of max query memory per node (4294967296) and heap headroom (1073741824) cannot be larger than the available heap memory (4294967296)
  at LocalMemoryManager.<init>(LocalMemoryManager.java:44)
  at java.base/DirectMethodHandleAccessor.invoke(DirectMethodHandleAccessor.java:104)
  at SqlTaskManager.<init>(SqlTaskManager.java:161)
      \_ for 8th parameter localMemoryManager
  at java.base/DirectMethodHandleAccessor.invoke(DirectMethodHandleAccessor.java:104)
  at TaskResource.<init>(TaskResource.java:121)
      \_ for 2nd parameter taskManager
  at ServerMainModule.setup(ServerMainModule.java:252)
  while locating TaskResource

Learn more:
  https://github.com/google/guice/wiki/ERROR_INJECTING_CONSTRUCTOR
Caused by: IllegalArgumentException (same stack trace as error #47)
49) [Guice/ErrorInjectingConstructor]: IllegalArgumentException: Invalid memory configuration. The sum of max query memory per node (4294967296) and heap headroom (1073741824) cannot be larger than the available heap memory (4294967296)
  at LocalMemoryManager.<init>(LocalMemoryManager.java:44)
  at java.base/DirectMethodHandleAccessor.invoke(DirectMethodHandleAccessor.java:104)
  at SqlTaskManager.<init>(SqlTaskManager.java:161)
      \_ for 8th parameter localMemoryManager
  at java.base/DirectMethodHandleAccessor.invoke(DirectMethodHandleAccessor.java:104)
  while locating SqlTaskManager

Learn more:
  https://github.com/google/guice/wiki/ERROR_INJECTING_CONSTRUCTOR
Caused by: IllegalArgumentException: Invalid memory configuration. The sum of max query memory per node (4294967296) and heap headroom (1073741824) cannot be larger than the available heap memory (4294967296)
	at LocalMemoryManager.validateHeapHeadroom(LocalMemoryManager.java:64)
	at LocalMemoryManager.<init>(LocalMemoryManager.java:50)
	at LocalMemoryManager.<init>(LocalMemoryManager.java:44)
	at LocalMemoryManager$$FastClassByGuice$$7900c4b.GUICE$TRAMPOLINE(<generated>)
	at LocalMemoryManager$$FastClassByGuice$$7900c4b.apply(<generated>)
	at DefaultConstructionProxyFactory$FastClassProxy.newInstance(DefaultConstructionProxyFactory.java:82)
	at ConstructorInjector.provision(ConstructorInjector.java:114)
	at ConstructorInjector.access$000(ConstructorInjector.java:33)
	at ConstructorInjector$1.call(ConstructorInjector.java:98)
	at ProvisionListenerStackCallback$Provision.provision(ProvisionListenerStackCallback.java:109)
	at LifeCycleModule.provision(LifeCycleModule.java:70)
	at ProvisionListenerStackCallback$Provision.provision(ProvisionListenerStackCallback.java:117)
	at ProvisionListenerStackCallback.provision(ProvisionListenerStackCallback.java:66)
	at ConstructorInjector.construct(ConstructorInjector.java:93)
	at ConstructorBindingImpl$Factory.get(ConstructorBindingImpl.java:300)
	at ProviderToInternalFactoryAdapter.get(ProviderToInternalFactoryAdapter.java:40)
	at SingletonScope$1.get(SingletonScope.java:169)
	at InternalFactoryToProviderAdapter.get(InternalFactoryToProviderAdapter.java:45)
	at SingleParameterInjector.inject(SingleParameterInjector.java:40)
	at SingleParameterInjector.getAll(SingleParameterInjector.java:60)
	at ConstructorInjector.provision(ConstructorInjector.java:113)
	at ConstructorInjector.access$000(ConstructorInjector.java:33)
	at ConstructorInjector$1.call(ConstructorInjector.java:98)
	at ProvisionListenerStackCallback$Provision.provision(ProvisionListenerStackCallback.java:109)
	at LifeCycleModule.provision(LifeCycleModule.java:70)
	at ProvisionListenerStackCallback$Provision.provision(ProvisionListenerStackCallback.java:117)
	at ProvisionListenerStackCallback.provision(ProvisionListenerStackCallback.java:66)
	at ConstructorInjector.construct(ConstructorInjector.java:93)
	at ConstructorBindingImpl$Factory.get(ConstructorBindingImpl.java:300)
	at ProviderToInternalFactoryAdapter.get(ProviderToInternalFactoryAdapter.java:40)
	at SingletonScope$1.get(SingletonScope.java:169)
	at InternalFactoryToProviderAdapter.get(InternalFactoryToProviderAdapter.java:45)
	at InternalInjectorCreator.loadEagerSingletons(InternalInjectorCreator.java:213)
	at InternalInjectorCreator.injectDynamically(InternalInjectorCreator.java:186)
	at InternalInjectorCreator.build(InternalInjectorCreator.java:113)
	at Guice.createInjector(Guice.java:87)
	at Bootstrap.initialize(Bootstrap.java:366)
	at Server.doStart(Server.java:124)
	at Server.lambda$start$0(Server.java:79)
	at io.trino.$gen.Trino_479____20260507_184053_1.run(Unknown Source)
	at Server.start(Server.java:79)
	at TrinoServer.main(TrinoServer.java:37)

50) [Guice/ErrorInjectingConstructor]: IllegalArgumentException: Invalid memory configuration. The sum of max query memory per node (4294967296) and heap headroom (1073741824) cannot be larger than the available heap memory (4294967296)
  at LocalMemoryManager.<init>(LocalMemoryManager.java:44)
  at java.base/DirectMethodHandleAccessor.invoke(DirectMethodHandleAccessor.java:104)
  at MemoryRevokingScheduler.<init>(MemoryRevokingScheduler.java:72)
      \_ for 1st parameter localMemoryManager
  at java.base/DirectMethodHandleAccessor.invoke(DirectMethodHandleAccessor.java:104)
  while locating MemoryRevokingScheduler

Learn more:
  https://github.com/google/guice/wiki/ERROR_INJECTING_CONSTRUCTOR
Caused by: IllegalArgumentException (same stack trace as error #49)
51) [Guice/ErrorInjectingConstructor]: IllegalArgumentException: Invalid memory configuration. The sum of max query memory per node (4294967296) and heap headroom (1073741824) cannot be larger than the available heap memory (4294967296)
  at LocalMemoryManager.<init>(LocalMemoryManager.java:44)
  at java.base/DirectMethodHandleAccessor.invoke(DirectMethodHandleAccessor.java:104)
  while locating LocalMemoryManager

Learn more:
  https://github.com/google/guice/wiki/ERROR_INJECTING_CONSTRUCTOR
Caused by: IllegalArgumentException: Invalid memory configuration. The sum of max query memory per node (4294967296) and heap headroom (1073741824) cannot be larger than the available heap memory (4294967296)
	at LocalMemoryManager.validateHeapHeadroom(LocalMemoryManager.java:64)
	at LocalMemoryManager.<init>(LocalMemoryManager.java:50)
	at LocalMemoryManager.<init>(LocalMemoryManager.java:44)
	at LocalMemoryManager$$FastClassByGuice$$7900c4b.GUICE$TRAMPOLINE(<generated>)
	at LocalMemoryManager$$FastClassByGuice$$7900c4b.apply(<generated>)
	at DefaultConstructionProxyFactory$FastClassProxy.newInstance(DefaultConstructionProxyFactory.java:82)
	at ConstructorInjector.provision(ConstructorInjector.java:114)
	at ConstructorInjector.access$000(ConstructorInjector.java:33)
	at ConstructorInjector$1.call(ConstructorInjector.java:98)
	at ProvisionListenerStackCallback$Provision.provision(ProvisionListenerStackCallback.java:109)
	at LifeCycleModule.provision(LifeCycleModule.java:70)
	at ProvisionListenerStackCallback$Provision.provision(ProvisionListenerStackCallback.java:117)
	at ProvisionListenerStackCallback.provision(ProvisionListenerStackCallback.java:66)
	at ConstructorInjector.construct(ConstructorInjector.java:93)
	at ConstructorBindingImpl$Factory.get(ConstructorBindingImpl.java:300)
	at ProviderToInternalFactoryAdapter.get(ProviderToInternalFactoryAdapter.java:40)
	at SingletonScope$1.get(SingletonScope.java:169)
	at InternalFactoryToProviderAdapter.get(InternalFactoryToProviderAdapter.java:45)
	at InternalInjectorCreator.loadEagerSingletons(InternalInjectorCreator.java:213)
	at InternalInjectorCreator.injectDynamically(InternalInjectorCreator.java:186)
	at InternalInjectorCreator.build(InternalInjectorCreator.java:113)
	at Guice.createInjector(Guice.java:87)
	at Bootstrap.initialize(Bootstrap.java:366)
	at Server.doStart(Server.java:124)
	at Server.lambda$start$0(Server.java:79)
	at io.trino.$gen.Trino_479____20260507_184053_1.run(Unknown Source)
	at Server.start(Server.java:79)
	at TrinoServer.main(TrinoServer.java:37)

52) [Guice/ErrorInjectingConstructor]: IllegalArgumentException: Invalid memory configuration. The sum of max query memory per node (4294967296) and heap headroom (1073741824) cannot be larger than the available heap memory (4294967296)
  at LocalMemoryManager.<init>(LocalMemoryManager.java:44)
  at java.base/DirectMethodHandleAccessor.invoke(DirectMethodHandleAccessor.java:104)
  at LocalMemoryManagerExporter.<init>(LocalMemoryManagerExporter.java:32)
      \_ for 1st parameter memoryManager
  at java.base/DirectMethodHandleAccessor.invoke(DirectMethodHandleAccessor.java:104)
  while locating LocalMemoryManagerExporter

Learn more:
  https://github.com/google/guice/wiki/ERROR_INJECTING_CONSTRUCTOR
Caused by: IllegalArgumentException (same stack trace as error #49)
53) [Guice/ErrorInjectingConstructor]: IllegalArgumentException: Invalid memory configuration. The sum of max query memory per node (4294967296) and heap headroom (1073741824) cannot be larger than the available heap memory (4294967296)
  at LocalMemoryManager.<init>(LocalMemoryManager.java:44)
  at java.base/DirectMethodHandleAccessor.invoke(DirectMethodHandleAccessor.java:104)
  at MemoryResource.<init>(MemoryResource.java:36)
      \_ for 1st parameter memoryManager
  at ServerMainModule.setup(ServerMainModule.java:350)
  while locating MemoryResource

Learn more:
  https://github.com/google/guice/wiki/ERROR_INJECTING_CONSTRUCTOR
Caused by: IllegalArgumentException (same stack trace as error #49)
54) [Guice/ErrorInjectingConstructor]: IllegalArgumentException: Invalid memory configuration. The sum of max query memory per node (4294967296) and heap headroom (1073741824) cannot be larger than the available heap memory (4294967296)
  at LocalMemoryManager.<init>(LocalMemoryManager.java:44)
  at java.base/DirectMethodHandleAccessor.invoke(DirectMethodHandleAccessor.java:104)
  at SqlTaskManager.<init>(SqlTaskManager.java:161)
      \_ for 8th parameter localMemoryManager
  at java.base/DirectMethodHandleAccessor.invoke(DirectMethodHandleAccessor.java:104)
  at SqlQueryExecution$SqlQueryExecutionFactory.<init>(SqlQueryExecution.java:838)
      \_ for 26th parameter coordinatorTaskManager
  at QueryExecutionFactoryModule.configure(QueryExecutionFactoryModule.java:145)
      \_ installed by: ServerMainModule -> CoordinatorModule -> QueryExecutionFactoryModule
  while locating SqlQueryExecution$SqlQueryExecutionFactory
  at QueryExecutionFactoryModule.configure(QueryExecutionFactoryModule.java:147)
      \_ installed by: ServerMainModule -> CoordinatorModule -> QueryExecutionFactoryModule
  while locating QueryExecution$QueryExecutionFactory<?> annotated with @Element(setName=,uniqueId=552, type=MAPBINDER, keyType=Class<? extends Statement>)
  at LocalDispatchQueryFactory.<init>(LocalDispatchQueryFactory.java:93)
      \_ for 9th parameter executionFactories
  while locating LocalDispatchQueryFactory
  at DispatchManager.<init>(DispatchManager.java:114)
      \_ for 4th parameter dispatchQueryFactory
  at java.base/DirectMethodHandleAccessor.invoke(DirectMethodHandleAccessor.java:104)
      \_ installed by: ServerMainModule -> CoordinatorModule
  while locating DispatchManager
  at KillQueryProcedure.<init>(KillQueryProcedure.java:57)
      \_ for 1st parameter dispatchManager
  at SystemConnectorModule.configure(SystemConnectorModule.java:80)
      \_ installed by: ServerMainModule -> SystemConnectorModule
  while locating KillQueryProcedure

Learn more:
  https://github.com/google/guice/wiki/ERROR_INJECTING_CONSTRUCTOR
Caused by: IllegalArgumentException: Invalid memory configuration. The sum of max query memory per node (4294967296) and heap headroom (1073741824) cannot be larger than the available heap memory (4294967296)
	at LocalMemoryManager.validateHeapHeadroom(LocalMemoryManager.java:64)
	at LocalMemoryManager.<init>(LocalMemoryManager.java:50)
	at LocalMemoryManager.<init>(LocalMemoryManager.java:44)
	at LocalMemoryManager$$FastClassByGuice$$7900c4b.GUICE$TRAMPOLINE(<generated>)
	at LocalMemoryManager$$FastClassByGuice$$7900c4b.apply(<generated>)
	at DefaultConstructionProxyFactory$FastClassProxy.newInstance(DefaultConstructionProxyFactory.java:82)
	at ConstructorInjector.provision(ConstructorInjector.java:114)
	at ConstructorInjector.access$000(ConstructorInjector.java:33)
	at ConstructorInjector$1.call(ConstructorInjector.java:98)
	at ProvisionListenerStackCallback$Provision.provision(ProvisionListenerStackCallback.java:109)
	at LifeCycleModule.provision(LifeCycleModule.java:70)
	at ProvisionListenerStackCallback$Provision.provision(ProvisionListenerStackCallback.java:117)
	at ProvisionListenerStackCallback.provision(ProvisionListenerStackCallback.java:66)
	at ConstructorInjector.construct(ConstructorInjector.java:93)
	at ConstructorBindingImpl$Factory.get(ConstructorBindingImpl.java:300)
	at ProviderToInternalFactoryAdapter.get(ProviderToInternalFactoryAdapter.java:40)
	at SingletonScope$1.get(SingletonScope.java:169)
	at InternalFactoryToProviderAdapter.get(InternalFactoryToProviderAdapter.java:45)
	at SingleParameterInjector.inject(SingleParameterInjector.java:40)
	at SingleParameterInjector.getAll(SingleParameterInjector.java:60)
	at ConstructorInjector.provision(ConstructorInjector.java:113)
	at ConstructorInjector.access$000(ConstructorInjector.java:33)
	at ConstructorInjector$1.call(ConstructorInjector.java:98)
	at ProvisionListenerStackCallback$Provision.provision(ProvisionListenerStackCallback.java:109)
	at LifeCycleModule.provision(LifeCycleModule.java:70)
	at ProvisionListenerStackCallback$Provision.provision(ProvisionListenerStackCallback.java:117)
	at ProvisionListenerStackCallback.provision(ProvisionListenerStackCallback.java:66)
	at ConstructorInjector.construct(ConstructorInjector.java:93)
	at ConstructorBindingImpl$Factory.get(ConstructorBindingImpl.java:300)
	at ProviderToInternalFactoryAdapter.get(ProviderToInternalFactoryAdapter.java:40)
	at SingletonScope$1.get(SingletonScope.java:169)
	at InternalFactoryToProviderAdapter.get(InternalFactoryToProviderAdapter.java:45)
	at SingleParameterInjector.inject(SingleParameterInjector.java:40)
	at SingleParameterInjector.getAll(SingleParameterInjector.java:60)
	at ConstructorInjector.provision(ConstructorInjector.java:113)
	at ConstructorInjector.access$000(ConstructorInjector.java:33)
	at ConstructorInjector$1.call(ConstructorInjector.java:98)
	at ProvisionListenerStackCallback$Provision.provision(ProvisionListenerStackCallback.java:109)
	at LifeCycleModule.provision(LifeCycleModule.java:70)
	at ProvisionListenerStackCallback$Provision.provision(ProvisionListenerStackCallback.java:117)
	at ProvisionListenerStackCallback.provision(ProvisionListenerStackCallback.java:66)
	at ConstructorInjector.construct(ConstructorInjector.java:93)
	at ConstructorBindingImpl$Factory.get(ConstructorBindingImpl.java:300)
	at ProviderToInternalFactoryAdapter.get(ProviderToInternalFactoryAdapter.java:40)
	at SingletonScope$1.get(SingletonScope.java:169)
	at InternalFactoryToProviderAdapter.get(InternalFactoryToProviderAdapter.java:45)
	at FactoryProxy.get(FactoryProxy.java:60)
	at ProviderToInternalFactoryAdapter.get(ProviderToInternalFactoryAdapter.java:40)
	at SingletonScope$1.get(SingletonScope.java:169)
	at InternalFactoryToProviderAdapter.get(InternalFactoryToProviderAdapter.java:45)
	at SingleParameterInjector.inject(SingleParameterInjector.java:40)
	at RealMapBinder$ExtensionRealMapProvider.doProvision(RealMapBinder.java:808)
	at RealMapBinder$ExtensionRealMapProvider.doProvision(RealMapBinder.java:743)
	at InternalProviderInstanceBindingImpl$Factory$1.call(InternalProviderInstanceBindingImpl.java:120)
	at ProvisionListenerStackCallback$Provision.provision(ProvisionListenerStackCallback.java:109)
	at LifeCycleModule.provision(LifeCycleModule.java:70)
	at ProvisionListenerStackCallback$Provision.provision(ProvisionListenerStackCallback.java:117)
	at ProvisionListenerStackCallback.provision(ProvisionListenerStackCallback.java:66)
	at InternalProviderInstanceBindingImpl$Factory.get(InternalProviderInstanceBindingImpl.java:115)
	at SingleParameterInjector.inject(SingleParameterInjector.java:40)
	at SingleParameterInjector.getAll(SingleParameterInjector.java:60)
	at ConstructorInjector.provision(ConstructorInjector.java:113)
	at ConstructorInjector.access$000(ConstructorInjector.java:33)
	at ConstructorInjector$1.call(ConstructorInjector.java:98)
	at ProvisionListenerStackCallback$Provision.provision(ProvisionListenerStackCallback.java:109)
	at LifeCycleModule.provision(LifeCycleModule.java:70)
	at ProvisionListenerStackCallback$Provision.provision(ProvisionListenerStackCallback.java:117)
	at ProvisionListenerStackCallback.provision(ProvisionListenerStackCallback.java:66)
	at ConstructorInjector.construct(ConstructorInjector.java:93)
	at ConstructorBindingImpl$Factory.get(ConstructorBindingImpl.java:300)
	at FactoryProxy.get(FactoryProxy.java:60)
	at SingleParameterInjector.inject(SingleParameterInjector.java:40)
	at SingleParameterInjector.getAll(SingleParameterInjector.java:60)
	at ConstructorInjector.provision(ConstructorInjector.java:113)
	at ConstructorInjector.access$000(ConstructorInjector.java:33)
	at ConstructorInjector$1.call(ConstructorInjector.java:98)
	at ProvisionListenerStackCallback$Provision.provision(ProvisionListenerStackCallback.java:109)
	at LifeCycleModule.provision(LifeCycleModule.java:70)
	at ProvisionListenerStackCallback$Provision.provision(ProvisionListenerStackCallback.java:117)
	at ProvisionListenerStackCallback.provision(ProvisionListenerStackCallback.java:66)
	at ConstructorInjector.construct(ConstructorInjector.java:93)
	at ConstructorBindingImpl$Factory.get(ConstructorBindingImpl.java:300)
	at ProviderToInternalFactoryAdapter.get(ProviderToInternalFactoryAdapter.java:40)
	at SingletonScope$1.get(SingletonScope.java:169)
	at InternalFactoryToProviderAdapter.get(InternalFactoryToProviderAdapter.java:45)
	at RealOptionalBinder$JavaOptionalProvider.doProvision(RealOptionalBinder.java:269)
	at RealOptionalBinder$JavaOptionalProvider.doProvision(RealOptionalBinder.java:231)
	at InternalProviderInstanceBindingImpl$Factory$1.call(InternalProviderInstanceBindingImpl.java:120)
	at ProvisionListenerStackCallback$Provision.provision(ProvisionListenerStackCallback.java:109)
	at LifeCycleModule.provision(LifeCycleModule.java:70)
	at ProvisionListenerStackCallback$Provision.provision(ProvisionListenerStackCallback.java:117)
	at ProvisionListenerStackCallback.provision(ProvisionListenerStackCallback.java:66)
	at InternalProviderInstanceBindingImpl$Factory.get(InternalProviderInstanceBindingImpl.java:115)
	at SingleParameterInjector.inject(SingleParameterInjector.java:40)
	at SingleParameterInjector.getAll(SingleParameterInjector.java:60)
	at ConstructorInjector.provision(ConstructorInjector.java:113)
	at ConstructorInjector.access$000(ConstructorInjector.java:33)
	at ConstructorInjector$1.call(ConstructorInjector.java:98)
	at ProvisionListenerStackCallback$Provision.provision(ProvisionListenerStackCallback.java:109)
	at LifeCycleModule.provision(LifeCycleModule.java:70)
	at ProvisionListenerStackCallback$Provision.provision(ProvisionListenerStackCallback.java:117)
	at ProvisionListenerStackCallback.provision(ProvisionListenerStackCallback.java:66)
	at ConstructorInjector.construct(ConstructorInjector.java:93)
	at ConstructorBindingImpl$Factory.get(ConstructorBindingImpl.java:300)
	at ProviderToInternalFactoryAdapter.get(ProviderToInternalFactoryAdapter.java:40)
	at SingletonScope$1.get(SingletonScope.java:169)
	at InternalFactoryToProviderAdapter.get(InternalFactoryToProviderAdapter.java:45)
	at InternalInjectorCreator.loadEagerSingletons(InternalInjectorCreator.java:213)
	at InternalInjectorCreator.injectDynamically(InternalInjectorCreator.java:186)
	at InternalInjectorCreator.build(InternalInjectorCreator.java:113)
	at Guice.createInjector(Guice.java:87)
	at Bootstrap.initialize(Bootstrap.java:366)
	at Server.doStart(Server.java:124)
	at Server.lambda$start$0(Server.java:79)
	at io.trino.$gen.Trino_479____20260507_184053_1.run(Unknown Source)
	at Server.start(Server.java:79)
	at TrinoServer.main(TrinoServer.java:37)

55) [Guice/ErrorInjectingConstructor]: IllegalArgumentException: Invalid memory configuration. The sum of max query memory per node (4294967296) and heap headroom (1073741824) cannot be larger than the available heap memory (4294967296)
  at LocalMemoryManager.<init>(LocalMemoryManager.java:44)
  at java.base/DirectMethodHandleAccessor.invoke(DirectMethodHandleAccessor.java:104)
  at SqlTaskManager.<init>(SqlTaskManager.java:161)
      \_ for 8th parameter localMemoryManager
  at java.base/DirectMethodHandleAccessor.invoke(DirectMethodHandleAccessor.java:104)
  at SqlQueryExecution$SqlQueryExecutionFactory.<init>(SqlQueryExecution.java:838)
      \_ for 26th parameter coordinatorTaskManager
  at QueryExecutionFactoryModule.configure(QueryExecutionFactoryModule.java:145)
      \_ installed by: ServerMainModule -> CoordinatorModule -> QueryExecutionFactoryModule
  while locating SqlQueryExecution$SqlQueryExecutionFactory
  at QueryExecutionFactoryModule.configure(QueryExecutionFactoryModule.java:147)
      \_ installed by: ServerMainModule -> CoordinatorModule -> QueryExecutionFactoryModule
  while locating QueryExecution$QueryExecutionFactory<?> annotated with @Element(setName=,uniqueId=552, type=MAPBINDER, keyType=Class<? extends Statement>)
  at LocalDispatchQueryFactory.<init>(LocalDispatchQueryFactory.java:93)
      \_ for 9th parameter executionFactories
  while locating LocalDispatchQueryFactory
  at DispatchManager.<init>(DispatchManager.java:114)
      \_ for 4th parameter dispatchQueryFactory
  at java.base/DirectMethodHandleAccessor.invoke(DirectMethodHandleAccessor.java:104)
      \_ installed by: ServerMainModule -> CoordinatorModule
  while locating DispatchManager
  at QuerySystemTable.<init>(QuerySystemTable.java:86)
      \_ for 1st parameter dispatchManager
  while locating QuerySystemTable
  at SystemConnectorModule.configure(SystemConnectorModule.java:47)
      \_ installed by: ServerMainModule -> SystemConnectorModule
  while locating SystemTable annotated with @Element(setName=,uniqueId=867, type=MULTIBINDER, keyType=)
  at GlobalSystemConnector.<init>(GlobalSystemConnector.java:53)
      \_ for 1st parameter systemTables
  at SystemConnectorModule.configure(SystemConnectorModule.java:82)
      \_ installed by: ServerMainModule -> SystemConnectorModule
  while locating GlobalSystemConnector

Learn more:
  https://github.com/google/guice/wiki/ERROR_INJECTING_CONSTRUCTOR
Caused by: IllegalArgumentException: Invalid memory configuration. The sum of max query memory per node (4294967296) and heap headroom (1073741824) cannot be larger than the available heap memory (4294967296)
	at LocalMemoryManager.validateHeapHeadroom(LocalMemoryManager.java:64)
	at LocalMemoryManager.<init>(LocalMemoryManager.java:50)
	at LocalMemoryManager.<init>(LocalMemoryManager.java:44)
	at LocalMemoryManager$$FastClassByGuice$$7900c4b.GUICE$TRAMPOLINE(<generated>)
	at LocalMemoryManager$$FastClassByGuice$$7900c4b.apply(<generated>)
	at DefaultConstructionProxyFactory$FastClassProxy.newInstance(DefaultConstructionProxyFactory.java:82)
	at ConstructorInjector.provision(ConstructorInjector.java:114)
	at ConstructorInjector.access$000(ConstructorInjector.java:33)
	at ConstructorInjector$1.call(ConstructorInjector.java:98)
	at ProvisionListenerStackCallback$Provision.provision(ProvisionListenerStackCallback.java:109)
	at LifeCycleModule.provision(LifeCycleModule.java:70)
	at ProvisionListenerStackCallback$Provision.provision(ProvisionListenerStackCallback.java:117)
	at ProvisionListenerStackCallback.provision(ProvisionListenerStackCallback.java:66)
	at ConstructorInjector.construct(ConstructorInjector.java:93)
	at ConstructorBindingImpl$Factory.get(ConstructorBindingImpl.java:300)
	at ProviderToInternalFactoryAdapter.get(ProviderToInternalFactoryAdapter.java:40)
	at SingletonScope$1.get(SingletonScope.java:169)
	at InternalFactoryToProviderAdapter.get(InternalFactoryToProviderAdapter.java:45)
	at SingleParameterInjector.inject(SingleParameterInjector.java:40)
	at SingleParameterInjector.getAll(SingleParameterInjector.java:60)
	at ConstructorInjector.provision(ConstructorInjector.java:113)
	at ConstructorInjector.access$000(ConstructorInjector.java:33)
	at ConstructorInjector$1.call(ConstructorInjector.java:98)
	at ProvisionListenerStackCallback$Provision.provision(ProvisionListenerStackCallback.java:109)
	at LifeCycleModule.provision(LifeCycleModule.java:70)
	at ProvisionListenerStackCallback$Provision.provision(ProvisionListenerStackCallback.java:117)
	at ProvisionListenerStackCallback.provision(ProvisionListenerStackCallback.java:66)
	at ConstructorInjector.construct(ConstructorInjector.java:93)
	at ConstructorBindingImpl$Factory.get(ConstructorBindingImpl.java:300)
	at ProviderToInternalFactoryAdapter.get(ProviderToInternalFactoryAdapter.java:40)
	at SingletonScope$1.get(SingletonScope.java:169)
	at InternalFactoryToProviderAdapter.get(InternalFactoryToProviderAdapter.java:45)
	at SingleParameterInjector.inject(SingleParameterInjector.java:40)
	at SingleParameterInjector.getAll(SingleParameterInjector.java:60)
	at ConstructorInjector.provision(ConstructorInjector.java:113)
	at ConstructorInjector.access$000(ConstructorInjector.java:33)
	at ConstructorInjector$1.call(ConstructorInjector.java:98)
	at ProvisionListenerStackCallback$Provision.provision(ProvisionListenerStackCallback.java:109)
	at LifeCycleModule.provision(LifeCycleModule.java:70)
	at ProvisionListenerStackCallback$Provision.provision(ProvisionListenerStackCallback.java:117)
	at ProvisionListenerStackCallback.provision(ProvisionListenerStackCallback.java:66)
	at ConstructorInjector.construct(ConstructorInjector.java:93)
	at ConstructorBindingImpl$Factory.get(ConstructorBindingImpl.java:300)
	at ProviderToInternalFactoryAdapter.get(ProviderToInternalFactoryAdapter.java:40)
	at SingletonScope$1.get(SingletonScope.java:169)
	at InternalFactoryToProviderAdapter.get(InternalFactoryToProviderAdapter.java:45)
	at FactoryProxy.get(FactoryProxy.java:60)
	at ProviderToInternalFactoryAdapter.get(ProviderToInternalFactoryAdapter.java:40)
	at SingletonScope$1.get(SingletonScope.java:169)
	at InternalFactoryToProviderAdapter.get(InternalFactoryToProviderAdapter.java:45)
	at SingleParameterInjector.inject(SingleParameterInjector.java:40)
	at RealMapBinder$ExtensionRealMapProvider.doProvision(RealMapBinder.java:808)
	at RealMapBinder$ExtensionRealMapProvider.doProvision(RealMapBinder.java:743)
	at InternalProviderInstanceBindingImpl$Factory$1.call(InternalProviderInstanceBindingImpl.java:120)
	at ProvisionListenerStackCallback$Provision.provision(ProvisionListenerStackCallback.java:109)
	at LifeCycleModule.provision(LifeCycleModule.java:70)
	at ProvisionListenerStackCallback$Provision.provision(ProvisionListenerStackCallback.java:117)
	at ProvisionListenerStackCallback.provision(ProvisionListenerStackCallback.java:66)
	at InternalProviderInstanceBindingImpl$Factory.get(InternalProviderInstanceBindingImpl.java:115)
	at SingleParameterInjector.inject(SingleParameterInjector.java:40)
	at SingleParameterInjector.getAll(SingleParameterInjector.java:60)
	at ConstructorInjector.provision(ConstructorInjector.java:113)
	at ConstructorInjector.access$000(ConstructorInjector.java:33)
	at ConstructorInjector$1.call(ConstructorInjector.java:98)
	at ProvisionListenerStackCallback$Provision.provision(ProvisionListenerStackCallback.java:109)
	at LifeCycleModule.provision(LifeCycleModule.java:70)
	at ProvisionListenerStackCallback$Provision.provision(ProvisionListenerStackCallback.java:117)
	at ProvisionListenerStackCallback.provision(ProvisionListenerStackCallback.java:66)
	at ConstructorInjector.construct(ConstructorInjector.java:93)
	at ConstructorBindingImpl$Factory.get(ConstructorBindingImpl.java:300)
	at FactoryProxy.get(FactoryProxy.java:60)
	at SingleParameterInjector.inject(SingleParameterInjector.java:40)
	at SingleParameterInjector.getAll(SingleParameterInjector.java:60)
	at ConstructorInjector.provision(ConstructorInjector.java:113)
	at ConstructorInjector.access$000(ConstructorInjector.java:33)
	at ConstructorInjector$1.call(ConstructorInjector.java:98)
	at ProvisionListenerStackCallback$Provision.provision(ProvisionListenerStackCallback.java:109)
	at LifeCycleModule.provision(LifeCycleModule.java:70)
	at ProvisionListenerStackCallback$Provision.provision(ProvisionListenerStackCallback.java:117)
	at ProvisionListenerStackCallback.provision(ProvisionListenerStackCallback.java:66)
	at ConstructorInjector.construct(ConstructorInjector.java:93)
	at ConstructorBindingImpl$Factory.get(ConstructorBindingImpl.java:300)
	at ProviderToInternalFactoryAdapter.get(ProviderToInternalFactoryAdapter.java:40)
	at SingletonScope$1.get(SingletonScope.java:169)
	at InternalFactoryToProviderAdapter.get(InternalFactoryToProviderAdapter.java:45)
	at RealOptionalBinder$JavaOptionalProvider.doProvision(RealOptionalBinder.java:269)
	at RealOptionalBinder$JavaOptionalProvider.doProvision(RealOptionalBinder.java:231)
	at InternalProviderInstanceBindingImpl$Factory$1.call(InternalProviderInstanceBindingImpl.java:120)
	at ProvisionListenerStackCallback$Provision.provision(ProvisionListenerStackCallback.java:109)
	at LifeCycleModule.provision(LifeCycleModule.java:70)
	at ProvisionListenerStackCallback$Provision.provision(ProvisionListenerStackCallback.java:117)
	at ProvisionListenerStackCallback.provision(ProvisionListenerStackCallback.java:66)
	at InternalProviderInstanceBindingImpl$Factory.get(InternalProviderInstanceBindingImpl.java:115)
	at SingleParameterInjector.inject(SingleParameterInjector.java:40)
	at SingleParameterInjector.getAll(SingleParameterInjector.java:60)
	at ConstructorInjector.provision(ConstructorInjector.java:113)
	at ConstructorInjector.access$000(ConstructorInjector.java:33)
	at ConstructorInjector$1.call(ConstructorInjector.java:98)
	at ProvisionListenerStackCallback$Provision.provision(ProvisionListenerStackCallback.java:109)
	at LifeCycleModule.provision(LifeCycleModule.java:70)
	at ProvisionListenerStackCallback$Provision.provision(ProvisionListenerStackCallback.java:117)
	at ProvisionListenerStackCallback.provision(ProvisionListenerStackCallback.java:66)
	at ConstructorInjector.construct(ConstructorInjector.java:93)
	at ConstructorBindingImpl$Factory.get(ConstructorBindingImpl.java:300)
	at FactoryProxy.get(FactoryProxy.java:60)
	at ProviderToInternalFactoryAdapter.get(ProviderToInternalFactoryAdapter.java:40)
	at SingletonScope$1.get(SingletonScope.java:169)
	at InternalFactoryToProviderAdapter.get(InternalFactoryToProviderAdapter.java:45)
	at SingleParameterInjector.inject(SingleParameterInjector.java:40)
	at RealMultibinder$RealMultibinderProvider.doProvision(RealMultibinder.java:247)
	at RealMultibinder$RealMultibinderProvider.doProvision(RealMultibinder.java:213)
	at InternalProviderInstanceBindingImpl$Factory$1.call(InternalProviderInstanceBindingImpl.java:120)
	at ProvisionListenerStackCallback$Provision.provision(ProvisionListenerStackCallback.java:109)
	at LifeCycleModule.provision(LifeCycleModule.java:70)
	at ProvisionListenerStackCallback$Provision.provision(ProvisionListenerStackCallback.java:117)
	at ProvisionListenerStackCallback.provision(ProvisionListenerStackCallback.java:66)
	at InternalProviderInstanceBindingImpl$Factory.get(InternalProviderInstanceBindingImpl.java:115)
	at SingleParameterInjector.inject(SingleParameterInjector.java:40)
	at SingleParameterInjector.getAll(SingleParameterInjector.java:60)
	at ConstructorInjector.provision(ConstructorInjector.java:113)
	at ConstructorInjector.access$000(ConstructorInjector.java:33)
	at ConstructorInjector$1.call(ConstructorInjector.java:98)
	at ProvisionListenerStackCallback$Provision.provision(ProvisionListenerStackCallback.java:109)
	at LifeCycleModule.provision(LifeCycleModule.java:70)
	at ProvisionListenerStackCallback$Provision.provision(ProvisionListenerStackCallback.java:117)
	at ProvisionListenerStackCallback.provision(ProvisionListenerStackCallback.java:66)
	at ConstructorInjector.construct(ConstructorInjector.java:93)
	at ConstructorBindingImpl$Factory.get(ConstructorBindingImpl.java:300)
	at ProviderToInternalFactoryAdapter.get(ProviderToInternalFactoryAdapter.java:40)
	at SingletonScope$1.get(SingletonScope.java:169)
	at InternalFactoryToProviderAdapter.get(InternalFactoryToProviderAdapter.java:45)
	at InternalInjectorCreator.loadEagerSingletons(InternalInjectorCreator.java:213)
	at InternalInjectorCreator.injectDynamically(InternalInjectorCreator.java:186)
	at InternalInjectorCreator.build(InternalInjectorCreator.java:113)
	at Guice.createInjector(Guice.java:87)
	at Bootstrap.initialize(Bootstrap.java:366)
	at Server.doStart(Server.java:124)
	at Server.lambda$start$0(Server.java:79)
	at io.trino.$gen.Trino_479____20260507_184053_1.run(Unknown Source)
	at Server.start(Server.java:79)
	at TrinoServer.main(TrinoServer.java:37)

56) [Guice/ErrorInjectingConstructor]: IllegalArgumentException: Invalid memory configuration. The sum of max query memory per node (4294967296) and heap headroom (1073741824) cannot be larger than the available heap memory (4294967296)
  at LocalMemoryManager.<init>(LocalMemoryManager.java:44)
  at java.base/DirectMethodHandleAccessor.invoke(DirectMethodHandleAccessor.java:104)
  at SqlTaskManager.<init>(SqlTaskManager.java:161)
      \_ for 8th parameter localMemoryManager
  at java.base/DirectMethodHandleAccessor.invoke(DirectMethodHandleAccessor.java:104)
  at NodeStateManager.<init>(NodeStateManager.java:86)
      \_ for 2nd parameter sqlTaskManager
  at java.base/DirectMethodHandleAccessor.invoke(DirectMethodHandleAccessor.java:104)
  at ServerInfoResource.<init>(ServerInfoResource.java:64)
      \_ for 4th parameter nodeStateManager
  at ServerMainModule.setup(ServerMainModule.java:422)
  while locating ServerInfoResource

Learn more:
  https://github.com/google/guice/wiki/ERROR_INJECTING_CONSTRUCTOR
Caused by: IllegalArgumentException: Invalid memory configuration. The sum of max query memory per node (4294967296) and heap headroom (1073741824) cannot be larger than the available heap memory (4294967296)
	at LocalMemoryManager.validateHeapHeadroom(LocalMemoryManager.java:64)
	at LocalMemoryManager.<init>(LocalMemoryManager.java:50)
	at LocalMemoryManager.<init>(LocalMemoryManager.java:44)
	at LocalMemoryManager$$FastClassByGuice$$7900c4b.GUICE$TRAMPOLINE(<generated>)
	at LocalMemoryManager$$FastClassByGuice$$7900c4b.apply(<generated>)
	at DefaultConstructionProxyFactory$FastClassProxy.newInstance(DefaultConstructionProxyFactory.java:82)
	at ConstructorInjector.provision(ConstructorInjector.java:114)
	at ConstructorInjector.access$000(ConstructorInjector.java:33)
	at ConstructorInjector$1.call(ConstructorInjector.java:98)
	at ProvisionListenerStackCallback$Provision.provision(ProvisionListenerStackCallback.java:109)
	at LifeCycleModule.provision(LifeCycleModule.java:70)
	at ProvisionListenerStackCallback$Provision.provision(ProvisionListenerStackCallback.java:117)
	at ProvisionListenerStackCallback.provision(ProvisionListenerStackCallback.java:66)
	at ConstructorInjector.construct(ConstructorInjector.java:93)
	at ConstructorBindingImpl$Factory.get(ConstructorBindingImpl.java:300)
	at ProviderToInternalFactoryAdapter.get(ProviderToInternalFactoryAdapter.java:40)
	at SingletonScope$1.get(SingletonScope.java:169)
	at InternalFactoryToProviderAdapter.get(InternalFactoryToProviderAdapter.java:45)
	at SingleParameterInjector.inject(SingleParameterInjector.java:40)
	at SingleParameterInjector.getAll(SingleParameterInjector.java:60)
	at ConstructorInjector.provision(ConstructorInjector.java:113)
	at ConstructorInjector.access$000(ConstructorInjector.java:33)
	at ConstructorInjector$1.call(ConstructorInjector.java:98)
	at ProvisionListenerStackCallback$Provision.provision(ProvisionListenerStackCallback.java:109)
	at LifeCycleModule.provision(LifeCycleModule.java:70)
	at ProvisionListenerStackCallback$Provision.provision(ProvisionListenerStackCallback.java:117)
	at ProvisionListenerStackCallback.provision(ProvisionListenerStackCallback.java:66)
	at ConstructorInjector.construct(ConstructorInjector.java:93)
	at ConstructorBindingImpl$Factory.get(ConstructorBindingImpl.java:300)
	at ProviderToInternalFactoryAdapter.get(ProviderToInternalFactoryAdapter.java:40)
	at SingletonScope$1.get(SingletonScope.java:169)
	at InternalFactoryToProviderAdapter.get(InternalFactoryToProviderAdapter.java:45)
	at SingleParameterInjector.inject(SingleParameterInjector.java:40)
	at SingleParameterInjector.getAll(SingleParameterInjector.java:60)
	at ConstructorInjector.provision(ConstructorInjector.java:113)
	at ConstructorInjector.access$000(ConstructorInjector.java:33)
	at ConstructorInjector$1.call(ConstructorInjector.java:98)
	at ProvisionListenerStackCallback$Provision.provision(ProvisionListenerStackCallback.java:109)
	at LifeCycleModule.provision(LifeCycleModule.java:70)
	at ProvisionListenerStackCallback$Provision.provision(ProvisionListenerStackCallback.java:117)
	at ProvisionListenerStackCallback.provision(ProvisionListenerStackCallback.java:66)
	at ConstructorInjector.construct(ConstructorInjector.java:93)
	at ConstructorBindingImpl$Factory.get(ConstructorBindingImpl.java:300)
	at ProviderToInternalFactoryAdapter.get(ProviderToInternalFactoryAdapter.java:40)
	at SingletonScope$1.get(SingletonScope.java:169)
	at InternalFactoryToProviderAdapter.get(InternalFactoryToProviderAdapter.java:45)
	at SingleParameterInjector.inject(SingleParameterInjector.java:40)
	at SingleParameterInjector.getAll(SingleParameterInjector.java:60)
	at ConstructorInjector.provision(ConstructorInjector.java:113)
	at ConstructorInjector.access$000(ConstructorInjector.java:33)
	at ConstructorInjector$1.call(ConstructorInjector.java:98)
	at ProvisionListenerStackCallback$Provision.provision(ProvisionListenerStackCallback.java:109)
	at LifeCycleModule.provision(LifeCycleModule.java:70)
	at ProvisionListenerStackCallback$Provision.provision(ProvisionListenerStackCallback.java:117)
	at ProvisionListenerStackCallback.provision(ProvisionListenerStackCallback.java:66)
	at ConstructorInjector.construct(ConstructorInjector.java:93)
	at ConstructorBindingImpl$Factory.get(ConstructorBindingImpl.java:300)
	at ProviderToInternalFactoryAdapter.get(ProviderToInternalFactoryAdapter.java:40)
	at SingletonScope$1.get(SingletonScope.java:169)
	at InternalFactoryToProviderAdapter.get(InternalFactoryToProviderAdapter.java:45)
	at InternalInjectorCreator.loadEagerSingletons(InternalInjectorCreator.java:213)
	at InternalInjectorCreator.injectDynamically(InternalInjectorCreator.java:186)
	at InternalInjectorCreator.build(InternalInjectorCreator.java:113)
	at Guice.createInjector(Guice.java:87)
	at Bootstrap.initialize(Bootstrap.java:366)
	at Server.doStart(Server.java:124)
	at Server.lambda$start$0(Server.java:79)
	at io.trino.$gen.Trino_479____20260507_184053_1.run(Unknown Source)
	at Server.start(Server.java:79)
	at TrinoServer.main(TrinoServer.java:37)

57) [Guice/ErrorInjectingConstructor]: IllegalArgumentException: Invalid memory configuration. The sum of max query memory per node (4294967296) and heap headroom (1073741824) cannot be larger than the available heap memory (4294967296)
  at LocalMemoryManager.<init>(LocalMemoryManager.java:44)
  at java.base/DirectMethodHandleAccessor.invoke(DirectMethodHandleAccessor.java:104)
  at StatusResource.<init>(StatusResource.java:53)
      \_ for 4th parameter memoryManager
  at ServerMainModule.setup(ServerMainModule.java:426)
  while locating StatusResource

Learn more:
  https://github.com/google/guice/wiki/ERROR_INJECTING_CONSTRUCTOR
Caused by: IllegalArgumentException (same stack trace as error #49)
58) [Guice/ErrorInjectingConstructor]: IllegalArgumentException: Invalid memory configuration. The sum of max query memory per node (4294967296) and heap headroom (1073741824) cannot be larger than the available heap memory (4294967296)
  at LocalMemoryManager.<init>(LocalMemoryManager.java:44)
  at java.base/DirectMethodHandleAccessor.invoke(DirectMethodHandleAccessor.java:104)
  at SqlTaskManager.<init>(SqlTaskManager.java:161)
      \_ for 8th parameter localMemoryManager
  at java.base/DirectMethodHandleAccessor.invoke(DirectMethodHandleAccessor.java:104)
  at NodeStateManager.<init>(NodeStateManager.java:86)
      \_ for 2nd parameter sqlTaskManager
  at java.base/DirectMethodHandleAccessor.invoke(DirectMethodHandleAccessor.java:104)
  while locating NodeStateManager

Learn more:
  https://github.com/google/guice/wiki/ERROR_INJECTING_CONSTRUCTOR
Caused by: IllegalArgumentException (same stack trace as error #47)
58 errors

======================
Full classname legend:
======================
Bootstrap:                                      "io.airlift.bootstrap.Bootstrap"
BoundProviderFactory:                           "com.google.inject.internal.BoundProviderFactory"
CatalogManagerModule:                           "io.trino.connector.CatalogManagerModule"
ClusterStatsResource:                           "io.trino.server.ui.ClusterStatsResource"
ConstructorBindingImpl$Factory:                 "com.google.inject.internal.ConstructorBindingImpl$Factory"
ConstructorInjector:                            "com.google.inject.internal.ConstructorInjector"
ConstructorInjector$1:                          "com.google.inject.internal.ConstructorInjector$1"
CoordinatorModule:                              "io.trino.server.CoordinatorModule"
DefaultConstructionProxyFactory$FastClassProxy: "com.google.inject.internal.DefaultConstructionProxyFactory$FastClassProxy"
DirectMethodHandleAccessor:                     "jdk.internal.reflect.DirectMethodHandleAccessor"
DispatchManager:                                "io.trino.dispatcher.DispatchManager"
Element:                                        "com.google.inject.internal.Element"
FactoryProxy:                                   "com.google.inject.internal.FactoryProxy"
GlobalSystemConnector:                          "io.trino.connector.system.GlobalSystemConnector"
Guice:                                          "com.google.inject.Guice"
GuiceMBeanExporter:                             "org.weakref.jmx.guice.GuiceMBeanExporter"
GuiceMBeanExporter$$FastClassByGuice$$1155dd9:  "org.weakref.jmx.guice.GuiceMBeanExporter$$FastClassByGuice$$1155dd9"
HttpServer:                                     "io.airlift.http.server.HttpServer"
HttpServerProvider:                             "io.airlift.http.server.HttpServerProvider"
InjectorImpl:                                   "com.google.inject.internal.InjectorImpl"
InjectorImpl$1:                                 "com.google.inject.internal.InjectorImpl$1"
InternalFactoryToInitializableAdapter:          "com.google.inject.internal.InternalFactoryToInitializableAdapter"
InternalFactoryToProviderAdapter:               "com.google.inject.internal.InternalFactoryToProviderAdapter"
InternalInjectorCreator:                        "com.google.inject.internal.InternalInjectorCreator"
InternalProviderInstanceBindingImpl$Factory:    "com.google.inject.internal.InternalProviderInstanceBindingImpl$Factory"
InternalProviderInstanceBindingImpl$Factory$1:  "com.google.inject.internal.InternalProviderInstanceBindingImpl$Factory$1"
JaxrsResourceConfigProvider:                    "io.airlift.jaxrs.JaxrsResourceConfigProvider"
JaxrsServletProvider:                           "io.airlift.jaxrs.JaxrsServletProvider"
KillQueryProcedure:                             "io.trino.connector.system.KillQueryProcedure"
LifeCycleModule:                                "io.airlift.bootstrap.LifeCycleModule"
LocalDispatchQueryFactory:                      "io.trino.dispatcher.LocalDispatchQueryFactory"
LocalMemoryManager:                             "io.trino.memory.LocalMemoryManager"
LocalMemoryManager$$FastClassByGuice$$7900c4b:  "io.trino.memory.LocalMemoryManager$$FastClassByGuice$$7900c4b"
LocalMemoryManagerExporter:                     "io.trino.memory.LocalMemoryManagerExporter"
MBeanModule:                                    "org.weakref.jmx.guice.MBeanModule"
MemoryResource:                                 "io.trino.memory.MemoryResource"
MemoryRevokingScheduler:                        "io.trino.execution.MemoryRevokingScheduler"
NodeStateManager:                               "io.trino.server.NodeStateManager"
Procedure:                                      "io.trino.spi.procedure.Procedure"
ProviderInternalFactory:                        "com.google.inject.internal.ProviderInternalFactory"
ProviderInternalFactory$1:                      "com.google.inject.internal.ProviderInternalFactory$1"
ProviderToInternalFactoryAdapter:               "com.google.inject.internal.ProviderToInternalFactoryAdapter"
ProvisionListenerStackCallback:                 "com.google.inject.internal.ProvisionListenerStackCallback"
ProvisionListenerStackCallback$Provision:       "com.google.inject.internal.ProvisionListenerStackCallback$Provision"
QueryExecution$QueryExecutionFactory:           "io.trino.execution.QueryExecution$QueryExecutionFactory"
QueryExecutionFactoryModule:                    "io.trino.server.QueryExecutionFactoryModule"
QueryResource:                                  "io.trino.server.QueryResource"
QuerySystemTable:                               "io.trino.connector.system.QuerySystemTable"
QueuedStatementResource:                        "io.trino.dispatcher.QueuedStatementResource"
RealMapBinder$ExtensionRealMapProvider:         "com.google.inject.internal.RealMapBinder$ExtensionRealMapProvider"
RealMultibinder$RealMultibinderProvider:        "com.google.inject.internal.RealMultibinder$RealMultibinderProvider"
RealOptionalBinder$JavaOptionalProvider:        "com.google.inject.internal.RealOptionalBinder$JavaOptionalProvider"
ResourceConfig:                                 "org.glassfish.jersey.server.ResourceConfig"
Server:                                         "io.trino.server.Server"
ServerInfoResource:                             "io.trino.server.ServerInfoResource"
ServerMainModule:                               "io.trino.server.ServerMainModule"
Servlet:                                        "jakarta.servlet.Servlet"
SingleParameterInjector:                        "com.google.inject.internal.SingleParameterInjector"
SingletonScope$1:                               "com.google.inject.internal.SingletonScope$1"
SqlQueryExecution$SqlQueryExecutionFactory:     "io.trino.execution.SqlQueryExecution$SqlQueryExecutionFactory"
SqlTaskManager:                                 "io.trino.execution.SqlTaskManager"
Statement:                                      "io.trino.sql.tree.Statement"
StaticCatalogManagerModule:                     "io.trino.connector.StaticCatalogManagerModule"
StaticCatalogManagerModule$LazyRegister:        "io.trino.connector.StaticCatalogManagerModule$LazyRegister"
StatusResource:                                 "io.trino.server.StatusResource"
SystemConnectorModule:                          "io.trino.connector.system.SystemConnectorModule"
SystemTable:                                    "io.trino.spi.connector.SystemTable"
TaskResource:                                   "io.trino.server.TaskResource"
TaskSystemTable:                                "io.trino.connector.system.TaskSystemTable"
TrinoServer:                                    "io.trino.server.TrinoServer"
UiQueryResource:                                "io.trino.server.ui.UiQueryResource"
WebUiModule:                                    "io.trino.server.ui.WebUiModule"
WorkerResource:                                 "io.trino.server.ui.WorkerResource"
========================
End of classname legend:
========================

	at com.google.inject.internal.Errors.throwCreationExceptionIfErrorsExist(Errors.java:589)
	at com.google.inject.internal.InternalInjectorCreator.injectDynamically(InternalInjectorCreator.java:190)
	at com.google.inject.internal.InternalInjectorCreator.build(InternalInjectorCreator.java:113)
	at com.google.inject.Guice.createInjector(Guice.java:87)
	at io.airlift.bootstrap.Bootstrap.initialize(Bootstrap.java:366)
	at io.trino.server.Server.doStart(Server.java:124)
	at io.trino.server.Server.lambda$start$0(Server.java:79)
	at io.trino.$gen.Trino_479____20260507_184053_1.run(Unknown Source)
	at io.trino.server.Server.start(Server.java:79)
	at io.trino.server.TrinoServer.main(TrinoServer.java:37)


