engine,query_name,run_type,run_number,query_id,status,wall_time_seconds,engine_internal_time,throughput_qps,peak_memory_bytes,spill_bytes,cpu_time_millis,result_hash,row_count,error_message
spark,query1,warmup,0,spark-ca3dc3bfdcfe45e49ccc790228286302-query1-warmup-1,success,12.074,,0.082823,2941857792,0,13602,65d5325a8b8985a358cda6ade2e6b246,100,
spark,query1,measured,1,spark-ca3dc3bfdcfe45e49ccc790228286302-query1-run-1,success,2.666,,0.375094,3016581120,0,3879,65d5325a8b8985a358cda6ade2e6b246,100,
spark,query1,measured,2,spark-ca3dc3bfdcfe45e49ccc790228286302-query1-run-2,success,2.357,,0.424268,3044208640,0,3320,65d5325a8b8985a358cda6ade2e6b246,100,
spark,query1,measured,3,spark-ca3dc3bfdcfe45e49ccc790228286302-query1-run-3,success,2.016,,0.496032,3218509824,0,3049,65d5325a8b8985a358cda6ade2e6b246,100,
spark,query2,warmup,0,spark-ca3dc3bfdcfe45e49ccc790228286302-query2-warmup-1,success,4.096,,0.244141,3433279488,0,7286,78fa235c3a880bc39a12ac510d0591dc,2513,
spark,query2,measured,1,spark-ca3dc3bfdcfe45e49ccc790228286302-query2-run-1,success,2.778,,0.359971,3556880384,0,5574,78fa235c3a880bc39a12ac510d0591dc,2513,
spark,query2,measured,2,spark-ca3dc3bfdcfe45e49ccc790228286302-query2-run-2,success,2.7,,0.37037,3582881792,0,5600,78fa235c3a880bc39a12ac510d0591dc,2513,
spark,query2,measured,3,spark-ca3dc3bfdcfe45e49ccc790228286302-query2-run-3,success,2.371,,0.421763,3591618560,0,5049,78fa235c3a880bc39a12ac510d0591dc,2513,
spark,query3,warmup,0,spark-ca3dc3bfdcfe45e49ccc790228286302-query3-warmup-1,success,3.861,,0.259,3610488832,0,8665,71bf7df9636308612076a672bd3d87cc,100,
spark,query3,measured,1,spark-ca3dc3bfdcfe45e49ccc790228286302-query3-run-1,success,2.121,,0.471476,3626020864,0,4148,71bf7df9636308612076a672bd3d87cc,100,
spark,query3,measured,2,spark-ca3dc3bfdcfe45e49ccc790228286302-query3-run-2,success,1.68,,0.595238,3640262656,0,3413,71bf7df9636308612076a672bd3d87cc,100,
spark,query3,measured,3,spark-ca3dc3bfdcfe45e49ccc790228286302-query3-run-3,success,1.536,,0.651042,3652956160,0,3360,71bf7df9636308612076a672bd3d87cc,100,
spark,query4,warmup,0,spark-ca3dc3bfdcfe45e49ccc790228286302-query4-warmup-1,success,42.024,,0.023796,3935641600,0,126639,0e9aa4da830bf00da9cb753195c6a757,100,
spark,query4,measured,1,spark-ca3dc3bfdcfe45e49ccc790228286302-query4-run-1,success,49.743,,0.020103,3960590336,0,140366,0e9aa4da830bf00da9cb753195c6a757,100,
spark,query4,measured,2,spark-ca3dc3bfdcfe45e49ccc790228286302-query4-run-2,success,33.889,,0.029508,3977347072,0,113344,0e9aa4da830bf00da9cb753195c6a757,100,
spark,query4,measured,3,spark-ca3dc3bfdcfe45e49ccc790228286302-query4-run-3,success,33.331,,0.030002,4000669696,0,110759,0e9aa4da830bf00da9cb753195c6a757,100,
spark,query5,warmup,0,spark-ca3dc3bfdcfe45e49ccc790228286302-query5-warmup-1,success,13.31,,0.075131,4009619456,0,36330,9748ab8f5dee43b7d779449ebeef7084,100,
spark,query5,measured,1,spark-ca3dc3bfdcfe45e49ccc790228286302-query5-run-1,success,7.787,,0.128419,4148228096,0,23574,9748ab8f5dee43b7d779449ebeef7084,100,
spark,query5,measured,2,spark-ca3dc3bfdcfe45e49ccc790228286302-query5-run-2,success,7.502,,0.133298,4247543808,0,22632,9748ab8f5dee43b7d779449ebeef7084,100,
spark,query5,measured,3,spark-ca3dc3bfdcfe45e49ccc790228286302-query5-run-3,success,7.164,,0.139587,4254269440,0,22174,9748ab8f5dee43b7d779449ebeef7084,100,
spark,query6,warmup,0,spark-ca3dc3bfdcfe45e49ccc790228286302-query6-warmup-1,success,6.79,,0.147275,4262412288,0,18874,3f92fa1571910c6254b9823a34467074,51,
spark,query6,measured,1,spark-ca3dc3bfdcfe45e49ccc790228286302-query6-run-1,success,5.237,,0.190949,4269596672,0,15072,3f92fa1571910c6254b9823a34467074,51,
spark,query6,measured,2,spark-ca3dc3bfdcfe45e49ccc790228286302-query6-run-2,success,5.665,,0.176523,4271546368,0,15002,3f92fa1571910c6254b9823a34467074,51,
spark,query6,measured,3,spark-ca3dc3bfdcfe45e49ccc790228286302-query6-run-3,success,5.315,,0.188147,4274802688,0,15156,3f92fa1571910c6254b9823a34467074,51,
spark,query7,warmup,0,spark-ca3dc3bfdcfe45e49ccc790228286302-query7-warmup-1,success,14.154,,0.070651,4276879360,0,35806,16df09ffbdf8afa2543828e577e84836,100,
spark,query7,measured,1,spark-ca3dc3bfdcfe45e49ccc790228286302-query7-run-1,success,11.49,,0.087032,4276318208,0,31549,16df09ffbdf8afa2543828e577e84836,100,
spark,query7,measured,2,spark-ca3dc3bfdcfe45e49ccc790228286302-query7-run-2,success,11.904,,0.084005,4267397120,0,30198,16df09ffbdf8afa2543828e577e84836,100,
spark,query7,measured,3,spark-ca3dc3bfdcfe45e49ccc790228286302-query7-run-3,success,13.856,,0.072171,4276142080,0,31171,16df09ffbdf8afa2543828e577e84836,100,
spark,query8,warmup,0,spark-ca3dc3bfdcfe45e49ccc790228286302-query8-warmup-1,success,3.024,,0.330688,4295299072,0,6697,,0,
spark,query8,measured,1,spark-ca3dc3bfdcfe45e49ccc790228286302-query8-run-1,success,1.26,,0.793651,4317888512,0,2314,,0,
spark,query8,measured,2,spark-ca3dc3bfdcfe45e49ccc790228286302-query8-run-2,success,1.324,,0.755287,4318916608,0,2262,,0,
spark,query8,measured,3,spark-ca3dc3bfdcfe45e49ccc790228286302-query8-run-3,success,1.232,,0.811688,4318892032,0,2237,,0,
spark,query9,warmup,0,spark-ca3dc3bfdcfe45e49ccc790228286302-query9-warmup-1,success,7.865,,0.127146,4327768064,0,21651,480cbc7e9bc874aaf8f2f2b34872d6b6,1,
spark,query9,measured,1,spark-ca3dc3bfdcfe45e49ccc790228286302-query9-run-1,success,6.408,,0.156055,4335722496,0,18227,480cbc7e9bc874aaf8f2f2b34872d6b6,1,
spark,query9,measured,2,spark-ca3dc3bfdcfe45e49ccc790228286302-query9-run-2,success,6.279,,0.159261,4351754240,0,17950,480cbc7e9bc874aaf8f2f2b34872d6b6,1,
spark,query9,measured,3,spark-ca3dc3bfdcfe45e49ccc790228286302-query9-run-3,success,6.486,,0.154178,4366655488,0,18120,480cbc7e9bc874aaf8f2f2b34872d6b6,1,
spark,query10,warmup,0,spark-ca3dc3bfdcfe45e49ccc790228286302-query10-warmup-1,success,10.706,,0.093406,4373348352,0,29429,9e50e4baecbc67aa208be69b5ddf74d7,55,
spark,query10,measured,1,spark-ca3dc3bfdcfe45e49ccc790228286302-query10-run-1,success,10.279,,0.097286,4357255168,0,28472,9e50e4baecbc67aa208be69b5ddf74d7,55,
spark,query10,measured,2,spark-ca3dc3bfdcfe45e49ccc790228286302-query10-run-2,success,9.157,,0.109206,4368904192,0,27739,9e50e4baecbc67aa208be69b5ddf74d7,55,
spark,query10,measured,3,spark-ca3dc3bfdcfe45e49ccc790228286302-query10-run-3,success,9.263,,0.107956,4356022272,0,27384,9e50e4baecbc67aa208be69b5ddf74d7,55,
spark,query11,warmup,0,spark-ca3dc3bfdcfe45e49ccc790228286302-query11-warmup-1,success,23.426,,0.042688,4369969152,0,65761,b478a7732536658eaffb57f4fcf17896,100,
spark,query11,measured,1,spark-ca3dc3bfdcfe45e49ccc790228286302-query11-run-1,success,17.699,,0.0565,4362473472,0,54666,b478a7732536658eaffb57f4fcf17896,100,
spark,query11,measured,2,spark-ca3dc3bfdcfe45e49ccc790228286302-query11-run-2,success,16.939,,0.059035,4347617280,0,53395,b478a7732536658eaffb57f4fcf17896,100,
spark,query11,measured,3,spark-ca3dc3bfdcfe45e49ccc790228286302-query11-run-3,success,18.054,,0.055389,4347953152,0,54753,b478a7732536658eaffb57f4fcf17896,100,
spark,query12,warmup,0,spark-ca3dc3bfdcfe45e49ccc790228286302-query12-warmup-1,success,1.439,,0.694927,4348489728,0,1548,7b2e890ed910cf499549c6d114b89363,100,
spark,query12,measured,1,spark-ca3dc3bfdcfe45e49ccc790228286302-query12-run-1,success,1.1,,0.909091,4349222912,0,1332,7b2e890ed910cf499549c6d114b89363,100,
spark,query12,measured,2,spark-ca3dc3bfdcfe45e49ccc790228286302-query12-run-2,success,0.787,,1.270648,4349538304,0,783,7b2e890ed910cf499549c6d114b89363,100,
spark,query12,measured,3,spark-ca3dc3bfdcfe45e49ccc790228286302-query12-run-3,success,0.83,,1.204819,4350210048,0,816,7b2e890ed910cf499549c6d114b89363,100,
spark,query13,warmup,0,spark-ca3dc3bfdcfe45e49ccc790228286302-query13-warmup-1,success,4.929,,0.202881,4351160320,0,12065,0d13b64d7d1a065524808fb8d368451f,1,
spark,query13,measured,1,spark-ca3dc3bfdcfe45e49ccc790228286302-query13-run-1,success,3.329,,0.300391,4361302016,0,7911,0d13b64d7d1a065524808fb8d368451f,1,
spark,query13,measured,2,spark-ca3dc3bfdcfe45e49ccc790228286302-query13-run-2,success,2.796,,0.357654,4374278144,0,7358,0d13b64d7d1a065524808fb8d368451f,1,
spark,query13,measured,3,spark-ca3dc3bfdcfe45e49ccc790228286302-query13-run-3,success,2.98,,0.33557,4374941696,0,7449,0d13b64d7d1a065524808fb8d368451f,1,
spark,query14,warmup,0,spark-ca3dc3bfdcfe45e49ccc790228286302-query14-warmup-1,success,30.876,,0.032388,4721274880,0,87044,835c376978d23a2f15966a129091f750,100,
spark,query14,measured,1,spark-ca3dc3bfdcfe45e49ccc790228286302-query14-run-1,success,27.239,,0.036712,5126316032,0,69455,835c376978d23a2f15966a129091f750,100,
spark,query14,measured,2,spark-ca3dc3bfdcfe45e49ccc790228286302-query14-run-2,success,24.595,,0.040659,5269278720,0,66875,835c376978d23a2f15966a129091f750,100,
spark,query14,measured,3,spark-ca3dc3bfdcfe45e49ccc790228286302-query14-run-3,success,27.791,,0.035983,5272449024,0,67329,835c376978d23a2f15966a129091f750,100,
spark,query15,warmup,0,spark-ca3dc3bfdcfe45e49ccc790228286302-query15-warmup-1,success,2.466,,0.405515,5273284608,0,5812,84d5ca5d8f75478a841be303c4da91c6,100,
spark,query15,measured,1,spark-ca3dc3bfdcfe45e49ccc790228286302-query15-run-1,success,2.511,,0.398248,5273325568,0,5799,84d5ca5d8f75478a841be303c4da91c6,100,
spark,query15,measured,2,spark-ca3dc3bfdcfe45e49ccc790228286302-query15-run-2,success,1.764,,0.566893,5272866816,0,3856,84d5ca5d8f75478a841be303c4da91c6,100,
spark,query15,measured,3,spark-ca3dc3bfdcfe45e49ccc790228286302-query15-run-3,success,1.874,,0.533618,5273587712,0,4300,84d5ca5d8f75478a841be303c4da91c6,100,
spark,query16,warmup,0,spark-ca3dc3bfdcfe45e49ccc790228286302-query16-warmup-1,success,23.026,,0.043429,5274890240,0,48975,84dc86278ef6ef69632eb36fe2404a4b,1,
spark,query16,measured,1,spark-ca3dc3bfdcfe45e49ccc790228286302-query16-run-1,success,15.463,,0.064671,5262712832,0,33450,84dc86278ef6ef69632eb36fe2404a4b,1,
spark,query16,measured,2,spark-ca3dc3bfdcfe45e49ccc790228286302-query16-run-2,success,15.254,,0.065557,5262770176,0,32582,84dc86278ef6ef69632eb36fe2404a4b,1,
spark,query16,measured,3,spark-ca3dc3bfdcfe45e49ccc790228286302-query16-run-3,success,12.79,,0.078186,5252083712,0,31971,84dc86278ef6ef69632eb36fe2404a4b,1,
spark,query17,warmup,0,spark-ca3dc3bfdcfe45e49ccc790228286302-query17-warmup-1,success,35.162,,0.02844,5262069760,0,86574,,0,
spark,query17,measured,1,spark-ca3dc3bfdcfe45e49ccc790228286302-query17-run-1,success,31.231,,0.032019,5255241728,0,85779,,0,
spark,query17,measured,2,spark-ca3dc3bfdcfe45e49ccc790228286302-query17-run-2,success,35.507,,0.028163,5245747200,0,91544,,0,
spark,query17,measured,3,spark-ca3dc3bfdcfe45e49ccc790228286302-query17-run-3,success,34.313,,0.029143,5256650752,0,87967,,0,
spark,query18,warmup,0,spark-ca3dc3bfdcfe45e49ccc790228286302-query18-warmup-1,success,14.348,,0.069696,5256687616,0,27225,e57dc4df0b1c5966336c7c64891d9681,100,
spark,query18,measured,1,spark-ca3dc3bfdcfe45e49ccc790228286302-query18-run-1,success,12.486,,0.08009,5258993664,0,23755,e57dc4df0b1c5966336c7c64891d9681,100,
spark,query18,measured,2,spark-ca3dc3bfdcfe45e49ccc790228286302-query18-run-2,success,9.256,,0.108038,5252055040,0,22489,e57dc4df0b1c5966336c7c64891d9681,100,
spark,query18,measured,3,spark-ca3dc3bfdcfe45e49ccc790228286302-query18-run-3,success,13.132,,0.07615,5256806400,0,21489,e57dc4df0b1c5966336c7c64891d9681,100,
spark,query19,warmup,0,spark-ca3dc3bfdcfe45e49ccc790228286302-query19-warmup-1,success,3.567,,0.280348,5257043968,0,8132,23a79ba79d2b909c19232f55ecd981e6,100,
spark,query19,measured,1,spark-ca3dc3bfdcfe45e49ccc790228286302-query19-run-1,success,1.734,,0.576701,5257793536,0,4025,23a79ba79d2b909c19232f55ecd981e6,100,
spark,query19,measured,2,spark-ca3dc3bfdcfe45e49ccc790228286302-query19-run-2,success,1.659,,0.602773,5258977280,0,4021,23a79ba79d2b909c19232f55ecd981e6,100,
spark,query19,measured,3,spark-ca3dc3bfdcfe45e49ccc790228286302-query19-run-3,success,4.268,,0.234302,5259976704,0,8445,23a79ba79d2b909c19232f55ecd981e6,100,
spark,query20,warmup,0,spark-ca3dc3bfdcfe45e49ccc790228286302-query20-warmup-1,success,1.453,,0.688231,5260087296,0,2171,bccf14bc80c08a8edb336822fd8adccb,100,
spark,query20,measured,1,spark-ca3dc3bfdcfe45e49ccc790228286302-query20-run-1,success,0.991,,1.009082,5260455936,0,1307,bccf14bc80c08a8edb336822fd8adccb,100,
spark,query20,measured,2,spark-ca3dc3bfdcfe45e49ccc790228286302-query20-run-2,success,0.835,,1.197605,5260206080,0,1277,bccf14bc80c08a8edb336822fd8adccb,100,
spark,query20,measured,3,spark-ca3dc3bfdcfe45e49ccc790228286302-query20-run-3,success,0.799,,1.251564,5260333056,0,1195,bccf14bc80c08a8edb336822fd8adccb,100,
spark,query21,warmup,0,spark-ca3dc3bfdcfe45e49ccc790228286302-query21-warmup-1,success,4.469,,0.223764,5261623296,0,10553,36b89d2ab5cafdc68ffeba3d4fd13240,100,
spark,query21,measured,1,spark-ca3dc3bfdcfe45e49ccc790228286302-query21-run-1,success,3.323,,0.300933,5251493888,0,8352,36b89d2ab5cafdc68ffeba3d4fd13240,100,
spark,query21,measured,2,spark-ca3dc3bfdcfe45e49ccc790228286302-query21-run-2,success,3.157,,0.316756,5252915200,0,8272,36b89d2ab5cafdc68ffeba3d4fd13240,100,
spark,query21,measured,3,spark-ca3dc3bfdcfe45e49ccc790228286302-query21-run-3,success,3.178,,0.314663,5253201920,0,8007,36b89d2ab5cafdc68ffeba3d4fd13240,100,
spark,query22,warmup,0,spark-ca3dc3bfdcfe45e49ccc790228286302-query22-warmup-1,success,14.91,,0.067069,5252988928,0,41275,2be42365f35e183c64469b136962bde1,100,
spark,query22,measured,1,spark-ca3dc3bfdcfe45e49ccc790228286302-query22-run-1,success,13.785,,0.072543,5253156864,0,37666,2be42365f35e183c64469b136962bde1,100,
spark,query22,measured,2,spark-ca3dc3bfdcfe45e49ccc790228286302-query22-run-2,success,13.517,,0.073981,5254078464,0,37301,2be42365f35e183c64469b136962bde1,100,
spark,query22,measured,3,spark-ca3dc3bfdcfe45e49ccc790228286302-query22-run-3,success,13.554,,0.073779,5251551232,0,37253,2be42365f35e183c64469b136962bde1,100,
spark,query23,warmup,0,spark-ca3dc3bfdcfe45e49ccc790228286302-query23-warmup-1,success,46.6,,0.021459,5251006464,0,111440,4e2100e62e35a2557e26f250d2fed849,1,
spark,query23,measured,1,spark-ca3dc3bfdcfe45e49ccc790228286302-query23-run-1,success,40.992,,0.024395,5247799296,0,108854,4e2100e62e35a2557e26f250d2fed849,1,
spark,query23,measured,2,spark-ca3dc3bfdcfe45e49ccc790228286302-query23-run-2,success,44.927,,0.022258,5239013376,0,109010,4e2100e62e35a2557e26f250d2fed849,1,
spark,query23,measured,3,spark-ca3dc3bfdcfe45e49ccc790228286302-query23-run-3,success,44.722,,0.02236,5238943744,0,105925,4e2100e62e35a2557e26f250d2fed849,1,
spark,query24,warmup,0,spark-ca3dc3bfdcfe45e49ccc790228286302-query24-warmup-1,success,16.826,,0.059432,5237293056,0,40875,,0,
spark,query24,measured,1,spark-ca3dc3bfdcfe45e49ccc790228286302-query24-run-1,success,19.502,,0.051277,5238906880,0,35126,,0,
spark,query24,measured,2,spark-ca3dc3bfdcfe45e49ccc790228286302-query24-run-2,success,15.364,,0.065087,5236326400,0,34485,,0,
spark,query24,measured,3,spark-ca3dc3bfdcfe45e49ccc790228286302-query24-run-3,success,20.624,,0.048487,5236228096,0,34322,,0,
spark,query25,warmup,0,spark-ca3dc3bfdcfe45e49ccc790228286302-query25-warmup-1,success,31.188,,0.032064,5242994688,0,82739,616337113133e33dda435740510e1723,1,
spark,query25,measured,1,spark-ca3dc3bfdcfe45e49ccc790228286302-query25-run-1,success,30.209,,0.033103,5242769408,0,81648,616337113133e33dda435740510e1723,1,
spark,query25,measured,2,spark-ca3dc3bfdcfe45e49ccc790228286302-query25-run-2,success,32.452,,0.030815,5237870592,0,81673,616337113133e33dda435740510e1723,1,
spark,query25,measured,3,spark-ca3dc3bfdcfe45e49ccc790228286302-query25-run-3,success,32.264,,0.030994,5238013952,0,81483,616337113133e33dda435740510e1723,1,
spark,query26,warmup,0,spark-ca3dc3bfdcfe45e49ccc790228286302-query26-warmup-1,success,12.597,,0.079384,5231710208,0,18595,fee19c03b2a800b4cff8beeac8a662b8,100,
spark,query26,measured,1,spark-ca3dc3bfdcfe45e49ccc790228286302-query26-run-1,success,10.021,,0.09979,5225357312,0,15846,fee19c03b2a800b4cff8beeac8a662b8,100,
spark,query26,measured,2,spark-ca3dc3bfdcfe45e49ccc790228286302-query26-run-2,success,8.43,,0.118624,5233725440,0,14860,fee19c03b2a800b4cff8beeac8a662b8,100,
spark,query26,measured,3,spark-ca3dc3bfdcfe45e49ccc790228286302-query26-run-3,success,9.575,,0.104439,5234503680,0,15585,fee19c03b2a800b4cff8beeac8a662b8,100,
spark,query27,warmup,0,spark-ca3dc3bfdcfe45e49ccc790228286302-query27-warmup-1,success,19.981,,0.050048,5234515968,0,39185,032e1613032186b1bd47b91159b2268b,100,
spark,query27,measured,1,spark-ca3dc3bfdcfe45e49ccc790228286302-query27-run-1,success,15.041,,0.066485,5234843648,0,29646,032e1613032186b1bd47b91159b2268b,100,
spark,query27,measured,2,spark-ca3dc3bfdcfe45e49ccc790228286302-query27-run-2,success,14.569,,0.068639,5235249152,0,29535,032e1613032186b1bd47b91159b2268b,100,
spark,query27,measured,3,spark-ca3dc3bfdcfe45e49ccc790228286302-query27-run-3,success,17.475,,0.057225,5232168960,0,28712,032e1613032186b1bd47b91159b2268b,100,
spark,query28,warmup,0,spark-ca3dc3bfdcfe45e49ccc790228286302-query28-warmup-1,success,10.464,,0.095566,5238538240,0,27317,d72e0adfc7d128575f7db92b98b9c215,1,
spark,query28,measured,1,spark-ca3dc3bfdcfe45e49ccc790228286302-query28-run-1,success,7.397,,0.13519,5238775808,0,22810,d72e0adfc7d128575f7db92b98b9c215,1,
spark,query28,measured,2,spark-ca3dc3bfdcfe45e49ccc790228286302-query28-run-2,success,7.141,,0.140036,5233606656,0,22628,d72e0adfc7d128575f7db92b98b9c215,1,
spark,query28,measured,3,spark-ca3dc3bfdcfe45e49ccc790228286302-query28-run-3,success,7.468,,0.133905,5234135040,0,22701,d72e0adfc7d128575f7db92b98b9c215,1,
spark,query29,warmup,0,spark-ca3dc3bfdcfe45e49ccc790228286302-query29-warmup-1,success,32.307,,0.030953,5233926144,0,77166,2dc4ae0f6fc9dd0ea4b731d506baa9bd,2,
spark,query29,measured,1,spark-ca3dc3bfdcfe45e49ccc790228286302-query29-run-1,success,27.221,,0.036736,5225963520,0,76722,2dc4ae0f6fc9dd0ea4b731d506baa9bd,2,
spark,query29,measured,2,spark-ca3dc3bfdcfe45e49ccc790228286302-query29-run-2,success,31.337,,0.031911,5219430400,0,77806,2dc4ae0f6fc9dd0ea4b731d506baa9bd,2,
spark,query29,measured,3,spark-ca3dc3bfdcfe45e49ccc790228286302-query29-run-3,success,27.632,,0.03619,5223280640,0,76315,2dc4ae0f6fc9dd0ea4b731d506baa9bd,2,
spark,query30,warmup,0,spark-ca3dc3bfdcfe45e49ccc790228286302-query30-warmup-1,success,1.656,,0.603865,5225668608,0,3332,7dab6dec267386d8e2b13c22cd1a1f82,100,
spark,query30,measured,1,spark-ca3dc3bfdcfe45e49ccc790228286302-query30-run-1,success,1.82,,0.549451,5226979328,0,3448,7dab6dec267386d8e2b13c22cd1a1f82,100,
spark,query30,measured,2,spark-ca3dc3bfdcfe45e49ccc790228286302-query30-run-2,success,1.523,,0.656599,5228322816,0,2855,7dab6dec267386d8e2b13c22cd1a1f82,100,
spark,query30,measured,3,spark-ca3dc3bfdcfe45e49ccc790228286302-query30-run-3,success,1.717,,0.582411,5228830720,0,2639,7dab6dec267386d8e2b13c22cd1a1f82,100,
spark,query31,warmup,0,spark-ca3dc3bfdcfe45e49ccc790228286302-query31-warmup-1,success,7.918,,0.126295,5230485504,0,20536,c86f4f55e5d08df82d5beb7b045e2070,224,
spark,query31,measured,1,spark-ca3dc3bfdcfe45e49ccc790228286302-query31-run-1,success,3.995,,0.250313,5231816704,0,10313,c86f4f55e5d08df82d5beb7b045e2070,224,
spark,query31,measured,2,spark-ca3dc3bfdcfe45e49ccc790228286302-query31-run-2,success,3.374,,0.296384,5232545792,0,9519,c86f4f55e5d08df82d5beb7b045e2070,224,
spark,query31,measured,3,spark-ca3dc3bfdcfe45e49ccc790228286302-query31-run-3,success,3.531,,0.283206,5233618944,0,9502,c86f4f55e5d08df82d5beb7b045e2070,224,
spark,query32,warmup,0,spark-ca3dc3bfdcfe45e49ccc790228286302-query32-warmup-1,success,1.853,,0.539665,5233565696,0,4510,9e0fc76f8ffc79fcca4f7c64d2996bdf,1,
spark,query32,measured,1,spark-ca3dc3bfdcfe45e49ccc790228286302-query32-run-1,success,0.865,,1.156069,5233868800,0,1983,9e0fc76f8ffc79fcca4f7c64d2996bdf,1,
spark,query32,measured,2,spark-ca3dc3bfdcfe45e49ccc790228286302-query32-run-2,success,0.789,,1.267427,5235126272,0,1915,9e0fc76f8ffc79fcca4f7c64d2996bdf,1,
spark,query32,measured,3,spark-ca3dc3bfdcfe45e49ccc790228286302-query32-run-3,success,0.889,,1.124859,5235232768,0,1923,9e0fc76f8ffc79fcca4f7c64d2996bdf,1,
spark,query33,warmup,0,spark-ca3dc3bfdcfe45e49ccc790228286302-query33-warmup-1,success,4.196,,0.238322,5236002816,0,10068,4f655880a94591b3420a148f16c03dd3,100,
spark,query33,measured,1,spark-ca3dc3bfdcfe45e49ccc790228286302-query33-run-1,success,2.177,,0.459348,5236903936,0,5441,4f655880a94591b3420a148f16c03dd3,100,
spark,query33,measured,2,spark-ca3dc3bfdcfe45e49ccc790228286302-query33-run-2,success,1.947,,0.513611,5237035008,0,5199,4f655880a94591b3420a148f16c03dd3,100,
spark,query33,measured,3,spark-ca3dc3bfdcfe45e49ccc790228286302-query33-run-3,success,1.94,,0.515464,5237440512,0,5066,4f655880a94591b3420a148f16c03dd3,100,
spark,query34,warmup,0,spark-ca3dc3bfdcfe45e49ccc790228286302-query34-warmup-1,success,2.359,,0.423908,5238276096,0,5641,4cc1e73b78b1fd441302bd540cea9dab,1123,
spark,query34,measured,1,spark-ca3dc3bfdcfe45e49ccc790228286302-query34-run-1,success,2.105,,0.475059,5239234560,0,4603,4cc1e73b78b1fd441302bd540cea9dab,1123,
spark,query34,measured,2,spark-ca3dc3bfdcfe45e49ccc790228286302-query34-run-2,success,1.701,,0.587889,5239660544,0,4320,4cc1e73b78b1fd441302bd540cea9dab,1123,
spark,query34,measured,3,spark-ca3dc3bfdcfe45e49ccc790228286302-query34-run-3,success,1.649,,0.606428,5240610816,0,4283,4cc1e73b78b1fd441302bd540cea9dab,1123,
spark,query35,warmup,0,spark-ca3dc3bfdcfe45e49ccc790228286302-query35-warmup-1,success,11.31,,0.088417,5240901632,0,32209,7b56faf13dadc01a83ca79fc136053a0,100,
spark,query35,measured,1,spark-ca3dc3bfdcfe45e49ccc790228286302-query35-run-1,success,10.291,,0.097172,5239361536,0,30088,7b56faf13dadc01a83ca79fc136053a0,100,
spark,query35,measured,2,spark-ca3dc3bfdcfe45e49ccc790228286302-query35-run-2,success,9.369,,0.106735,5238034432,0,29121,7b56faf13dadc01a83ca79fc136053a0,100,
spark,query35,measured,3,spark-ca3dc3bfdcfe45e49ccc790228286302-query35-run-3,success,9.61,,0.104058,5236776960,0,28698,7b56faf13dadc01a83ca79fc136053a0,100,
spark,query36,warmup,0,spark-ca3dc3bfdcfe45e49ccc790228286302-query36-warmup-1,success,3.975,,0.251572,5233942528,0,10494,bbe1f8b5405a5cc876cd26a45d5d8301,100,
spark,query36,measured,1,spark-ca3dc3bfdcfe45e49ccc790228286302-query36-run-1,success,2.529,,0.395413,5234540544,0,6192,bbe1f8b5405a5cc876cd26a45d5d8301,100,
spark,query36,measured,2,spark-ca3dc3bfdcfe45e49ccc790228286302-query36-run-2,success,2.327,,0.429738,5233963008,0,6176,bbe1f8b5405a5cc876cd26a45d5d8301,100,
spark,query36,measured,3,spark-ca3dc3bfdcfe45e49ccc790228286302-query36-run-3,success,2.242,,0.44603,5234216960,0,6091,bbe1f8b5405a5cc876cd26a45d5d8301,100,
spark,query37,warmup,0,spark-ca3dc3bfdcfe45e49ccc790228286302-query37-warmup-1,success,4.739,,0.211015,5233790976,0,10883,ffe59b0b76620e5f5e5d3e07f3c16dc4,1,
spark,query37,measured,1,spark-ca3dc3bfdcfe45e49ccc790228286302-query37-run-1,success,3.815,,0.262123,5233299456,0,9854,ffe59b0b76620e5f5e5d3e07f3c16dc4,1,
spark,query37,measured,2,spark-ca3dc3bfdcfe45e49ccc790228286302-query37-run-2,success,4.272,,0.234082,5233426432,0,10725,ffe59b0b76620e5f5e5d3e07f3c16dc4,1,
spark,query37,measured,3,spark-ca3dc3bfdcfe45e49ccc790228286302-query37-run-3,success,4.364,,0.229148,5233647616,0,10729,ffe59b0b76620e5f5e5d3e07f3c16dc4,1,
spark,query38,warmup,0,spark-ca3dc3bfdcfe45e49ccc790228286302-query38-warmup-1,success,6.687,,0.149544,5233152000,0,18886,26f556438cbdf0f9d213e28f0ec50014,1,
spark,query38,measured,1,spark-ca3dc3bfdcfe45e49ccc790228286302-query38-run-1,success,4.995,,0.2002,5233913856,0,13769,26f556438cbdf0f9d213e28f0ec50014,1,
spark,query38,measured,2,spark-ca3dc3bfdcfe45e49ccc790228286302-query38-run-2,success,4.348,,0.229991,5233881088,0,13613,26f556438cbdf0f9d213e28f0ec50014,1,
spark,query38,measured,3,spark-ca3dc3bfdcfe45e49ccc790228286302-query38-run-3,success,4.443,,0.225073,5234167808,0,13490,26f556438cbdf0f9d213e28f0ec50014,1,
spark,query39,warmup,0,spark-ca3dc3bfdcfe45e49ccc790228286302-query39-warmup-1,success,8.488,,0.117813,5235531776,0,23503,fbd65254a4c1d0e1a3dac03601d237b2,631,
spark,query39,measured,1,spark-ca3dc3bfdcfe45e49ccc790228286302-query39-run-1,success,6.563,,0.152369,5276082176,0,19287,fbd65254a4c1d0e1a3dac03601d237b2,631,
spark,query39,measured,2,spark-ca3dc3bfdcfe45e49ccc790228286302-query39-run-2,success,6.143,,0.162787,3952070656,0,19081,fbd65254a4c1d0e1a3dac03601d237b2,631,
spark,query39,measured,3,spark-ca3dc3bfdcfe45e49ccc790228286302-query39-run-3,success,6.101,,0.163908,3951296512,0,19151,fbd65254a4c1d0e1a3dac03601d237b2,631,
spark,query40,warmup,0,spark-ca3dc3bfdcfe45e49ccc790228286302-query40-warmup-1,success,10.532,,0.094949,3952058368,0,26323,4f8b493bc0f4675aa01867141a227405,100,
spark,query40,measured,1,spark-ca3dc3bfdcfe45e49ccc790228286302-query40-run-1,success,10.656,,0.093844,3951857664,0,20244,4f8b493bc0f4675aa01867141a227405,100,
spark,query40,measured,2,spark-ca3dc3bfdcfe45e49ccc790228286302-query40-run-2,success,7.709,,0.129719,3952365568,0,19609,4f8b493bc0f4675aa01867141a227405,100,
spark,query40,measured,3,spark-ca3dc3bfdcfe45e49ccc790228286302-query40-run-3,success,9.808,,0.101958,3951529984,0,19501,4f8b493bc0f4675aa01867141a227405,100,
spark,query41,warmup,0,spark-ca3dc3bfdcfe45e49ccc790228286302-query41-warmup-1,success,0.358,,2.793296,3951026176,0,210,,0,
spark,query41,measured,1,spark-ca3dc3bfdcfe45e49ccc790228286302-query41-run-1,success,0.26,,3.846154,3951054848,0,132,,0,
spark,query41,measured,2,spark-ca3dc3bfdcfe45e49ccc790228286302-query41-run-2,success,0.219,,4.56621,3953283072,0,86,,0,
spark,query41,measured,3,spark-ca3dc3bfdcfe45e49ccc790228286302-query41-run-3,success,0.213,,4.694836,3953598464,0,85,,0,
spark,query42,warmup,0,spark-ca3dc3bfdcfe45e49ccc790228286302-query42-warmup-1,success,1.84,,0.543478,3953233920,0,5148,71c1a58463c35d0299dd5c267d58d292,10,
spark,query42,measured,1,spark-ca3dc3bfdcfe45e49ccc790228286302-query42-run-1,success,0.838,,1.193317,3953729536,0,2068,71c1a58463c35d0299dd5c267d58d292,10,
spark,query42,measured,2,spark-ca3dc3bfdcfe45e49ccc790228286302-query42-run-2,success,0.904,,1.106195,3952947200,0,2120,71c1a58463c35d0299dd5c267d58d292,10,
spark,query42,measured,3,spark-ca3dc3bfdcfe45e49ccc790228286302-query42-run-3,success,0.927,,1.078749,3953889280,0,2100,71c1a58463c35d0299dd5c267d58d292,10,
spark,query43,warmup,0,spark-ca3dc3bfdcfe45e49ccc790228286302-query43-warmup-1,success,2.465,,0.40568,3954761728,0,6273,851c5231af65b74d5c39b6d407cd7efd,26,
spark,query43,measured,1,spark-ca3dc3bfdcfe45e49ccc790228286302-query43-run-1,success,1.249,,0.800641,3954089984,0,3363,851c5231af65b74d5c39b6d407cd7efd,26,
spark,query43,measured,2,spark-ca3dc3bfdcfe45e49ccc790228286302-query43-run-2,success,1.222,,0.818331,3954188288,0,3272,851c5231af65b74d5c39b6d407cd7efd,26,
spark,query43,measured,3,spark-ca3dc3bfdcfe45e49ccc790228286302-query43-run-3,success,1.196,,0.83612,3954200576,0,3332,851c5231af65b74d5c39b6d407cd7efd,26,
spark,query44,warmup,0,spark-ca3dc3bfdcfe45e49ccc790228286302-query44-warmup-1,success,2.825,,0.353982,3954671616,0,6761,08da52dd5b35602352ad2cbd34cc5c4a,10,
spark,query44,measured,1,spark-ca3dc3bfdcfe45e49ccc790228286302-query44-run-1,success,1.843,,0.542594,3954900992,0,4536,08da52dd5b35602352ad2cbd34cc5c4a,10,
spark,query44,measured,2,spark-ca3dc3bfdcfe45e49ccc790228286302-query44-run-2,success,1.944,,0.514403,3956154368,0,4504,08da52dd5b35602352ad2cbd34cc5c4a,10,
spark,query44,measured,3,spark-ca3dc3bfdcfe45e49ccc790228286302-query44-run-3,success,1.651,,0.605694,3956428800,0,4347,08da52dd5b35602352ad2cbd34cc5c4a,10,
spark,query45,warmup,0,spark-ca3dc3bfdcfe45e49ccc790228286302-query45-warmup-1,success,1.626,,0.615006,3957137408,0,2297,5359e54451b778a5a52035beda93aba1,35,
spark,query45,measured,1,spark-ca3dc3bfdcfe45e49ccc790228286302-query45-run-1,success,1.333,,0.750188,4019298304,0,1680,5359e54451b778a5a52035beda93aba1,35,
spark,query45,measured,2,spark-ca3dc3bfdcfe45e49ccc790228286302-query45-run-2,success,0.914,,1.094092,4182179840,0,1050,5359e54451b778a5a52035beda93aba1,35,
spark,query45,measured,3,spark-ca3dc3bfdcfe45e49ccc790228286302-query45-run-3,success,0.909,,1.10011,4444327936,0,992,5359e54451b778a5a52035beda93aba1,35,
spark,query46,warmup,0,spark-ca3dc3bfdcfe45e49ccc790228286302-query46-warmup-1,success,4.027,,0.248324,4446949376,0,9839,5409805c2baf5b0b842658f261f796ea,100,
spark,query46,measured,1,spark-ca3dc3bfdcfe45e49ccc790228286302-query46-run-1,success,2.829,,0.353482,4451078144,0,7512,5409805c2baf5b0b842658f261f796ea,100,
spark,query46,measured,2,spark-ca3dc3bfdcfe45e49ccc790228286302-query46-run-2,success,2.756,,0.362845,4508737536,0,6580,5409805c2baf5b0b842658f261f796ea,100,
spark,query46,measured,3,spark-ca3dc3bfdcfe45e49ccc790228286302-query46-run-3,success,2.572,,0.388802,4095098880,0,6341,5409805c2baf5b0b842658f261f796ea,100,
spark,query47,warmup,0,spark-ca3dc3bfdcfe45e49ccc790228286302-query47-warmup-1,success,10.263,,0.097437,4097667072,0,27735,ab9e5ea812626febbe66f342dd5e8e64,100,
spark,query47,measured,1,spark-ca3dc3bfdcfe45e49ccc790228286302-query47-run-1,success,6.682,,0.149656,4098211840,0,18179,ab9e5ea812626febbe66f342dd5e8e64,100,
spark,query47,measured,2,spark-ca3dc3bfdcfe45e49ccc790228286302-query47-run-2,success,5.878,,0.170126,4304175104,0,17136,ab9e5ea812626febbe66f342dd5e8e64,100,
spark,query47,measured,3,spark-ca3dc3bfdcfe45e49ccc790228286302-query47-run-3,success,5.498,,0.181884,4550332416,0,16963,ab9e5ea812626febbe66f342dd5e8e64,100,
spark,query48,warmup,0,spark-ca3dc3bfdcfe45e49ccc790228286302-query48-warmup-1,success,5.53,,0.180832,4644483072,0,14385,9965743532f702ebdfd393c34a0a805a,1,
spark,query48,measured,1,spark-ca3dc3bfdcfe45e49ccc790228286302-query48-run-1,success,6.409,,0.156031,4648890368,0,12150,9965743532f702ebdfd393c34a0a805a,1,
spark,query48,measured,2,spark-ca3dc3bfdcfe45e49ccc790228286302-query48-run-2,success,6.17,,0.162075,4650893312,0,12729,9965743532f702ebdfd393c34a0a805a,1,
spark,query48,measured,3,spark-ca3dc3bfdcfe45e49ccc790228286302-query48-run-3,success,4.771,,0.2096,4653580288,0,12281,9965743532f702ebdfd393c34a0a805a,1,
spark,query49,warmup,0,spark-ca3dc3bfdcfe45e49ccc790228286302-query49-warmup-1,success,7.705,,0.129786,4662857728,0,19412,1d1ba12d1ede4622d004a9d42fefc0fb,39,
spark,query49,measured,1,spark-ca3dc3bfdcfe45e49ccc790228286302-query49-run-1,success,7.172,,0.139431,4664475648,0,16838,1d1ba12d1ede4622d004a9d42fefc0fb,39,
spark,query49,measured,2,spark-ca3dc3bfdcfe45e49ccc790228286302-query49-run-2,success,8.761,,0.114142,4740644864,0,17692,1d1ba12d1ede4622d004a9d42fefc0fb,39,
spark,query49,measured,3,spark-ca3dc3bfdcfe45e49ccc790228286302-query49-run-3,success,8.148,,0.12273,4740526080,0,16015,1d1ba12d1ede4622d004a9d42fefc0fb,39,
spark,query50,warmup,0,spark-ca3dc3bfdcfe45e49ccc790228286302-query50-warmup-1,success,16.018,,0.06243,4740726784,0,35336,e43ddd39d01d0123b30e2dd9829657aa,27,
spark,query50,measured,1,spark-ca3dc3bfdcfe45e49ccc790228286302-query50-run-1,success,15.364,,0.065087,4739538944,0,33924,e43ddd39d01d0123b30e2dd9829657aa,27,
spark,query50,measured,2,spark-ca3dc3bfdcfe45e49ccc790228286302-query50-run-2,success,16.895,,0.059189,4745248768,0,34003,e43ddd39d01d0123b30e2dd9829657aa,27,
spark,query50,measured,3,spark-ca3dc3bfdcfe45e49ccc790228286302-query50-run-3,success,16.042,,0.062336,4743680000,0,32990,e43ddd39d01d0123b30e2dd9829657aa,27,
spark,query51,warmup,0,spark-ca3dc3bfdcfe45e49ccc790228286302-query51-warmup-1,success,28.747,,0.034786,4740730880,0,66773,630462013f42ecbd3419557b6d59622f,100,
spark,query51,measured,1,spark-ca3dc3bfdcfe45e49ccc790228286302-query51-run-1,success,13.838,,0.072265,4735418368,0,38781,630462013f42ecbd3419557b6d59622f,100,
spark,query51,measured,2,spark-ca3dc3bfdcfe45e49ccc790228286302-query51-run-2,success,13.135,,0.076132,4811583488,0,38172,630462013f42ecbd3419557b6d59622f,100,
spark,query51,measured,3,spark-ca3dc3bfdcfe45e49ccc790228286302-query51-run-3,success,13.472,,0.074228,4811579392,0,37295,630462013f42ecbd3419557b6d59622f,100,
spark,query52,warmup,0,spark-ca3dc3bfdcfe45e49ccc790228286302-query52-warmup-1,success,1.744,,0.573394,4811780096,0,4178,4ea85cb20d1881c4b2bb87cc0cb16429,100,
spark,query52,measured,1,spark-ca3dc3bfdcfe45e49ccc790228286302-query52-run-1,success,1.009,,0.99108,4818096128,0,2440,4ea85cb20d1881c4b2bb87cc0cb16429,100,
spark,query52,measured,2,spark-ca3dc3bfdcfe45e49ccc790228286302-query52-run-2,success,1.297,,0.77101,4818149376,0,2675,4ea85cb20d1881c4b2bb87cc0cb16429,100,
spark,query52,measured,3,spark-ca3dc3bfdcfe45e49ccc790228286302-query52-run-3,success,1.025,,0.97561,4818812928,0,2509,4ea85cb20d1881c4b2bb87cc0cb16429,100,
spark,query53,warmup,0,spark-ca3dc3bfdcfe45e49ccc790228286302-query53-warmup-1,success,2.504,,0.399361,4819238912,0,6172,bc17763b2bcb9b864cafd105da1c0776,100,
spark,query53,measured,1,spark-ca3dc3bfdcfe45e49ccc790228286302-query53-run-1,success,1.777,,0.562746,4820250624,0,3762,bc17763b2bcb9b864cafd105da1c0776,100,
spark,query53,measured,2,spark-ca3dc3bfdcfe45e49ccc790228286302-query53-run-2,success,1.378,,0.725689,4809003008,0,3505,bc17763b2bcb9b864cafd105da1c0776,100,
spark,query53,measured,3,spark-ca3dc3bfdcfe45e49ccc790228286302-query53-run-3,success,1.522,,0.65703,4809617408,0,3621,bc17763b2bcb9b864cafd105da1c0776,100,
spark,query54,warmup,0,spark-ca3dc3bfdcfe45e49ccc790228286302-query54-warmup-1,success,7.578,,0.131961,4810756096,0,21351,,0,
spark,query54,measured,1,spark-ca3dc3bfdcfe45e49ccc790228286302-query54-run-1,success,5.642,,0.177242,4812447744,0,17650,,0,
spark,query54,measured,2,spark-ca3dc3bfdcfe45e49ccc790228286302-query54-run-2,success,5.607,,0.178348,4814028800,0,17775,,0,
spark,query54,measured,3,spark-ca3dc3bfdcfe45e49ccc790228286302-query54-run-3,success,6.387,,0.156568,4817031168,0,17477,,0,
spark,query55,warmup,0,spark-ca3dc3bfdcfe45e49ccc790228286302-query55-warmup-1,success,1.542,,0.648508,4814848000,0,3842,fb98a659d26e19031f322704a869e7fd,100,
spark,query55,measured,1,spark-ca3dc3bfdcfe45e49ccc790228286302-query55-run-1,success,0.966,,1.035197,4815036416,0,2452,fb98a659d26e19031f322704a869e7fd,100,
spark,query55,measured,2,spark-ca3dc3bfdcfe45e49ccc790228286302-query55-run-2,success,0.918,,1.089325,4815060992,0,2357,fb98a659d26e19031f322704a869e7fd,100,
spark,query55,measured,3,spark-ca3dc3bfdcfe45e49ccc790228286302-query55-run-3,success,1.008,,0.992063,4815683584,0,2382,fb98a659d26e19031f322704a869e7fd,100,
spark,query56,warmup,0,spark-ca3dc3bfdcfe45e49ccc790228286302-query56-warmup-1,success,3.202,,0.312305,4816195584,0,7945,2ab05daf7dbdf2772de2dcdb6e8e60ea,100,
spark,query56,measured,1,spark-ca3dc3bfdcfe45e49ccc790228286302-query56-run-1,success,2.125,,0.470588,4821684224,0,5353,2ab05daf7dbdf2772de2dcdb6e8e60ea,100,
spark,query56,measured,2,spark-ca3dc3bfdcfe45e49ccc790228286302-query56-run-2,success,2.304,,0.434028,4821872640,0,5892,2ab05daf7dbdf2772de2dcdb6e8e60ea,100,
spark,query56,measured,3,spark-ca3dc3bfdcfe45e49ccc790228286302-query56-run-3,success,2.088,,0.478927,4822929408,0,5160,2ab05daf7dbdf2772de2dcdb6e8e60ea,100,
spark,query57,warmup,0,spark-ca3dc3bfdcfe45e49ccc790228286302-query57-warmup-1,success,5.183,,0.192938,4823220224,0,8904,1930636bdcb04afec0e977a0062c93c7,100,
spark,query57,measured,1,spark-ca3dc3bfdcfe45e49ccc790228286302-query57-run-1,success,4.15,,0.240964,4826378240,0,7099,1930636bdcb04afec0e977a0062c93c7,100,
spark,query57,measured,2,spark-ca3dc3bfdcfe45e49ccc790228286302-query57-run-2,success,3.564,,0.280584,4826882048,0,5704,1930636bdcb04afec0e977a0062c93c7,100,
spark,query57,measured,3,spark-ca3dc3bfdcfe45e49ccc790228286302-query57-run-3,success,3.666,,0.272777,4827164672,0,5884,1930636bdcb04afec0e977a0062c93c7,100,
spark,query58,warmup,0,spark-ca3dc3bfdcfe45e49ccc790228286302-query58-warmup-1,success,5.095,,0.196271,4827709440,0,11916,ba9d30934308c63ea0d5a6961a7b7419,2,
spark,query58,measured,1,spark-ca3dc3bfdcfe45e49ccc790228286302-query58-run-1,success,2.267,,0.441112,4827172864,0,5074,ba9d30934308c63ea0d5a6961a7b7419,2,
spark,query58,measured,2,spark-ca3dc3bfdcfe45e49ccc790228286302-query58-run-2,success,1.881,,0.531632,4831383552,0,4816,ba9d30934308c63ea0d5a6961a7b7419,2,
spark,query58,measured,3,spark-ca3dc3bfdcfe45e49ccc790228286302-query58-run-3,success,2.021,,0.494805,4831846400,0,4895,ba9d30934308c63ea0d5a6961a7b7419,2,
spark,query59,warmup,0,spark-ca3dc3bfdcfe45e49ccc790228286302-query59-warmup-1,success,4.102,,0.243784,4832055296,0,10325,887e0c524f942c5006bdd38a4b097758,100,
spark,query59,measured,1,spark-ca3dc3bfdcfe45e49ccc790228286302-query59-run-1,success,3.111,,0.32144,4832374784,0,7925,887e0c524f942c5006bdd38a4b097758,100,
spark,query59,measured,2,spark-ca3dc3bfdcfe45e49ccc790228286302-query59-run-2,success,3.088,,0.323834,4832088064,0,7791,887e0c524f942c5006bdd38a4b097758,100,
spark,query59,measured,3,spark-ca3dc3bfdcfe45e49ccc790228286302-query59-run-3,success,3.127,,0.319795,4831936512,0,7872,887e0c524f942c5006bdd38a4b097758,100,
spark,query60,warmup,0,spark-ca3dc3bfdcfe45e49ccc790228286302-query60-warmup-1,success,2.205,,0.453515,4834291712,0,5364,c34f3b086d9bf858a9c8db70a03e1646,100,
spark,query60,measured,1,spark-ca3dc3bfdcfe45e49ccc790228286302-query60-run-1,success,2.052,,0.487329,4834418688,0,5280,c34f3b086d9bf858a9c8db70a03e1646,100,
spark,query60,measured,2,spark-ca3dc3bfdcfe45e49ccc790228286302-query60-run-2,success,2.12,,0.471698,4834177024,0,5525,c34f3b086d9bf858a9c8db70a03e1646,100,
spark,query60,measured,3,spark-ca3dc3bfdcfe45e49ccc790228286302-query60-run-3,success,1.992,,0.502008,4834426880,0,5294,c34f3b086d9bf858a9c8db70a03e1646,100,
spark,query61,warmup,0,spark-ca3dc3bfdcfe45e49ccc790228286302-query61-warmup-1,success,0.187,,5.347594,4835045376,0,289,c2813479301589d16447ded93359a46a,1,
spark,query61,measured,1,spark-ca3dc3bfdcfe45e49ccc790228286302-query61-run-1,success,0.164,,6.097561,4836372480,0,277,c2813479301589d16447ded93359a46a,1,
spark,query61,measured,2,spark-ca3dc3bfdcfe45e49ccc790228286302-query61-run-2,success,0.132,,7.575758,4836397056,0,182,c2813479301589d16447ded93359a46a,1,
spark,query61,measured,3,spark-ca3dc3bfdcfe45e49ccc790228286302-query61-run-3,success,0.12,,8.333333,4836851712,0,178,c2813479301589d16447ded93359a46a,1,
spark,query62,warmup,0,spark-ca3dc3bfdcfe45e49ccc790228286302-query62-warmup-1,success,1.328,,0.753012,4837203968,0,1892,a88394cc061e76db643108bbdf37485b,100,
spark,query62,measured,1,spark-ca3dc3bfdcfe45e49ccc790228286302-query62-run-1,success,1.221,,0.819001,4838457344,0,1649,a88394cc061e76db643108bbdf37485b,100,
spark,query62,measured,2,spark-ca3dc3bfdcfe45e49ccc790228286302-query62-run-2,success,0.842,,1.187648,4838334464,0,983,a88394cc061e76db643108bbdf37485b,100,
spark,query62,measured,3,spark-ca3dc3bfdcfe45e49ccc790228286302-query62-run-3,success,1.013,,0.987167,4838985728,0,1082,a88394cc061e76db643108bbdf37485b,100,
spark,query63,warmup,0,spark-ca3dc3bfdcfe45e49ccc790228286302-query63-warmup-1,success,2.507,,0.398883,4839260160,0,6127,420d01cad47e608cd89b3ddd045fdd32,100,
spark,query63,measured,1,spark-ca3dc3bfdcfe45e49ccc790228286302-query63-run-1,success,1.404,,0.712251,4839776256,0,3402,420d01cad47e608cd89b3ddd045fdd32,100,
spark,query63,measured,2,spark-ca3dc3bfdcfe45e49ccc790228286302-query63-run-2,success,1.326,,0.754148,4839624704,0,3426,420d01cad47e608cd89b3ddd045fdd32,100,
spark,query63,measured,3,spark-ca3dc3bfdcfe45e49ccc790228286302-query63-run-3,success,1.323,,0.755858,4839780352,0,3461,420d01cad47e608cd89b3ddd045fdd32,100,
spark,query64,warmup,0,spark-ca3dc3bfdcfe45e49ccc790228286302-query64-warmup-1,success,60.029,,0.016659,5237551104,0,142073,9c78e01cc0d487b825e08b84ea531881,17,
spark,query64,measured,1,spark-ca3dc3bfdcfe45e49ccc790228286302-query64-run-1,success,56.213,,0.017789,5231702016,0,140377,9c78e01cc0d487b825e08b84ea531881,17,
spark,query64,measured,2,spark-ca3dc3bfdcfe45e49ccc790228286302-query64-run-2,success,47.318,,0.021134,5386559488,0,132585,9c78e01cc0d487b825e08b84ea531881,17,
spark,query64,measured,3,spark-ca3dc3bfdcfe45e49ccc790228286302-query64-run-3,success,52.072,,0.019204,5471641600,0,134591,9c78e01cc0d487b825e08b84ea531881,17,
spark,query65,warmup,0,spark-ca3dc3bfdcfe45e49ccc790228286302-query65-warmup-1,success,9.571,,0.104482,5456863232,0,25317,5f3dbabdca1e07c3f82f85238f54ba57,100,
spark,query65,measured,1,spark-ca3dc3bfdcfe45e49ccc790228286302-query65-run-1,success,11.767,,0.084983,5456048128,0,20558,5f3dbabdca1e07c3f82f85238f54ba57,100,
spark,query65,measured,2,spark-ca3dc3bfdcfe45e49ccc790228286302-query65-run-2,success,8.87,,0.11274,5456838656,0,19838,5f3dbabdca1e07c3f82f85238f54ba57,100,
spark,query65,measured,3,spark-ca3dc3bfdcfe45e49ccc790228286302-query65-run-3,success,6.824,,0.146542,5457895424,0,20208,5f3dbabdca1e07c3f82f85238f54ba57,100,
spark,query66,warmup,0,spark-ca3dc3bfdcfe45e49ccc790228286302-query66-warmup-1,success,4.3,,0.232558,5458345984,0,9026,870760c65b1ca5407bc5b078897bdd3f,7,
spark,query66,measured,1,spark-ca3dc3bfdcfe45e49ccc790228286302-query66-run-1,success,1.858,,0.538213,5458984960,0,3649,870760c65b1ca5407bc5b078897bdd3f,7,
spark,query66,measured,2,spark-ca3dc3bfdcfe45e49ccc790228286302-query66-run-2,success,1.851,,0.540249,5459517440,0,3855,870760c65b1ca5407bc5b078897bdd3f,7,
spark,query66,measured,3,spark-ca3dc3bfdcfe45e49ccc790228286302-query66-run-3,success,1.421,,0.70373,5460004864,0,3172,870760c65b1ca5407bc5b078897bdd3f,7,
spark,query67,warmup,0,spark-ca3dc3bfdcfe45e49ccc790228286302-query67-warmup-1,success,39.304,,0.025443,5460963328,0,94334,e185a87bb093c02fd8026428bf1d05ff,100,
spark,query67,measured,1,spark-ca3dc3bfdcfe45e49ccc790228286302-query67-run-1,success,34.606,,0.028897,5459693568,0,99649,e185a87bb093c02fd8026428bf1d05ff,100,
spark,query67,measured,2,spark-ca3dc3bfdcfe45e49ccc790228286302-query67-run-2,success,35.602,,0.028088,5448835072,0,91352,e185a87bb093c02fd8026428bf1d05ff,100,
spark,query67,measured,3,spark-ca3dc3bfdcfe45e49ccc790228286302-query67-run-3,success,37.213,,0.026872,5448376320,0,92519,e185a87bb093c02fd8026428bf1d05ff,100,
spark,query68,warmup,0,spark-ca3dc3bfdcfe45e49ccc790228286302-query68-warmup-1,success,4.142,,0.241429,5457534976,0,10915,48d6f4536d981cd830b2f2640c0e69f8,100,
spark,query68,measured,1,spark-ca3dc3bfdcfe45e49ccc790228286302-query68-run-1,success,2.589,,0.38625,5458358272,0,6520,48d6f4536d981cd830b2f2640c0e69f8,100,
spark,query68,measured,2,spark-ca3dc3bfdcfe45e49ccc790228286302-query68-run-2,success,2.845,,0.351494,5458112512,0,6362,48d6f4536d981cd830b2f2640c0e69f8,100,
spark,query68,measured,3,spark-ca3dc3bfdcfe45e49ccc790228286302-query68-run-3,success,2.355,,0.424628,5459013632,0,6236,48d6f4536d981cd830b2f2640c0e69f8,100,
spark,query69,warmup,0,spark-ca3dc3bfdcfe45e49ccc790228286302-query69-warmup-1,success,6.316,,0.158328,5459542016,0,18707,,0,
spark,query69,measured,1,spark-ca3dc3bfdcfe45e49ccc790228286302-query69-run-1,success,7.487,,0.133565,5460414464,0,23704,,0,
spark,query69,measured,2,spark-ca3dc3bfdcfe45e49ccc790228286302-query69-run-2,success,10.474,,0.095475,5460480000,0,25173,,0,
spark,query69,measured,3,spark-ca3dc3bfdcfe45e49ccc790228286302-query69-run-3,success,8.902,,0.112334,5460430848,0,25207,,0,
spark,query70,warmup,0,spark-ca3dc3bfdcfe45e49ccc790228286302-query70-warmup-1,success,5.173,,0.193311,5460844544,0,18396,771b32beb7d2d30a11fb3d67ea2aabc7,4,
spark,query70,measured,1,spark-ca3dc3bfdcfe45e49ccc790228286302-query70-run-1,success,2.427,,0.412031,5461815296,0,6331,771b32beb7d2d30a11fb3d67ea2aabc7,4,
spark,query70,measured,2,spark-ca3dc3bfdcfe45e49ccc790228286302-query70-run-2,success,2.34,,0.42735,5462093824,0,6167,771b32beb7d2d30a11fb3d67ea2aabc7,4,
spark,query70,measured,3,spark-ca3dc3bfdcfe45e49ccc790228286302-query70-run-3,success,2.411,,0.414766,5462122496,0,6263,771b32beb7d2d30a11fb3d67ea2aabc7,4,
spark,query71,warmup,0,spark-ca3dc3bfdcfe45e49ccc790228286302-query71-warmup-1,success,4.502,,0.222124,5463076864,0,10189,0240bcaf964314d76b407c1c476bc526,5045,
spark,query71,measured,1,spark-ca3dc3bfdcfe45e49ccc790228286302-query71-run-1,success,2.351,,0.425351,5463556096,0,5680,0240bcaf964314d76b407c1c476bc526,5045,
spark,query71,measured,2,spark-ca3dc3bfdcfe45e49ccc790228286302-query71-run-2,success,2.027,,0.49334,5464797184,0,4939,0240bcaf964314d76b407c1c476bc526,5045,
spark,query71,measured,3,spark-ca3dc3bfdcfe45e49ccc790228286302-query71-run-3,success,1.925,,0.519481,5465497600,0,4930,0240bcaf964314d76b407c1c476bc526,5045,
spark,query72,warmup,0,spark-ca3dc3bfdcfe45e49ccc790228286302-query72-warmup-1,success,87.724,,0.011399,5466451968,0,225666,fd265a161d8f9fd114b58ad4acf3c697,100,
spark,query72,measured,1,spark-ca3dc3bfdcfe45e49ccc790228286302-query72-run-1,success,80.07,,0.012489,5460086784,0,217340,fd265a161d8f9fd114b58ad4acf3c697,100,
spark,query72,measured,2,spark-ca3dc3bfdcfe45e49ccc790228286302-query72-run-2,success,89.12,,0.011221,5459361792,0,217874,fd265a161d8f9fd114b58ad4acf3c697,100,
spark,query72,measured,3,spark-ca3dc3bfdcfe45e49ccc790228286302-query72-run-3,success,91.504,,0.010928,5458239488,0,225524,fd265a161d8f9fd114b58ad4acf3c697,100,
spark,query73,warmup,0,spark-ca3dc3bfdcfe45e49ccc790228286302-query73-warmup-1,success,2.313,,0.432339,5452693504,0,5824,b891af5616716ad43c364efd1c0d85a7,29,
spark,query73,measured,1,spark-ca3dc3bfdcfe45e49ccc790228286302-query73-run-1,success,1.676,,0.596659,5453467648,0,3979,b891af5616716ad43c364efd1c0d85a7,29,
spark,query73,measured,2,spark-ca3dc3bfdcfe45e49ccc790228286302-query73-run-2,success,1.766,,0.566251,5461577728,0,4006,b891af5616716ad43c364efd1c0d85a7,29,
spark,query73,measured,3,spark-ca3dc3bfdcfe45e49ccc790228286302-query73-run-3,success,1.559,,0.641437,5461897216,0,3886,b891af5616716ad43c364efd1c0d85a7,29,
spark,query74,warmup,0,spark-ca3dc3bfdcfe45e49ccc790228286302-query74-warmup-1,success,22.832,,0.043798,5467422720,0,59974,c5406df1260afd5f49c4e1510bd5c3e7,100,
spark,query74,measured,1,spark-ca3dc3bfdcfe45e49ccc790228286302-query74-run-1,success,18.377,,0.054416,5465939968,0,47018,c5406df1260afd5f49c4e1510bd5c3e7,100,
spark,query74,measured,2,spark-ca3dc3bfdcfe45e49ccc790228286302-query74-run-2,success,14.969,,0.066805,5466529792,0,46225,c5406df1260afd5f49c4e1510bd5c3e7,100,
spark,query74,measured,3,spark-ca3dc3bfdcfe45e49ccc790228286302-query74-run-3,success,16.61,,0.060205,5466439680,0,47110,c5406df1260afd5f49c4e1510bd5c3e7,100,
spark,query75,warmup,0,spark-ca3dc3bfdcfe45e49ccc790228286302-query75-warmup-1,success,14.839,,0.06739,5466476544,0,42480,81c8d108a72e49304b9c711ac7c6c815,100,
spark,query75,measured,1,spark-ca3dc3bfdcfe45e49ccc790228286302-query75-run-1,success,11.986,,0.083431,5469343744,0,30421,81c8d108a72e49304b9c711ac7c6c815,100,
spark,query75,measured,2,spark-ca3dc3bfdcfe45e49ccc790228286302-query75-run-2,success,8.881,,0.1126,5471768576,0,27882,81c8d108a72e49304b9c711ac7c6c815,100,
spark,query75,measured,3,spark-ca3dc3bfdcfe45e49ccc790228286302-query75-run-3,success,10.242,,0.097637,5470773248,0,26733,81c8d108a72e49304b9c711ac7c6c815,100,
spark,query76,warmup,0,spark-ca3dc3bfdcfe45e49ccc790228286302-query76-warmup-1,success,3.493,,0.286287,5469888512,0,8361,e55e8a027cfebf4933e9e3f449458430,100,
spark,query76,measured,1,spark-ca3dc3bfdcfe45e49ccc790228286302-query76-run-1,success,1.789,,0.558971,5469782016,0,4386,e55e8a027cfebf4933e9e3f449458430,100,
spark,query76,measured,2,spark-ca3dc3bfdcfe45e49ccc790228286302-query76-run-2,success,1.556,,0.642674,5470044160,0,4001,e55e8a027cfebf4933e9e3f449458430,100,
spark,query76,measured,3,spark-ca3dc3bfdcfe45e49ccc790228286302-query76-run-3,success,1.389,,0.719942,5470740480,0,3900,e55e8a027cfebf4933e9e3f449458430,100,
spark,query77,warmup,0,spark-ca3dc3bfdcfe45e49ccc790228286302-query77-warmup-1,success,5.072,,0.197161,5470990336,0,13132,f482393d1e2b308ecfa977aea9807ad2,100,
spark,query77,measured,1,spark-ca3dc3bfdcfe45e49ccc790228286302-query77-run-1,success,2.242,,0.44603,5471289344,0,5255,f482393d1e2b308ecfa977aea9807ad2,100,
spark,query77,measured,2,spark-ca3dc3bfdcfe45e49ccc790228286302-query77-run-2,success,1.682,,0.59453,5474742272,0,4235,f482393d1e2b308ecfa977aea9807ad2,100,
spark,query77,measured,3,spark-ca3dc3bfdcfe45e49ccc790228286302-query77-run-3,success,1.625,,0.615385,5475414016,0,4329,f482393d1e2b308ecfa977aea9807ad2,100,
spark,query78,warmup,0,spark-ca3dc3bfdcfe45e49ccc790228286302-query78-warmup-1,success,46.634,,0.021444,5477105664,0,114354,9bca88ccf063421ee8689fe508deeb85,100,
spark,query78,measured,1,spark-ca3dc3bfdcfe45e49ccc790228286302-query78-run-1,success,38.791,,0.025779,5474381824,0,98445,9bca88ccf063421ee8689fe508deeb85,100,
spark,query78,measured,2,spark-ca3dc3bfdcfe45e49ccc790228286302-query78-run-2,success,36.962,,0.027055,5464539136,0,101112,9bca88ccf063421ee8689fe508deeb85,100,
spark,query78,measured,3,spark-ca3dc3bfdcfe45e49ccc790228286302-query78-run-3,success,37.317,,0.026797,5465006080,0,98166,9bca88ccf063421ee8689fe508deeb85,100,
spark,query79,warmup,0,spark-ca3dc3bfdcfe45e49ccc790228286302-query79-warmup-1,success,4.514,,0.221533,5465710592,0,9200,262528f207ab4916bd79c33c3ced9532,100,
spark,query79,measured,1,spark-ca3dc3bfdcfe45e49ccc790228286302-query79-run-1,success,2.605,,0.383877,5466411008,0,6773,262528f207ab4916bd79c33c3ced9532,100,
spark,query79,measured,2,spark-ca3dc3bfdcfe45e49ccc790228286302-query79-run-2,success,2.426,,0.412201,5466775552,0,5766,262528f207ab4916bd79c33c3ced9532,100,
spark,query79,measured,3,spark-ca3dc3bfdcfe45e49ccc790228286302-query79-run-3,success,2.147,,0.465766,5467832320,0,5642,262528f207ab4916bd79c33c3ced9532,100,
spark,query80,warmup,0,spark-ca3dc3bfdcfe45e49ccc790228286302-query80-warmup-1,success,55.119,,0.018143,5468684288,0,145936,9658b43e36c288ac20f4d6cedd3bd611,100,
spark,query80,measured,1,spark-ca3dc3bfdcfe45e49ccc790228286302-query80-run-1,success,45.0,,0.022222,5458931712,0,125145,9658b43e36c288ac20f4d6cedd3bd611,100,
spark,query80,measured,2,spark-ca3dc3bfdcfe45e49ccc790228286302-query80-run-2,success,48.174,,0.020758,5456510976,0,130837,9658b43e36c288ac20f4d6cedd3bd611,100,
spark,query80,measured,3,spark-ca3dc3bfdcfe45e49ccc790228286302-query80-run-3,success,50.685,,0.01973,5479522304,0,127865,9658b43e36c288ac20f4d6cedd3bd611,100,
spark,query81,warmup,0,spark-ca3dc3bfdcfe45e49ccc790228286302-query81-warmup-1,success,1.902,,0.525762,3974815744,0,3830,3d503d8552c066d827d011725d467bf5,100,
spark,query81,measured,1,spark-ca3dc3bfdcfe45e49ccc790228286302-query81-run-1,success,1.975,,0.506329,3977392128,0,4030,3d503d8552c066d827d011725d467bf5,100,
spark,query81,measured,2,spark-ca3dc3bfdcfe45e49ccc790228286302-query81-run-2,success,2.094,,0.477555,3976228864,0,3955,3d503d8552c066d827d011725d467bf5,100,
spark,query81,measured,3,spark-ca3dc3bfdcfe45e49ccc790228286302-query81-run-3,success,1.598,,0.625782,3976790016,0,3091,3d503d8552c066d827d011725d467bf5,100,
spark,query82,warmup,0,spark-ca3dc3bfdcfe45e49ccc790228286302-query82-warmup-1,success,8.443,,0.118441,3977252864,0,24820,5bad32bae036c6a2912745d60af8f3a0,6,
spark,query82,measured,1,spark-ca3dc3bfdcfe45e49ccc790228286302-query82-run-1,success,6.771,,0.147689,3977256960,0,21815,5bad32bae036c6a2912745d60af8f3a0,6,
spark,query82,measured,2,spark-ca3dc3bfdcfe45e49ccc790228286302-query82-run-2,success,6.81,,0.146843,3977056256,0,21631,5bad32bae036c6a2912745d60af8f3a0,6,
spark,query82,measured,3,spark-ca3dc3bfdcfe45e49ccc790228286302-query82-run-3,success,8.489,,0.1178,3977818112,0,21500,5bad32bae036c6a2912745d60af8f3a0,6,
spark,query83,warmup,0,spark-ca3dc3bfdcfe45e49ccc790228286302-query83-warmup-1,success,2.02,,0.49505,4103925760,0,2279,97a5cbbadc6218b05a2ba86b770141e0,100,
spark,query83,measured,1,spark-ca3dc3bfdcfe45e49ccc790228286302-query83-run-1,success,1.115,,0.896861,4143165440,0,1913,97a5cbbadc6218b05a2ba86b770141e0,100,
spark,query83,measured,2,spark-ca3dc3bfdcfe45e49ccc790228286302-query83-run-2,success,0.782,,1.278772,4204748800,0,975,97a5cbbadc6218b05a2ba86b770141e0,100,
spark,query83,measured,3,spark-ca3dc3bfdcfe45e49ccc790228286302-query83-run-3,success,0.664,,1.506024,4206362624,0,907,97a5cbbadc6218b05a2ba86b770141e0,100,
spark,query84,warmup,0,spark-ca3dc3bfdcfe45e49ccc790228286302-query84-warmup-1,success,1.841,,0.543183,4220628992,0,4557,bfc994e4ca2e30ff2aee5edef38f1d10,100,
spark,query84,measured,1,spark-ca3dc3bfdcfe45e49ccc790228286302-query84-run-1,success,1.686,,0.59312,4221300736,0,4100,bfc994e4ca2e30ff2aee5edef38f1d10,100,
spark,query84,measured,2,spark-ca3dc3bfdcfe45e49ccc790228286302-query84-run-2,success,1.505,,0.664452,4255453184,0,3603,bfc994e4ca2e30ff2aee5edef38f1d10,100,
spark,query84,measured,3,spark-ca3dc3bfdcfe45e49ccc790228286302-query84-run-3,success,2.867,,0.348797,4256190464,0,3623,bfc994e4ca2e30ff2aee5edef38f1d10,100,
spark,query85,warmup,0,spark-ca3dc3bfdcfe45e49ccc790228286302-query85-warmup-1,success,4.512,,0.221631,4297166848,0,9170,a141fc7df9eecd06d4aaa9b761226da3,10,
spark,query85,measured,1,spark-ca3dc3bfdcfe45e49ccc790228286302-query85-run-1,success,5.336,,0.187406,4300996608,0,8442,a141fc7df9eecd06d4aaa9b761226da3,10,
spark,query85,measured,2,spark-ca3dc3bfdcfe45e49ccc790228286302-query85-run-2,success,3.504,,0.285388,4303962112,0,6744,a141fc7df9eecd06d4aaa9b761226da3,10,
spark,query85,measured,3,spark-ca3dc3bfdcfe45e49ccc790228286302-query85-run-3,success,4.811,,0.207857,4303880192,0,6878,a141fc7df9eecd06d4aaa9b761226da3,10,
spark,query86,warmup,0,spark-ca3dc3bfdcfe45e49ccc790228286302-query86-warmup-1,success,2.021,,0.494805,4303708160,0,2397,f5ba233ae430546d16f4688407eae21a,100,
spark,query86,measured,1,spark-ca3dc3bfdcfe45e49ccc790228286302-query86-run-1,success,0.997,,1.003009,4303523840,0,1235,f5ba233ae430546d16f4688407eae21a,100,
spark,query86,measured,2,spark-ca3dc3bfdcfe45e49ccc790228286302-query86-run-2,success,0.807,,1.239157,4304723968,0,900,f5ba233ae430546d16f4688407eae21a,100,
spark,query86,measured,3,spark-ca3dc3bfdcfe45e49ccc790228286302-query86-run-3,success,0.824,,1.213592,4309807104,0,926,f5ba233ae430546d16f4688407eae21a,100,
spark,query87,warmup,0,spark-ca3dc3bfdcfe45e49ccc790228286302-query87-warmup-1,success,7.906,,0.126486,4345319424,0,21408,5a01fc8ebc16178fad06fc56a1f126c0,1,
spark,query87,measured,1,spark-ca3dc3bfdcfe45e49ccc790228286302-query87-run-1,success,5.83,,0.171527,4345434112,0,15617,5a01fc8ebc16178fad06fc56a1f126c0,1,
spark,query87,measured,2,spark-ca3dc3bfdcfe45e49ccc790228286302-query87-run-2,success,4.661,,0.214546,4345872384,0,14081,5a01fc8ebc16178fad06fc56a1f126c0,1,
spark,query87,measured,3,spark-ca3dc3bfdcfe45e49ccc790228286302-query87-run-3,success,4.185,,0.238949,4345704448,0,13472,5a01fc8ebc16178fad06fc56a1f126c0,1,
spark,query88,warmup,0,spark-ca3dc3bfdcfe45e49ccc790228286302-query88-warmup-1,success,9.199,,0.108707,4394455040,0,27005,4dc7b1a596fc7c08d7265359d13a0294,1,
spark,query88,measured,1,spark-ca3dc3bfdcfe45e49ccc790228286302-query88-run-1,success,5.67,,0.176367,4677844992,0,16913,4dc7b1a596fc7c08d7265359d13a0294,1,
spark,query88,measured,2,spark-ca3dc3bfdcfe45e49ccc790228286302-query88-run-2,success,5.24,,0.19084,4865675264,0,16542,4dc7b1a596fc7c08d7265359d13a0294,1,
spark,query88,measured,3,spark-ca3dc3bfdcfe45e49ccc790228286302-query88-run-3,success,5.56,,0.179856,4928503808,0,16599,4dc7b1a596fc7c08d7265359d13a0294,1,
spark,query89,warmup,0,spark-ca3dc3bfdcfe45e49ccc790228286302-query89-warmup-1,success,3.44,,0.290698,4928704512,0,8122,5c4a4008600dd1aa5c41c80a23db4db4,100,
spark,query89,measured,1,spark-ca3dc3bfdcfe45e49ccc790228286302-query89-run-1,success,1.68,,0.595238,4932997120,0,4015,5c4a4008600dd1aa5c41c80a23db4db4,100,
spark,query89,measured,2,spark-ca3dc3bfdcfe45e49ccc790228286302-query89-run-2,success,1.7,,0.588235,5000179712,0,4187,5c4a4008600dd1aa5c41c80a23db4db4,100,
spark,query89,measured,3,spark-ca3dc3bfdcfe45e49ccc790228286302-query89-run-3,success,1.673,,0.597729,5000794112,0,3957,5c4a4008600dd1aa5c41c80a23db4db4,100,
spark,query90,warmup,0,spark-ca3dc3bfdcfe45e49ccc790228286302-query90-warmup-1,success,1.323,,0.755858,5000380416,0,3113,f0cdb930b89170674ff64dde870c9ca9,1,
spark,query90,measured,1,spark-ca3dc3bfdcfe45e49ccc790228286302-query90-run-1,success,0.737,,1.356852,5000933376,0,1677,f0cdb930b89170674ff64dde870c9ca9,1,
spark,query90,measured,2,spark-ca3dc3bfdcfe45e49ccc790228286302-query90-run-2,success,0.467,,2.141328,5001535488,0,788,f0cdb930b89170674ff64dde870c9ca9,1,
spark,query90,measured,3,spark-ca3dc3bfdcfe45e49ccc790228286302-query90-run-3,success,0.413,,2.421308,5001920512,0,779,f0cdb930b89170674ff64dde870c9ca9,1,
spark,query91,warmup,0,spark-ca3dc3bfdcfe45e49ccc790228286302-query91-warmup-1,success,1.074,,0.931099,5003055104,0,1282,45460fbc79a8213590f4065f991add8c,12,
spark,query91,measured,1,spark-ca3dc3bfdcfe45e49ccc790228286302-query91-run-1,success,0.92,,1.086957,5003194368,0,1145,45460fbc79a8213590f4065f991add8c,12,
spark,query91,measured,2,spark-ca3dc3bfdcfe45e49ccc790228286302-query91-run-2,success,0.997,,1.003009,5006225408,0,1157,45460fbc79a8213590f4065f991add8c,12,
spark,query91,measured,3,spark-ca3dc3bfdcfe45e49ccc790228286302-query91-run-3,success,0.81,,1.234568,5004546048,0,803,45460fbc79a8213590f4065f991add8c,12,
spark,query92,warmup,0,spark-ca3dc3bfdcfe45e49ccc790228286302-query92-warmup-1,success,1.851,,0.540249,5004017664,0,3928,5a4bc12d960c25100d3709f7c88ae92d,1,
spark,query92,measured,1,spark-ca3dc3bfdcfe45e49ccc790228286302-query92-run-1,success,1.071,,0.933707,5004308480,0,1769,5a4bc12d960c25100d3709f7c88ae92d,1,
spark,query92,measured,2,spark-ca3dc3bfdcfe45e49ccc790228286302-query92-run-2,success,0.566,,1.766784,5004238848,0,1117,5a4bc12d960c25100d3709f7c88ae92d,1,
spark,query92,measured,3,spark-ca3dc3bfdcfe45e49ccc790228286302-query92-run-3,success,0.532,,1.879699,5004746752,0,1046,5a4bc12d960c25100d3709f7c88ae92d,1,
spark,query93,warmup,0,spark-ca3dc3bfdcfe45e49ccc790228286302-query93-warmup-1,success,32.044,,0.031207,5004328960,0,76120,4efa6b09ed3ee0b62120dfef73822b77,100,
spark,query93,measured,1,spark-ca3dc3bfdcfe45e49ccc790228286302-query93-run-1,success,28.0,,0.035714,5001027584,0,72573,4efa6b09ed3ee0b62120dfef73822b77,100,
spark,query93,measured,2,spark-ca3dc3bfdcfe45e49ccc790228286302-query93-run-2,success,25.615,,0.03904,4987060224,0,69007,4efa6b09ed3ee0b62120dfef73822b77,100,
spark,query93,measured,3,spark-ca3dc3bfdcfe45e49ccc790228286302-query93-run-3,success,29.02,,0.034459,4986695680,0,69597,4efa6b09ed3ee0b62120dfef73822b77,100,
spark,query94,warmup,0,spark-ca3dc3bfdcfe45e49ccc790228286302-query94-warmup-1,success,7.469,,0.133887,4981907456,0,18427,8bf2be9d1c494f9c87e338b86fd67e7d,1,
spark,query94,measured,1,spark-ca3dc3bfdcfe45e49ccc790228286302-query94-run-1,success,9.887,,0.101143,4988035072,0,15306,8bf2be9d1c494f9c87e338b86fd67e7d,1,
spark,query94,measured,2,spark-ca3dc3bfdcfe45e49ccc790228286302-query94-run-2,success,8.148,,0.12273,4988641280,0,15168,8bf2be9d1c494f9c87e338b86fd67e7d,1,
spark,query94,measured,3,spark-ca3dc3bfdcfe45e49ccc790228286302-query94-run-3,success,5.464,,0.183016,4990554112,0,14558,8bf2be9d1c494f9c87e338b86fd67e7d,1,
spark,query95,warmup,0,spark-ca3dc3bfdcfe45e49ccc790228286302-query95-warmup-1,success,23.689,,0.042214,4991201280,1630048854,69053,72ca6002b204b867a06171cd400469e6,1,
spark,query95,measured,1,spark-ca3dc3bfdcfe45e49ccc790228286302-query95-run-1,success,21.731,,0.046017,4992040960,1630048563,64498,72ca6002b204b867a06171cd400469e6,1,
spark,query95,measured,2,spark-ca3dc3bfdcfe45e49ccc790228286302-query95-run-2,success,24.185,,0.041348,4989763584,1630049391,63341,72ca6002b204b867a06171cd400469e6,1,
spark,query95,measured,3,spark-ca3dc3bfdcfe45e49ccc790228286302-query95-run-3,success,22.166,,0.045114,4989829120,1628164554,62934,72ca6002b204b867a06171cd400469e6,1,
spark,query96,warmup,0,spark-ca3dc3bfdcfe45e49ccc790228286302-query96-warmup-1,success,1.121,,0.892061,5004886016,0,2969,7e427ad3cd8d3c81d2c3483ecb767fff,1,
spark,query96,measured,1,spark-ca3dc3bfdcfe45e49ccc790228286302-query96-run-1,success,0.81,,1.234568,5004570624,0,2099,7e427ad3cd8d3c81d2c3483ecb767fff,1,
spark,query96,measured,2,spark-ca3dc3bfdcfe45e49ccc790228286302-query96-run-2,success,0.889,,1.124859,5007286272,0,2085,7e427ad3cd8d3c81d2c3483ecb767fff,1,
spark,query96,measured,3,spark-ca3dc3bfdcfe45e49ccc790228286302-query96-run-3,success,0.863,,1.158749,5006512128,0,2096,7e427ad3cd8d3c81d2c3483ecb767fff,1,
spark,query97,warmup,0,spark-ca3dc3bfdcfe45e49ccc790228286302-query97-warmup-1,success,8.704,,0.11489,5007912960,0,24875,76d9763d9b93c1c3869d6f2d5848e04e,1,
spark,query97,measured,1,spark-ca3dc3bfdcfe45e49ccc790228286302-query97-run-1,success,7.079,,0.141263,5007126528,0,21480,76d9763d9b93c1c3869d6f2d5848e04e,1,
spark,query97,measured,2,spark-ca3dc3bfdcfe45e49ccc790228286302-query97-run-2,success,7.891,,0.126727,5007347712,0,19631,76d9763d9b93c1c3869d6f2d5848e04e,1,
spark,query97,measured,3,spark-ca3dc3bfdcfe45e49ccc790228286302-query97-run-3,success,6.803,,0.146994,5007155200,0,19471,76d9763d9b93c1c3869d6f2d5848e04e,1,
spark,query98,warmup,0,spark-ca3dc3bfdcfe45e49ccc790228286302-query98-warmup-1,success,2.826,,0.353857,5009371136,0,6621,aeb5dcdcdeac58834d5d1399dac85630,7976,
spark,query98,measured,1,spark-ca3dc3bfdcfe45e49ccc790228286302-query98-run-1,success,1.809,,0.552792,5021773824,0,3633,aeb5dcdcdeac58834d5d1399dac85630,7976,
spark,query98,measured,2,spark-ca3dc3bfdcfe45e49ccc790228286302-query98-run-2,success,1.64,,0.609756,5057716224,0,3281,aeb5dcdcdeac58834d5d1399dac85630,7976,
spark,query98,measured,3,spark-ca3dc3bfdcfe45e49ccc790228286302-query98-run-3,success,1.41,,0.70922,5057896448,0,3133,aeb5dcdcdeac58834d5d1399dac85630,7976,
spark,query99,warmup,0,spark-ca3dc3bfdcfe45e49ccc790228286302-query99-warmup-1,success,2.294,,0.43592,5057622016,0,4450,948fa53a6c584265be7fc716ecd3463e,100,
spark,query99,measured,1,spark-ca3dc3bfdcfe45e49ccc790228286302-query99-run-1,success,1.681,,0.594884,5058265088,0,3034,948fa53a6c584265be7fc716ecd3463e,100,
spark,query99,measured,2,spark-ca3dc3bfdcfe45e49ccc790228286302-query99-run-2,success,1.459,,0.685401,5058617344,0,2260,948fa53a6c584265be7fc716ecd3463e,100,
spark,query99,measured,3,spark-ca3dc3bfdcfe45e49ccc790228286302-query99-run-3,success,1.338,,0.747384,5058445312,0,2294,948fa53a6c584265be7fc716ecd3463e,100,
trino,query1,validation,1,20260506_135314_00010_2tw9x,success,15.503,15.42,0.064504,0,0,0,65d5325a8b8985a358cda6ade2e6b246,100,
trino,query1,warmup,0,20260506_135330_00011_2tw9x,success,4.651,4.589,0.214998,68398532,0,5998,ca66bb68d3052813c5788fd199622427,1,
trino,query1,measured,1,20260506_135334_00012_2tw9x,success,2.97,2.857,0.336711,70975963,0,3129,ca66bb68d3052813c5788fd199622427,1,
trino,query1,measured,2,20260506_135337_00013_2tw9x,success,2.643,2.584,0.378422,69531592,0,2622,ca66bb68d3052813c5788fd199622427,1,
trino,query1,measured,3,20260506_135340_00014_2tw9x,success,2.354,2.255,0.424827,56862253,0,2522,ca66bb68d3052813c5788fd199622427,1,
trino,query2,validation,1,20260506_135342_00015_2tw9x,success,3.527,3.392,0.283562,0,0,0,78fa235c3a880bc39a12ac510d0591dc,2513,
trino,query2,warmup,0,20260506_135346_00016_2tw9x,success,2.15,2.079,0.465013,833535,0,1797,e49a034d6adafe19b618d985b34bcde0,1,
trino,query2,measured,1,20260506_135348_00017_2tw9x,success,1.625,1.529,0.615499,1045240,0,1309,e49a034d6adafe19b618d985b34bcde0,1,
trino,query2,measured,2,20260506_135350_00018_2tw9x,success,1.546,1.486,0.646891,1040384,0,1186,e49a034d6adafe19b618d985b34bcde0,1,
trino,query2,measured,3,20260506_135351_00019_2tw9x,success,1.581,1.468,0.632594,908464,0,1100,e49a034d6adafe19b618d985b34bcde0,1,
trino,query3,validation,1,20260506_135353_00020_2tw9x,success,5.329,5.271,0.187669,0,0,0,71bf7df9636308612076a672bd3d87cc,100,
trino,query3,warmup,0,20260506_135358_00021_2tw9x,success,3.739,3.657,0.267423,87586705,0,5551,ca66bb68d3052813c5788fd199622427,1,
trino,query3,measured,1,20260506_135402_00022_2tw9x,success,2.701,2.644,0.370182,88091786,0,4265,ca66bb68d3052813c5788fd199622427,1,
trino,query3,measured,2,20260506_135404_00023_2tw9x,success,3.696,3.639,0.270579,92946055,0,4935,ca66bb68d3052813c5788fd199622427,1,
trino,query3,measured,3,20260506_135408_00024_2tw9x,success,2.599,2.542,0.384816,85185794,0,5102,ca66bb68d3052813c5788fd199622427,1,
trino,query4,validation,1,20260506_135411_00025_2tw9x,success,25.399,25.333,0.039371,0,0,0,0e9aa4da830bf00da9cb753195c6a757,100,
trino,query4,warmup,0,20260506_135436_00026_2tw9x,success,18.099,18.01,0.055251,997783643,0,35572,ca66bb68d3052813c5788fd199622427,1,
trino,query4,measured,1,20260506_135454_00027_2tw9x,success,18.531,18.426,0.053964,833028629,0,33229,ca66bb68d3052813c5788fd199622427,1,
trino,query4,measured,2,20260506_135513_00028_2tw9x,success,18.315,18.252,0.054599,617884718,0,32001,ca66bb68d3052813c5788fd199622427,1,
trino,query4,measured,3,20260506_135531_00029_2tw9x,success,20.264,20.203,0.049348,693307964,0,33968,ca66bb68d3052813c5788fd199622427,1,
trino,query5,validation,1,20260506_135551_00030_2tw9x,success,8.964,8.756,0.111554,0,0,0,6d41be5aa87ad0926a5c50226cb5a149,100,
trino,query5,warmup,0,20260506_135600_00031_2tw9x,success,2.855,2.795,0.350259,7060096,0,4130,ca66bb68d3052813c5788fd199622427,1,
trino,query5,measured,1,20260506_135603_00032_2tw9x,success,2.228,2.168,0.448888,5985127,0,2565,ca66bb68d3052813c5788fd199622427,1,
trino,query5,measured,2,20260506_135605_00033_2tw9x,success,3.27,3.211,0.305815,39440515,0,3988,ca66bb68d3052813c5788fd199622427,1,
trino,query5,measured,3,20260506_135609_00034_2tw9x,success,2.192,2.132,0.456267,4150714,0,2498,ca66bb68d3052813c5788fd199622427,1,
trino,query6,validation,1,20260507_015151_00005_ja3es,success,21.384,21.248,0.046764,0,0,0,173b458f47ae7a7d08ca30b159ef48c5,52,
trino,query6,warmup,0,20260507_015213_00006_ja3es,success,9.008,8.902,0.111008,115253130,0,21602,68aa2a55bd5731587151591e79ccdd13,1,
trino,query6,measured,1,20260507_015222_00007_ja3es,success,8.542,8.481,0.11707,98934160,0,17964,68aa2a55bd5731587151591e79ccdd13,1,
trino,query6,measured,2,20260507_015230_00008_ja3es,success,7.763,7.703,0.128813,134215317,0,19863,68aa2a55bd5731587151591e79ccdd13,1,
trino,query6,measured,3,20260507_015238_00009_ja3es,success,7.262,7.203,0.137697,120673512,0,19211,68aa2a55bd5731587151591e79ccdd13,1,
trino,query7,validation,1,20260507_015245_00010_ja3es,success,17.879,17.815,0.055931,0,0,0,a0a2d5fc34c8e97a8dddf684c5564656,100,
trino,query7,warmup,0,20260507_015303_00011_ja3es,success,7.959,7.847,0.125643,83269720,0,16987,ca66bb68d3052813c5788fd199622427,1,
trino,query7,measured,1,20260507_015311_00012_ja3es,success,7.821,7.71,0.127857,99617648,0,15144,ca66bb68d3052813c5788fd199622427,1,
trino,query7,measured,2,20260507_015319_00013_ja3es,success,6.775,6.663,0.147596,82432478,0,16454,ca66bb68d3052813c5788fd199622427,1,
trino,query7,measured,3,20260507_015326_00014_ja3es,success,7.446,7.387,0.134293,66203336,0,16065,ca66bb68d3052813c5788fd199622427,1,
trino,query8,validation,1,20260507_015333_00015_ja3es,success,12.799,12.708,0.078129,0,0,0,64210311076e973f8d30f53903f3ef17,7,
trino,query8,warmup,0,20260507_015346_00016_ja3es,success,6.139,6.074,0.162888,56110473,0,12155,386bafbb3237fdd74ea5d522b269aea4,1,
trino,query8,measured,1,20260507_015352_00017_ja3es,success,5.084,4.987,0.196685,58492645,0,11877,386bafbb3237fdd74ea5d522b269aea4,1,
trino,query8,measured,2,20260507_015357_00018_ja3es,success,5.051,4.99,0.197996,64665190,0,12333,386bafbb3237fdd74ea5d522b269aea4,1,
trino,query8,measured,3,20260507_015402_00019_ja3es,success,4.495,4.433,0.222487,57331193,0,11562,386bafbb3237fdd74ea5d522b269aea4,1,
trino,query9,validation,1,20260507_015407_00020_ja3es,success,69.961,69.891,0.014294,0,0,0,b3ff024941104f75a8d26fb176acf10d,1,
trino,query9,warmup,0,20260507_015517_00021_ja3es,success,0.259,0.165,3.866669,250,0,7,195115f6fd7a5831cd5ff4b52339a5d1,1,
trino,query9,measured,1,20260507_015517_00022_ja3es,success,0.283,0.171,3.529184,250,0,9,195115f6fd7a5831cd5ff4b52339a5d1,1,
trino,query9,measured,2,20260507_015517_00023_ja3es,success,0.277,0.165,3.610585,154,0,5,195115f6fd7a5831cd5ff4b52339a5d1,1,
trino,query9,measured,3,20260507_015517_00024_ja3es,success,0.29,0.178,3.447373,186,0,4,195115f6fd7a5831cd5ff4b52339a5d1,1,
trino,query10,validation,1,20260507_015518_00025_ja3es,success,7.309,7.245,0.13681,0,0,0,7e97eadd2ccb6140f2d6e2e23cc6bcd3,100,
trino,query10,warmup,0,20260507_015525_00026_ja3es,success,6.446,6.386,0.155141,22029834,0,12164,ca66bb68d3052813c5788fd199622427,1,
trino,query10,measured,1,20260507_015531_00027_ja3es,success,5.359,5.297,0.186601,15049909,0,12485,ca66bb68d3052813c5788fd199622427,1,
trino,query10,measured,2,20260507_015537_00028_ja3es,success,5.238,5.179,0.190917,10621419,0,13091,ca66bb68d3052813c5788fd199622427,1,
trino,query10,measured,3,20260507_015542_00029_ja3es,success,5.189,5.129,0.192708,19972627,0,12512,ca66bb68d3052813c5788fd199622427,1,
trino,query11,validation,1,20260507_015547_00030_ja3es,success,41.526,41.46,0.024081,0,0,0,2d7bd3199923557bdfdc75b6b9d54b02,100,
trino,query11,warmup,0,20260507_015629_00031_ja3es,success,35.552,35.439,0.028128,1238754651,0,110242,ca66bb68d3052813c5788fd199622427,1,
trino,query11,measured,1,20260507_015704_00032_ja3es,success,35.333,35.273,0.028302,1243007040,0,108870,ca66bb68d3052813c5788fd199622427,1,
trino,query11,measured,2,20260507_015740_00033_ja3es,success,33.041,32.978,0.030266,1085691249,0,107218,ca66bb68d3052813c5788fd199622427,1,
trino,query11,measured,3,20260507_015813_00034_ja3es,success,33.539,33.48,0.029816,1160580033,0,108387,ca66bb68d3052813c5788fd199622427,1,
trino,query12,validation,1,20260507_015846_00035_ja3es,success,8.75,8.67,0.114287,0,0,0,b192628e32843968028b14e37853075e,100,
trino,query12,warmup,0,20260507_015855_00036_ja3es,success,2.312,2.254,0.432444,40410359,0,4014,ca66bb68d3052813c5788fd199622427,1,
trino,query12,measured,1,20260507_015857_00037_ja3es,success,1.885,1.827,0.530504,52501235,0,3652,ca66bb68d3052813c5788fd199622427,1,
trino,query12,measured,2,20260507_015859_00038_ja3es,success,1.654,1.592,0.604737,17286313,0,3499,ca66bb68d3052813c5788fd199622427,1,
trino,query12,measured,3,20260507_015901_00039_ja3es,success,1.845,1.786,0.541962,54343100,0,3608,ca66bb68d3052813c5788fd199622427,1,
trino,query13,validation,1,20260507_015903_00040_ja3es,success,18.99,18.926,0.052659,0,0,0,d8f6389458eecd4a8f94ea769e27bfda,1,
trino,query13,warmup,0,20260507_015922_00041_ja3es,success,0.225,0.163,4.442015,90,0,0,195115f6fd7a5831cd5ff4b52339a5d1,1,
trino,query13,measured,1,20260507_015922_00042_ja3es,success,0.24,0.182,4.16677,90,0,0,195115f6fd7a5831cd5ff4b52339a5d1,1,
trino,query13,measured,2,20260507_015922_00043_ja3es,success,0.286,0.168,3.499397,90,0,0,195115f6fd7a5831cd5ff4b52339a5d1,1,
trino,query13,measured,3,20260507_015922_00044_ja3es,success,0.291,0.179,3.435915,90,0,0,195115f6fd7a5831cd5ff4b52339a5d1,1,
trino,query14,validation,1,20260507_015923_00045_ja3es,success,131.909,131.801,0.007581,0,0,0,473fd049e52df9b45ad02b0e11a5e03c,100,
trino,query14,warmup,0,20260507_020135_00046_ja3es,success,124.51,124.447,0.008032,907437143,0,401696,ca66bb68d3052813c5788fd199622427,1,
trino,query14,measured,1,20260507_020339_00047_ja3es,success,118.49,118.426,0.00844,837474746,0,384878,ca66bb68d3052813c5788fd199622427,1,
trino,query14,measured,2,20260507_020538_00048_ja3es,success,120.921,120.858,0.00827,815432736,0,396534,ca66bb68d3052813c5788fd199622427,1,
trino,query14,measured,3,20260507_020739_00049_ja3es,success,119.176,119.113,0.008391,802347153,0,393518,ca66bb68d3052813c5788fd199622427,1,
trino,query15,validation,1,20260507_020938_00050_ja3es,success,4.867,4.758,0.20547,0,0,0,edc95aa39b4e0d4513ea268fcedc4715,100,
trino,query15,warmup,0,20260507_020943_00051_ja3es,success,2.452,2.395,0.407762,97681746,0,4277,ca66bb68d3052813c5788fd199622427,1,
trino,query15,measured,1,20260507_020945_00052_ja3es,success,3.067,3.01,0.326004,120891117,0,5127,ca66bb68d3052813c5788fd199622427,1,
trino,query15,measured,2,20260507_020948_00053_ja3es,success,2.427,2.369,0.411975,92163168,0,3707,ca66bb68d3052813c5788fd199622427,1,
trino,query15,measured,3,20260507_020951_00054_ja3es,success,2.192,2.134,0.456161,98766033,0,3563,ca66bb68d3052813c5788fd199622427,1,
trino,query16,validation,1,20260507_020953_00055_ja3es,success,10.304,10.243,0.097048,0,0,0,6814e7cb6768dc40ad71dbf878c7ac1a,1,
trino,query16,warmup,0,20260507_021003_00056_ja3es,success,0.291,0.177,3.438683,90,0,0,195115f6fd7a5831cd5ff4b52339a5d1,1,
trino,query16,measured,1,20260507_021003_00057_ja3es,success,0.221,0.162,4.527278,90,0,0,195115f6fd7a5831cd5ff4b52339a5d1,1,
trino,query16,measured,2,20260507_021004_00058_ja3es,success,0.223,0.159,4.490211,90,0,0,195115f6fd7a5831cd5ff4b52339a5d1,1,
trino,query16,measured,3,20260507_021004_00059_ja3es,success,0.272,0.161,3.67823,90,0,0,195115f6fd7a5831cd5ff4b52339a5d1,1,
trino,query17,validation,1,20260507_021004_00060_ja3es,success,19.768,19.675,0.050586,0,0,0,d4c89e025e82e66fbc033c50f17d8a41,100,
trino,query17,warmup,0,20260507_021024_00061_ja3es,success,20.729,20.658,0.048242,301415488,0,40912,ca66bb68d3052813c5788fd199622427,1,
trino,query17,measured,1,20260507_021045_00062_ja3es,success,16.082,16.02,0.062181,301235045,0,34927,ca66bb68d3052813c5788fd199622427,1,
trino,query17,measured,2,20260507_021101_00063_ja3es,success,15.625,15.567,0.063998,295867644,0,35069,ca66bb68d3052813c5788fd199622427,1,
trino,query17,measured,3,20260507_021116_00064_ja3es,success,15.795,15.734,0.063313,296664280,0,33783,ca66bb68d3052813c5788fd199622427,1,
trino,query18,validation,1,20260507_021132_00065_ja3es,success,11.355,11.281,0.08807,0,0,0,9a9a558cc713fcacaef1e1ba74bb688f,100,
trino,query18,warmup,0,20260507_021143_00066_ja3es,success,6.74,6.629,0.148361,132083166,0,13622,ca66bb68d3052813c5788fd199622427,1,
trino,query18,measured,1,20260507_021150_00067_ja3es,success,6.327,6.229,0.158049,122729284,0,12555,ca66bb68d3052813c5788fd199622427,1,
trino,query18,measured,2,20260507_021156_00068_ja3es,success,5.603,5.542,0.178478,136893064,0,12267,ca66bb68d3052813c5788fd199622427,1,
trino,query18,measured,3,20260507_021202_00069_ja3es,success,5.947,5.888,0.168146,139311607,0,13640,ca66bb68d3052813c5788fd199622427,1,
trino,query19,validation,1,20260507_021208_00070_ja3es,success,8.199,8.14,0.121965,0,0,0,6cb5ec9ce9866465ecca53e05493eb0a,100,
trino,query19,warmup,0,20260507_021216_00071_ja3es,success,7.483,7.423,0.133634,150236046,0,19217,ca66bb68d3052813c5788fd199622427,1,
trino,query19,measured,1,20260507_021224_00072_ja3es,success,7.929,7.865,0.126126,74107801,0,17681,ca66bb68d3052813c5788fd199622427,1,
trino,query19,measured,2,20260507_021232_00073_ja3es,success,6.734,6.609,0.148507,94122445,0,18423,ca66bb68d3052813c5788fd199622427,1,
trino,query19,measured,3,20260507_021238_00074_ja3es,success,6.08,6.022,0.164475,65848693,0,16599,ca66bb68d3052813c5788fd199622427,1,
trino,query20,validation,1,20260507_021244_00075_ja3es,success,1.848,1.789,0.541184,0,0,0,d4d8b64fcbab2cb275136a9de0156d7e,100,
trino,query20,warmup,0,20260507_021246_00076_ja3es,success,1.329,1.216,0.752419,25938889,0,2003,ca66bb68d3052813c5788fd199622427,1,
trino,query20,measured,1,20260507_021248_00077_ja3es,success,0.841,0.782,1.189129,8754393,0,1500,ca66bb68d3052813c5788fd199622427,1,
trino,query20,measured,2,20260507_021248_00078_ja3es,success,0.891,0.81,1.121887,8258516,0,1673,ca66bb68d3052813c5788fd199622427,1,
trino,query20,measured,3,20260507_021249_00079_ja3es,success,0.942,0.883,1.062084,8262260,0,1733,ca66bb68d3052813c5788fd199622427,1,
trino,query21,validation,1,20260507_021250_00080_ja3es,success,3.365,3.302,0.297134,0,0,0,c1afc03b75fa09093f19f636e13bbdb3,100,
trino,query21,warmup,0,20260507_021254_00081_ja3es,success,2.489,2.377,0.401803,66854816,0,3966,ca66bb68d3052813c5788fd199622427,1,
trino,query21,measured,1,20260507_021256_00082_ja3es,success,3.009,2.922,0.332292,81669104,0,7716,ca66bb68d3052813c5788fd199622427,1,
trino,query21,measured,2,20260507_021259_00083_ja3es,success,2.279,2.218,0.438822,62337740,0,3945,ca66bb68d3052813c5788fd199622427,1,
trino,query21,measured,3,20260507_021301_00084_ja3es,success,2.098,2.037,0.476645,66735232,0,3808,ca66bb68d3052813c5788fd199622427,1,
trino,query22,validation,1,20260507_021304_00085_ja3es,success,16.547,16.488,0.060435,0,0,0,ca92a0c5f785888aaa69ddb9e3b44f2e,100,
trino,query22,warmup,0,20260507_021320_00086_ja3es,success,16.83,16.639,0.059416,285863926,0,52650,ca66bb68d3052813c5788fd199622427,1,
trino,query22,measured,1,20260507_021337_00092_ja3es,success,25.165,24.981,0.039738,256424038,0,56070,ca66bb68d3052813c5788fd199622427,1,
trino,query22,measured,2,20260507_021402_00093_ja3es,success,18.199,18.138,0.054949,264567563,0,54021,ca66bb68d3052813c5788fd199622427,1,
trino,query22,measured,3,20260507_021420_00094_ja3es,success,17.626,17.563,0.056736,269474265,0,55259,ca66bb68d3052813c5788fd199622427,1,
trino,query23,validation,1,20260507_033932_00002_zj6nk,success,126.3,126.203,0.007918,0,0,0,20f73fbf6b733dcf3685054f2bf59b10,1,
trino,query23,warmup,0,20260507_034139_00003_zj6nk,success,0.316,0.198,3.164675,90,0,0,195115f6fd7a5831cd5ff4b52339a5d1,1,
trino,query23,measured,1,20260507_034139_00004_zj6nk,success,0.307,0.187,3.262044,90,0,0,195115f6fd7a5831cd5ff4b52339a5d1,1,
trino,query23,measured,2,20260507_034139_00005_zj6nk,success,0.242,0.178,4.130934,90,0,0,195115f6fd7a5831cd5ff4b52339a5d1,1,
trino,query23,measured,3,20260507_034140_00006_zj6nk,success,0.251,0.188,3.976381,90,0,0,195115f6fd7a5831cd5ff4b52339a5d1,1,
trino,query24,validation,1,20260507_034140_00007_zj6nk,success,15.462,15.341,0.064675,0,0,0,ec5b3e5c0b1a8dbbf9df67ae48be686b,18,
trino,query24,warmup,0,20260507_034155_00008_zj6nk,success,11.827,11.756,0.084551,875232400,0,48011,3c808697e0c647b3f5c6c8e77b9e831e,1,
trino,query24,measured,1,20260507_034207_00009_zj6nk,success,12.484,12.418,0.080105,733004035,0,47213,3c808697e0c647b3f5c6c8e77b9e831e,1,
trino,query24,measured,2,20260507_034220_00010_zj6nk,success,9.535,9.473,0.104871,830008677,0,42274,3c808697e0c647b3f5c6c8e77b9e831e,1,
trino,query24,measured,3,20260507_034229_00011_zj6nk,success,12.606,12.542,0.079328,815765339,0,46063,3c808697e0c647b3f5c6c8e77b9e831e,1,
trino,query25,validation,1,20260507_034242_00012_zj6nk,success,13.803,13.724,0.072446,0,0,0,696e1024cd7b46cd9a13987ea297131d,28,
trino,query25,warmup,0,20260507_034256_00013_zj6nk,success,10.918,10.857,0.091595,289440692,0,35534,be6fc675ff4b80542c2f22e33c2642a1,1,
trino,query25,measured,1,20260507_034307_00014_zj6nk,success,10.575,10.511,0.094564,286939204,0,37880,be6fc675ff4b80542c2f22e33c2642a1,1,
trino,query25,measured,2,20260507_034317_00015_zj6nk,success,10.122,10.058,0.098799,287107720,0,36680,be6fc675ff4b80542c2f22e33c2642a1,1,
trino,query25,measured,3,20260507_034327_00016_zj6nk,success,8.797,8.736,0.113681,245299865,0,32360,be6fc675ff4b80542c2f22e33c2642a1,1,
trino,query26,validation,1,20260507_034336_00017_zj6nk,success,4.727,4.665,0.211546,0,0,0,3c84f4fd786e7c84e7a2fa5c4c1cb4da,100,
trino,query26,warmup,0,20260507_034341_00018_zj6nk,success,2.732,2.645,0.366073,80686850,0,10109,ca66bb68d3052813c5788fd199622427,1,
trino,query26,measured,1,20260507_034343_00019_zj6nk,success,2.281,2.22,0.438399,106179278,0,8635,ca66bb68d3052813c5788fd199622427,1,
trino,query26,measured,2,20260507_034346_00020_zj6nk,success,2.488,2.428,0.4019,79402165,0,8494,ca66bb68d3052813c5788fd199622427,1,
trino,query26,measured,3,20260507_034348_00021_zj6nk,success,2.309,2.248,0.433098,79935138,0,9323,ca66bb68d3052813c5788fd199622427,1,
trino,query27,validation,1,20260507_034351_00022_zj6nk,success,7.448,7.382,0.134259,0,0,0,debf2d43f5e2f6f54fd6c7c74fe21cb4,100,
trino,query27,warmup,0,20260507_034358_00023_zj6nk,success,4.271,4.192,0.23413,92368762,0,20145,ca66bb68d3052813c5788fd199622427,1,
trino,query27,measured,1,20260507_034402_00024_zj6nk,success,4.078,4.018,0.2452,121068299,0,18227,ca66bb68d3052813c5788fd199622427,1,
trino,query27,measured,2,20260507_034406_00025_zj6nk,success,4.226,4.166,0.236615,92595642,0,17319,ca66bb68d3052813c5788fd199622427,1,
trino,query27,measured,3,20260507_034411_00026_zj6nk,success,3.728,3.622,0.26823,134642700,0,18777,ca66bb68d3052813c5788fd199622427,1,
trino,query28,validation,1,20260507_034414_00027_zj6nk,success,19.126,19.063,0.052285,0,0,0,853ebb0fc864d1aa90207f6faff9d863,1,
trino,query28,warmup,0,20260507_034433_00028_zj6nk,success,0.281,0.163,3.556098,90,0,0,195115f6fd7a5831cd5ff4b52339a5d1,1,
trino,query28,measured,1,20260507_034434_00029_zj6nk,success,0.28,0.164,3.577392,90,0,0,195115f6fd7a5831cd5ff4b52339a5d1,1,
trino,query28,measured,2,20260507_034434_00030_zj6nk,success,0.227,0.167,4.404007,90,0,0,195115f6fd7a5831cd5ff4b52339a5d1,1,
trino,query28,measured,3,20260507_034434_00031_zj6nk,success,0.28,0.165,3.570482,90,0,0,195115f6fd7a5831cd5ff4b52339a5d1,1,
trino,query29,validation,1,20260507_034435_00032_zj6nk,success,11.692,11.63,0.08553,0,0,0,ba64d9d2624b5ada6b282633c4816e94,85,
trino,query29,warmup,0,20260507_034446_00033_zj6nk,success,9.523,9.424,0.105006,201405588,0,37489,3d56e19c7cb1fa506aa843cba4f89e6d,1,
trino,query29,measured,1,20260507_034456_00034_zj6nk,success,9.075,9.014,0.110192,119416568,0,34835,3d56e19c7cb1fa506aa843cba4f89e6d,1,
trino,query29,measured,2,20260507_034505_00035_zj6nk,success,9.962,9.897,0.100386,209176700,0,39734,3d56e19c7cb1fa506aa843cba4f89e6d,1,
trino,query29,measured,3,20260507_034515_00036_zj6nk,success,10.194,10.132,0.098096,208687028,0,39711,3d56e19c7cb1fa506aa843cba4f89e6d,1,
trino,query30,validation,1,20260507_034525_00037_zj6nk,success,2.833,2.771,0.353029,0,0,0,1931ecfbc11dc2aaa9d584535f9721ef,100,
trino,query30,warmup,0,20260507_034528_00038_zj6nk,success,2.291,2.229,0.436558,99312930,0,6240,ca66bb68d3052813c5788fd199622427,1,
trino,query30,measured,1,20260507_034530_00039_zj6nk,success,2.281,2.212,0.438318,145508616,0,6486,ca66bb68d3052813c5788fd199622427,1,
trino,query30,measured,2,20260507_034532_00040_zj6nk,success,1.884,1.824,0.530907,97165266,0,4433,ca66bb68d3052813c5788fd199622427,1,
trino,query30,measured,3,20260507_034534_00041_zj6nk,success,1.502,1.395,0.66579,59600897,0,4337,ca66bb68d3052813c5788fd199622427,1,
trino,query31,validation,1,20260507_034536_00042_zj6nk,success,13.702,13.64,0.07298,0,0,0,d8256c471635e2179c01f6fb360122f0,290,
trino,query31,warmup,0,20260507_034549_00043_zj6nk,success,11.606,11.545,0.086162,601923461,0,66253,b793f2d068a18eb5da234a48cca8d47c,1,
trino,query31,measured,1,20260507_034601_00044_zj6nk,success,12.274,12.198,0.081475,668817705,0,67639,b793f2d068a18eb5da234a48cca8d47c,1,
trino,query31,measured,2,20260507_034613_00045_zj6nk,success,13.268,13.206,0.075368,670001062,0,66944,b793f2d068a18eb5da234a48cca8d47c,1,
trino,query31,measured,3,20260507_034627_00046_zj6nk,success,10.837,10.776,0.092274,559926645,0,65365,b793f2d068a18eb5da234a48cca8d47c,1,
trino,query32,validation,1,20260507_034637_00047_zj6nk,success,1.81,1.745,0.552385,0,0,0,cf52b3a1e7fce52128f4cc86529182d7,1,
trino,query32,warmup,0,20260507_034639_00048_zj6nk,success,0.278,0.164,3.599305,90,0,0,195115f6fd7a5831cd5ff4b52339a5d1,1,
trino,query32,measured,1,20260507_034640_00049_zj6nk,success,0.277,0.163,3.611773,90,0,0,195115f6fd7a5831cd5ff4b52339a5d1,1,
trino,query32,measured,2,20260507_034640_00050_zj6nk,success,0.281,0.166,3.556423,90,0,0,195115f6fd7a5831cd5ff4b52339a5d1,1,
trino,query32,measured,3,20260507_034640_00051_zj6nk,success,0.277,0.163,3.606857,90,0,0,195115f6fd7a5831cd5ff4b52339a5d1,1,
trino,query33,validation,1,20260507_034640_00052_zj6nk,success,5.952,5.886,0.168001,0,0,0,345a7cb4ffbc8132856368f3ee99e896,100,
trino,query33,warmup,0,20260507_034646_00053_zj6nk,success,4.898,4.837,0.204149,266880259,0,24691,ca66bb68d3052813c5788fd199622427,1,
trino,query33,measured,1,20260507_034651_00054_zj6nk,success,4.687,4.572,0.213348,243573489,0,24012,ca66bb68d3052813c5788fd199622427,1,
trino,query33,measured,2,20260507_034656_00055_zj6nk,success,4.53,4.469,0.220763,301385925,0,24236,ca66bb68d3052813c5788fd199622427,1,
trino,query33,measured,3,20260507_034700_00056_zj6nk,success,4.951,4.886,0.201989,199967073,0,23595,ca66bb68d3052813c5788fd199622427,1,
trino,query34,validation,1,20260507_034705_00057_zj6nk,success,4.16,4.096,0.240408,0,0,0,ab290e03ed3ee08d8131239600c0990f,3064,
trino,query34,warmup,0,20260507_034710_00058_zj6nk,success,3.719,3.64,0.268904,134008441,0,19832,ab3f30bc7eec7726dec9eaa9f780f0f1,1,
trino,query34,measured,1,20260507_034713_00059_zj6nk,success,3.733,3.63,0.267893,133810492,0,20131,ab3f30bc7eec7726dec9eaa9f780f0f1,1,
trino,query34,measured,2,20260507_034717_00060_zj6nk,success,3.434,3.373,0.291191,114351190,0,18974,ab3f30bc7eec7726dec9eaa9f780f0f1,1,
trino,query34,measured,3,20260507_034721_00061_zj6nk,success,3.507,3.447,0.285168,135467281,0,18692,ab3f30bc7eec7726dec9eaa9f780f0f1,1,
trino,query35,validation,1,20260507_034724_00062_zj6nk,success,8.291,8.227,0.120616,0,0,0,f97007b6843d0e1956b4f31fea7bfba5,100,
trino,query35,warmup,0,20260507_034732_00063_zj6nk,success,6.374,6.271,0.156886,136424131,0,23891,ca66bb68d3052813c5788fd199622427,1,
trino,query35,measured,1,20260507_034739_00064_zj6nk,success,6.393,6.301,0.156419,123663048,0,23522,ca66bb68d3052813c5788fd199622427,1,
trino,query35,measured,2,20260507_034745_00065_zj6nk,success,6.134,6.074,0.163026,118374028,0,24370,ca66bb68d3052813c5788fd199622427,1,
trino,query35,measured,3,20260507_034751_00066_zj6nk,success,6.539,6.479,0.152921,140487487,0,24329,ca66bb68d3052813c5788fd199622427,1,
trino,query36,validation,1,20260507_034758_00067_zj6nk,success,7.356,7.239,0.135942,0,0,0,4a186352aa6139807dbc794065e307fa,100,
trino,query36,warmup,0,20260507_034805_00068_zj6nk,success,7.509,7.449,0.133171,434726410,0,42732,ca66bb68d3052813c5788fd199622427,1,
trino,query36,measured,1,20260507_034813_00069_zj6nk,success,7.209,7.147,0.138717,434732175,0,40439,ca66bb68d3052813c5788fd199622427,1,
trino,query36,measured,2,20260507_034820_00070_zj6nk,success,7.802,7.742,0.12817,434724036,0,41618,ca66bb68d3052813c5788fd199622427,1,
trino,query36,measured,3,20260507_034828_00071_zj6nk,success,7.272,7.183,0.137508,434729633,0,41378,ca66bb68d3052813c5788fd199622427,1,
trino,query37,validation,1,20260507_034835_00072_zj6nk,success,2.214,2.11,0.451656,0,0,0,ffe59b0b76620e5f5e5d3e07f3c16dc4,1,
trino,query37,warmup,0,20260507_034837_00073_zj6nk,success,1.84,1.779,0.543519,33162132,0,5421,195115f6fd7a5831cd5ff4b52339a5d1,1,
trino,query37,measured,1,20260507_034839_00074_zj6nk,success,1.615,1.555,0.619057,41190373,0,4489,195115f6fd7a5831cd5ff4b52339a5d1,1,
trino,query37,measured,2,20260507_034841_00075_zj6nk,success,1.833,1.769,0.545646,12809111,0,5552,195115f6fd7a5831cd5ff4b52339a5d1,1,
trino,query37,measured,3,20260507_034842_00076_zj6nk,success,1.965,1.906,0.508781,61482613,0,7406,195115f6fd7a5831cd5ff4b52339a5d1,1,
trino,query38,validation,1,20260507_034844_00077_zj6nk,success,9.513,9.448,0.105114,0,0,0,b40c67649131a70c205191b434d42148,1,
trino,query38,warmup,0,20260507_034854_00078_zj6nk,success,0.276,0.163,3.623933,90,0,0,195115f6fd7a5831cd5ff4b52339a5d1,1,
trino,query38,measured,1,20260507_034854_00079_zj6nk,success,0.225,0.165,4.452413,90,0,0,195115f6fd7a5831cd5ff4b52339a5d1,1,
trino,query38,measured,2,20260507_034854_00080_zj6nk,success,0.227,0.165,4.408657,90,0,0,195115f6fd7a5831cd5ff4b52339a5d1,1,
trino,query38,measured,3,20260507_034855_00081_zj6nk,success,0.277,0.164,3.605222,90,0,0,195115f6fd7a5831cd5ff4b52339a5d1,1,
trino,query39,validation,1,20260507_034855_00082_zj6nk,success,8.472,8.411,0.118036,0,0,0,b8f39f679e6f388e9574a0778051b383,741,
trino,query39,warmup,0,20260507_034903_00083_zj6nk,success,5.965,5.904,0.167653,236509106,0,25116,232ffdf88c0e7826f54c5da2786c7b0e,1,
trino,query39,measured,1,20260507_034909_00084_zj6nk,success,4.932,4.872,0.202769,237631069,0,22675,232ffdf88c0e7826f54c5da2786c7b0e,1,
trino,query39,measured,2,20260507_034914_00085_zj6nk,success,7.491,7.431,0.133487,290047254,0,26831,232ffdf88c0e7826f54c5da2786c7b0e,1,
trino,query39,measured,3,20260507_034922_00086_zj6nk,success,7.071,7.01,0.141418,241160972,0,24242,232ffdf88c0e7826f54c5da2786c7b0e,1,
trino,query40,validation,1,20260507_034929_00087_zj6nk,success,1.413,1.348,0.707679,0,0,0,5e89f65d55e849cf3acf11e917b95514,100,
trino,query40,warmup,0,20260507_034930_00088_zj6nk,success,0.83,0.769,1.205492,2358272,0,2553,ca66bb68d3052813c5788fd199622427,1,
trino,query40,measured,1,20260507_034931_00089_zj6nk,success,0.756,0.697,1.322105,2098606,0,2466,ca66bb68d3052813c5788fd199622427,1,
trino,query40,measured,2,20260507_034932_00090_zj6nk,success,0.774,0.713,1.291793,2098750,0,2397,ca66bb68d3052813c5788fd199622427,1,
trino,query40,measured,3,20260507_034933_00091_zj6nk,success,0.787,0.726,1.271395,2098942,0,2329,ca66bb68d3052813c5788fd199622427,1,
trino,query41,validation,1,20260507_034933_00092_zj6nk,success,0.34,0.235,2.940924,0,0,0,b6997a2314e8547cda101f3760fbe9e0,2,
trino,query41,warmup,0,20260507_034934_00093_zj6nk,success,0.355,0.295,2.81352,131503,0,56,597b0896f18b0201f06e410dd15652a3,1,
trino,query41,measured,1,20260507_034934_00094_zj6nk,success,0.286,0.226,3.495341,131663,0,42,597b0896f18b0201f06e410dd15652a3,1,
trino,query41,measured,2,20260507_034934_00095_zj6nk,success,0.274,0.214,3.653881,131823,0,38,597b0896f18b0201f06e410dd15652a3,1,
trino,query41,measured,3,20260507_034935_00096_zj6nk,success,0.281,0.183,3.558927,131823,0,49,597b0896f18b0201f06e410dd15652a3,1,
trino,query42,validation,1,20260507_034935_00097_zj6nk,success,4.144,4.085,0.241287,0,0,0,9ac6613b6d4aef8d33ac0d003ab1370c,10,
trino,query42,warmup,0,20260507_034939_00098_zj6nk,success,4.486,4.427,0.22292,207028695,0,19093,ac1167c037274ff7323e1a9cc32124a8,1,
trino,query42,measured,1,20260507_034944_00099_zj6nk,success,3.49,3.378,0.286566,104787718,0,16317,ac1167c037274ff7323e1a9cc32124a8,1,
trino,query42,measured,2,20260507_034947_00100_zj6nk,success,4.54,4.479,0.220265,233681449,0,18993,ac1167c037274ff7323e1a9cc32124a8,1,
trino,query42,measured,3,20260507_034952_00101_zj6nk,success,4.223,4.163,0.23681,174757923,0,17686,ac1167c037274ff7323e1a9cc32124a8,1,
trino,query43,validation,1,20260507_034956_00102_zj6nk,success,3.801,3.74,0.263064,0,0,0,73a0e7e080d98aab35ebf043dd027849,25,
trino,query43,warmup,0,20260507_035000_00103_zj6nk,success,4.249,4.189,0.23536,182010251,0,20821,6d4566bea7781dceb716529a2b1c8e0c,1,
trino,query43,measured,1,20260507_035004_00104_zj6nk,success,3.934,3.875,0.254178,190868904,0,19582,6d4566bea7781dceb716529a2b1c8e0c,1,
trino,query43,measured,2,20260507_035008_00105_zj6nk,success,3.962,3.852,0.252391,193625905,0,19431,6d4566bea7781dceb716529a2b1c8e0c,1,
trino,query43,measured,3,20260507_035012_00106_zj6nk,success,3.263,3.204,0.306454,174246638,0,17556,6d4566bea7781dceb716529a2b1c8e0c,1,
trino,query44,validation,1,20260507_035015_00107_zj6nk,success,8.041,7.978,0.124364,0,0,0,618508b95347d401beee3c899f2192ee,12,
trino,query44,warmup,0,20260507_035023_00108_zj6nk,success,7.54,7.476,0.132634,68280972,0,45098,36b1243fbf8a8b5c4d4220355a5680f4,1,
trino,query44,measured,1,20260507_035031_00109_zj6nk,success,7.241,7.179,0.13811,64600314,0,44606,36b1243fbf8a8b5c4d4220355a5680f4,1,
trino,query44,measured,2,20260507_035038_00110_zj6nk,success,7.232,7.171,0.138283,59745864,0,44215,36b1243fbf8a8b5c4d4220355a5680f4,1,
trino,query44,measured,3,20260507_035045_00111_zj6nk,success,7.017,6.956,0.142521,67335308,0,44186,36b1243fbf8a8b5c4d4220355a5680f4,1,
trino,query45,validation,1,20260507_035052_00112_zj6nk,success,3.041,2.974,0.328786,0,0,0,2e8c6578b32170592d20ec36609bb2ee,100,
trino,query45,warmup,0,20260507_035055_00113_zj6nk,success,2.133,2.072,0.468731,198913339,0,7050,ca66bb68d3052813c5788fd199622427,1,
trino,query45,measured,1,20260507_035057_00114_zj6nk,success,2.123,2.053,0.471056,193353388,0,6713,ca66bb68d3052813c5788fd199622427,1,
trino,query45,measured,2,20260507_035059_00115_zj6nk,success,2.158,2.098,0.46342,198687217,0,7889,ca66bb68d3052813c5788fd199622427,1,
trino,query45,measured,3,20260507_035102_00116_zj6nk,success,2.081,1.971,0.480458,183586987,0,6635,ca66bb68d3052813c5788fd199622427,1,
trino,query46,validation,1,20260507_035104_00117_zj6nk,success,6.692,6.631,0.149436,0,0,0,f7a0806a31aa63b9b42029eced1a5ea9,100,
trino,query46,warmup,0,20260507_035110_00118_zj6nk,success,5.272,5.212,0.189668,335230922,0,27398,ca66bb68d3052813c5788fd199622427,1,
trino,query46,measured,1,20260507_035116_00119_zj6nk,success,5.023,4.963,0.199096,298136475,0,27167,ca66bb68d3052813c5788fd199622427,1,
trino,query46,measured,2,20260507_035121_00120_zj6nk,success,5.261,5.149,0.190096,349207221,0,26657,ca66bb68d3052813c5788fd199622427,1,
trino,query46,measured,3,20260507_035126_00121_zj6nk,success,5.102,5.042,0.195997,311091653,0,25790,ca66bb68d3052813c5788fd199622427,1,
trino,query47,validation,1,20260507_035131_00122_zj6nk,success,58.945,58.874,0.016965,0,0,0,80338aafd7dd5b9d125184cc28e4d0b6,100,
trino,query47,warmup,0,20260507_035230_00123_zj6nk,success,52.046,51.982,0.019214,811736173,0,326695,ca66bb68d3052813c5788fd199622427,1,
trino,query47,measured,1,20260507_035322_00124_zj6nk,success,50.335,50.271,0.019867,932034539,0,323612,ca66bb68d3052813c5788fd199622427,1,
trino,query47,measured,2,20260507_035412_00125_zj6nk,success,48.874,48.793,0.020461,790585203,0,320085,ca66bb68d3052813c5788fd199622427,1,
trino,query47,measured,3,20260507_035501_00126_zj6nk,success,49.604,49.543,0.020159,846946302,0,322077,ca66bb68d3052813c5788fd199622427,1,
trino,query48,validation,1,20260507_035551_00127_zj6nk,success,9.241,9.143,0.108213,0,0,0,cd0d23c33c35379e4ca97649ea884db7,1,
trino,query48,warmup,0,20260507_035600_00128_zj6nk,success,0.277,0.163,3.608802,90,0,0,195115f6fd7a5831cd5ff4b52339a5d1,1,
trino,query48,measured,1,20260507_035600_00129_zj6nk,success,0.223,0.164,4.484458,90,0,0,195115f6fd7a5831cd5ff4b52339a5d1,1,
trino,query48,measured,2,20260507_035601_00130_zj6nk,success,0.225,0.165,4.449583,90,0,0,195115f6fd7a5831cd5ff4b52339a5d1,1,
trino,query48,measured,3,20260507_035601_00131_zj6nk,success,0.278,0.163,3.597975,90,0,0,195115f6fd7a5831cd5ff4b52339a5d1,1,
trino,query49,validation,1,20260507_035601_00132_zj6nk,success,8.693,8.625,0.115035,0,0,0,564db4204ec76f85c021f6e970a24d14,69,
trino,query49,warmup,0,20260507_035610_00133_zj6nk,success,8.186,8.124,0.122163,377212852,0,33684,dbf1f5e607728f1afb78c2d65f75cd7d,1,
trino,query49,measured,1,20260507_035618_00134_zj6nk,success,7.573,7.512,0.132056,292179952,0,35087,dbf1f5e607728f1afb78c2d65f75cd7d,1,
trino,query49,measured,2,20260507_035626_00135_zj6nk,success,8.257,8.191,0.12111,362285455,0,34591,dbf1f5e607728f1afb78c2d65f75cd7d,1,
trino,query49,measured,3,20260507_035634_00136_zj6nk,success,7.487,7.417,0.133561,249811029,0,33563,dbf1f5e607728f1afb78c2d65f75cd7d,1,
trino,query50,validation,1,20260507_035641_00137_zj6nk,success,8.568,8.507,0.116707,0,0,0,eeceec4b3516cd4698d1a651649e91d6,72,
trino,query50,warmup,0,20260507_035650_00138_zj6nk,success,8.236,8.174,0.121426,270593155,0,41565,1e23aa3434bfbaa564f1a0835d73fbc9,1,
trino,query50,measured,1,20260507_035658_00139_zj6nk,success,7.391,7.33,0.135295,267891485,0,41552,1e23aa3434bfbaa564f1a0835d73fbc9,1,
trino,query50,measured,2,20260507_035705_00140_zj6nk,success,7.085,7.025,0.141135,271964897,0,40268,1e23aa3434bfbaa564f1a0835d73fbc9,1,
trino,query50,measured,3,20260507_035713_00141_zj6nk,success,7.436,7.376,0.134472,271515152,0,40949,1e23aa3434bfbaa564f1a0835d73fbc9,1,
trino,query51,validation,1,20260507_035720_00142_zj6nk,success,37.087,37.019,0.026964,0,0,0,802ba2afc33a07dbaf7316800093ec59,100,
trino,query51,warmup,0,20260507_035757_00143_zj6nk,success,30.793,30.732,0.032475,889749370,0,143954,ca66bb68d3052813c5788fd199622427,1,
trino,query51,measured,1,20260507_035828_00144_zj6nk,success,31.257,31.197,0.031993,810932190,0,147257,ca66bb68d3052813c5788fd199622427,1,
trino,query51,measured,2,20260507_035859_00145_zj6nk,success,31.611,31.55,0.031635,819301950,0,150282,ca66bb68d3052813c5788fd199622427,1,
trino,query51,measured,3,20260507_035931_00146_zj6nk,success,35.625,35.566,0.02807,958545777,0,170948,ca66bb68d3052813c5788fd199622427,1,
trino,query52,validation,1,20260507_040006_00147_zj6nk,success,4.826,4.764,0.207193,0,0,0,1318e34bfc29d0444b30c0a9c08d215d,100,
trino,query52,warmup,0,20260507_040011_00148_zj6nk,success,4.204,4.145,0.237879,354065089,0,21657,ca66bb68d3052813c5788fd199622427,1,
trino,query52,measured,1,20260507_040015_00149_zj6nk,success,4.636,4.548,0.215718,183270831,0,22157,ca66bb68d3052813c5788fd199622427,1,
trino,query52,measured,2,20260507_040020_00150_zj6nk,success,4.315,4.255,0.231753,132853270,0,17839,ca66bb68d3052813c5788fd199622427,1,
trino,query52,measured,3,20260507_040024_00151_zj6nk,success,4.833,4.773,0.206919,243942481,0,19393,ca66bb68d3052813c5788fd199622427,1,
trino,query53,validation,1,20260507_040029_00152_zj6nk,success,4.097,4.036,0.244075,0,0,0,59b47644bb62bcbc31a3624a4a9d1f5b,100,
trino,query53,warmup,0,20260507_040033_00153_zj6nk,success,3.459,3.343,0.289142,137896672,0,17493,ca66bb68d3052813c5788fd199622427,1,
trino,query53,measured,1,20260507_040037_00154_zj6nk,success,3.418,3.358,0.292599,104321772,0,15873,ca66bb68d3052813c5788fd199622427,1,
trino,query53,measured,2,20260507_040040_00155_zj6nk,success,3.489,3.4,0.286598,137321407,0,16081,ca66bb68d3052813c5788fd199622427,1,
trino,query53,measured,3,20260507_040044_00156_zj6nk,success,3.817,3.713,0.262008,155219726,0,16649,ca66bb68d3052813c5788fd199622427,1,
trino,query54,validation,1,20260507_040047_00157_zj6nk,failed,5.293,5.177,0.0,0,0,0,,0,
trino,query54,warmup,0,20260507_040053_00158_zj6nk,success,4.423,4.364,0.226069,195561240,0,20336,9ea25eb23181a0b3f1a940b3bda30700,1,
trino,query54,measured,1,20260507_040057_00159_zj6nk,success,5.098,4.99,0.196155,190968844,0,20855,9ea25eb23181a0b3f1a940b3bda30700,1,
trino,query54,measured,2,20260507_040102_00160_zj6nk,success,4.27,4.209,0.234179,190527689,0,21197,9ea25eb23181a0b3f1a940b3bda30700,1,
trino,query54,measured,3,20260507_040107_00161_zj6nk,success,4.518,4.425,0.221317,190883764,0,19786,9ea25eb23181a0b3f1a940b3bda30700,1,
trino,query55,validation,1,20260507_040111_00162_zj6nk,success,3.369,3.307,0.296845,0,0,0,b826c48448899f2965750bf90d6fb29a,100,
trino,query55,warmup,0,20260507_040114_00163_zj6nk,success,2.841,2.741,0.351963,137489507,0,13562,ca66bb68d3052813c5788fd199622427,1,
trino,query55,measured,1,20260507_040117_00164_zj6nk,success,2.882,2.823,0.347032,103554345,0,13035,ca66bb68d3052813c5788fd199622427,1,
trino,query55,measured,2,20260507_040120_00165_zj6nk,success,2.949,2.83,0.339092,103776016,0,12777,ca66bb68d3052813c5788fd199622427,1,
trino,query55,measured,3,20260507_040123_00166_zj6nk,success,2.979,2.874,0.335695,137624450,0,13164,ca66bb68d3052813c5788fd199622427,1,
trino,query56,validation,1,20260507_040126_00167_zj6nk,success,5.902,5.842,0.169443,0,0,0,39d96e774e7e127a26d95861913ad991,100,
trino,query56,warmup,0,20260507_040132_00168_zj6nk,success,5.053,4.994,0.197883,297604026,0,24861,ca66bb68d3052813c5788fd199622427,1,
trino,query56,measured,1,20260507_040137_00169_zj6nk,success,4.372,4.31,0.228719,157833908,0,22143,ca66bb68d3052813c5788fd199622427,1,
trino,query56,measured,2,20260507_040141_00170_zj6nk,success,4.617,4.503,0.216582,268341088,0,23426,ca66bb68d3052813c5788fd199622427,1,
trino,query56,measured,3,20260507_040146_00171_zj6nk,success,5.138,5.078,0.194636,170655092,0,23722,ca66bb68d3052813c5788fd199622427,1,
trino,query57,validation,1,20260507_040151_00172_zj6nk,success,28.105,28.045,0.035581,0,0,0,31faba3df2a3efa52fe435e436160089,100,
trino,query57,warmup,0,20260507_040219_00173_zj6nk,success,24.323,24.261,0.041113,494866880,0,146252,ca66bb68d3052813c5788fd199622427,1,
trino,query57,measured,1,20260507_040244_00174_zj6nk,success,22.965,22.854,0.043545,463315104,0,144829,ca66bb68d3052813c5788fd199622427,1,
trino,query57,measured,2,20260507_040307_00175_zj6nk,success,23.425,23.363,0.042689,439040290,0,143894,ca66bb68d3052813c5788fd199622427,1,
trino,query57,measured,3,20260507_040330_00176_zj6nk,success,23.15,23.088,0.043197,444944842,0,144666,ca66bb68d3052813c5788fd199622427,1,
trino,query58,validation,1,20260507_040353_00177_zj6nk,success,4.596,4.533,0.217588,0,0,0,999254bceacd498a376bb691d13d4eb8,78,
trino,query58,warmup,0,20260507_040358_00178_zj6nk,success,5.155,5.094,0.193986,217283993,0,25289,6ced9a53c209c04d9db0235f414cb8f5,1,
trino,query58,measured,1,20260507_040403_00179_zj6nk,success,4.45,4.387,0.2247,156872009,0,19708,6ced9a53c209c04d9db0235f414cb8f5,1,
trino,query58,measured,2,20260507_040407_00180_zj6nk,success,4.475,4.364,0.223479,150252664,0,20958,6ced9a53c209c04d9db0235f414cb8f5,1,
trino,query58,measured,3,20260507_040412_00181_zj6nk,success,4.203,4.092,0.237946,97609089,0,20067,6ced9a53c209c04d9db0235f414cb8f5,1,
trino,query59,validation,1,20260507_040416_00182_zj6nk,success,11.924,11.864,0.083862,0,0,0,a422dbfb06c454d1fc48276ec240562c,100,
trino,query59,warmup,0,20260507_040428_00183_zj6nk,success,8.544,8.483,0.117047,97465914,0,49039,ca66bb68d3052813c5788fd199622427,1,
trino,query59,measured,1,20260507_040437_00184_zj6nk,success,7.712,7.597,0.129667,98680881,0,47805,ca66bb68d3052813c5788fd199622427,1,
trino,query59,measured,2,20260507_040444_00185_zj6nk,success,7.937,7.876,0.125994,88996621,0,47885,ca66bb68d3052813c5788fd199622427,1,
trino,query59,measured,3,20260507_040452_00186_zj6nk,success,8.31,8.248,0.120335,94145145,0,47892,ca66bb68d3052813c5788fd199622427,1,
trino,query60,validation,1,20260507_040500_00187_zj6nk,success,5.016,4.954,0.19936,0,0,0,a70e47682e2f6e5ad9f9c5e88a9dfb03,100,
trino,query60,warmup,0,20260507_040506_00188_zj6nk,success,4.949,4.889,0.202045,241381831,0,24635,ca66bb68d3052813c5788fd199622427,1,
trino,query60,measured,1,20260507_040510_00189_zj6nk,success,4.873,4.813,0.205199,223538209,0,24435,ca66bb68d3052813c5788fd199622427,1,
trino,query60,measured,2,20260507_040515_00190_zj6nk,success,5.34,5.276,0.187268,329429915,0,25232,ca66bb68d3052813c5788fd199622427,1,
trino,query60,measured,3,20260507_040521_00191_zj6nk,success,5.839,5.758,0.17126,285797452,0,26466,ca66bb68d3052813c5788fd199622427,1,
trino,query61,validation,1,20260507_040527_00192_zj6nk,success,0.496,0.435,2.016256,0,0,0,c2813479301589d16447ded93359a46a,1,
trino,query61,warmup,0,20260507_040527_00193_zj6nk,success,0.456,0.397,2.190877,533032,0,20,195115f6fd7a5831cd5ff4b52339a5d1,1,
trino,query61,measured,1,20260507_040527_00194_zj6nk,success,0.442,0.367,2.261445,534520,0,19,195115f6fd7a5831cd5ff4b52339a5d1,1,
trino,query61,measured,2,20260507_040528_00195_zj6nk,success,0.51,0.449,1.962009,533696,0,17,195115f6fd7a5831cd5ff4b52339a5d1,1,
trino,query61,measured,3,20260507_040528_00196_zj6nk,success,0.42,0.361,2.379842,532728,0,18,195115f6fd7a5831cd5ff4b52339a5d1,1,
trino,query62,validation,1,20260507_040529_00197_zj6nk,success,3.99,3.93,0.250622,0,0,0,1f57c3ff05b1e6d604b000eb4c552e70,100,
trino,query62,warmup,0,20260507_040533_00198_zj6nk,success,1.79,1.731,0.558641,59951225,0,7582,ca66bb68d3052813c5788fd199622427,1,
trino,query62,measured,1,20260507_040535_00199_zj6nk,success,1.675,1.611,0.597045,117072831,0,7585,ca66bb68d3052813c5788fd199622427,1,
trino,query62,measured,2,20260507_040536_00200_zj6nk,success,1.639,1.537,0.609998,54300644,0,6836,ca66bb68d3052813c5788fd199622427,1,
trino,query62,measured,3,20260507_040538_00201_zj6nk,success,1.825,1.764,0.547905,60127213,0,6859,ca66bb68d3052813c5788fd199622427,1,
trino,query63,validation,1,20260507_040540_00202_zj6nk,success,3.332,3.269,0.30008,0,0,0,0ce9c4c586047830f661b273f0b07a7c,100,
trino,query63,warmup,0,20260507_040543_00203_zj6nk,success,3.585,3.525,0.278922,138125777,0,15728,ca66bb68d3052813c5788fd199622427,1,
trino,query63,measured,1,20260507_040547_00204_zj6nk,success,3.745,3.687,0.267021,138618323,0,17096,ca66bb68d3052813c5788fd199622427,1,
trino,query63,measured,2,20260507_040550_00205_zj6nk,success,3.489,3.417,0.286634,137225455,0,16329,ca66bb68d3052813c5788fd199622427,1,
trino,query63,measured,3,20260507_040554_00206_zj6nk,success,3.237,3.129,0.308888,137253596,0,15648,ca66bb68d3052813c5788fd199622427,1,
trino,query64,validation,1,20260507_040557_00207_zj6nk,success,26.533,26.471,0.037689,0,0,0,651a75a79d2633ba4ea0b5bcb2d99dc3,583,
trino,query64,warmup,0,20260507_040624_00208_zj6nk,success,22.519,22.456,0.044406,2201344419,0,91750,b2144d9d413cff9ac9804fdd30798585,1,
trino,query64,measured,1,20260507_040646_00209_zj6nk,success,19.668,19.604,0.050845,2129117415,0,86570,b2144d9d413cff9ac9804fdd30798585,1,
trino,query64,measured,2,20260507_040706_00210_zj6nk,success,19.748,19.64,0.050638,2094364171,0,87946,b2144d9d413cff9ac9804fdd30798585,1,
trino,query64,measured,3,20260507_040726_00211_zj6nk,success,19.976,19.913,0.050061,2207545755,0,88160,b2144d9d413cff9ac9804fdd30798585,1,
trino,query65,validation,1,20260507_040746_00212_zj6nk,success,19.651,19.551,0.050888,0,0,0,676fd0762bf28e48f16a2fe6c86071db,100,
trino,query65,warmup,0,20260507_040805_00213_zj6nk,success,19.524,19.463,0.05122,845375313,0,109207,ca66bb68d3052813c5788fd199622427,1,
trino,query65,measured,1,20260507_040825_00214_zj6nk,success,19.166,19.107,0.052175,840387927,0,107455,ca66bb68d3052813c5788fd199622427,1,
trino,query65,measured,2,20260507_040844_00215_zj6nk,success,19.138,19.043,0.052251,816138773,0,107448,ca66bb68d3052813c5788fd199622427,1,
trino,query65,measured,3,20260507_040903_00216_zj6nk,success,17.868,17.81,0.055965,933664328,0,107413,ca66bb68d3052813c5788fd199622427,1,
trino,query66,validation,1,20260507_040921_00217_zj6nk,success,4.77,4.706,0.209631,0,0,0,a0590c39e6de25f6db415a33dfc24df5,7,
trino,query66,warmup,0,20260507_040926_00218_zj6nk,success,2.54,2.478,0.393738,46837160,0,11198,386bafbb3237fdd74ea5d522b269aea4,1,
trino,query66,measured,1,20260507_040928_00219_zj6nk,success,2.369,2.306,0.422076,65122952,0,11808,386bafbb3237fdd74ea5d522b269aea4,1,
trino,query66,measured,2,20260507_040931_00220_zj6nk,success,2.458,2.37,0.406803,54023915,0,12238,386bafbb3237fdd74ea5d522b269aea4,1,
trino,query66,measured,3,20260507_040933_00221_zj6nk,success,2.278,2.217,0.438992,61407159,0,11330,386bafbb3237fdd74ea5d522b269aea4,1,
trino,query67,validation,1,20260507_040935_00222_zj6nk,success,124.521,124.462,0.008031,0,0,0,b0f98e726553a66d933ed5ac05466c89,100,
trino,query67,warmup,0,20260507_041140_00223_zj6nk,success,119.318,119.258,0.008381,2722135794,0,654820,ca66bb68d3052813c5788fd199622427,1,
trino,query67,measured,1,20260507_041339_00224_zj6nk,success,120.104,119.987,0.008326,2715548255,0,662969,ca66bb68d3052813c5788fd199622427,1,
trino,query67,measured,2,20260507_041539_00225_zj6nk,success,117.491,117.381,0.008511,2741694101,0,649361,ca66bb68d3052813c5788fd199622427,1,
trino,query67,measured,3,20260507_041737_00226_zj6nk,success,116.999,116.884,0.008547,2703510183,0,649575,ca66bb68d3052813c5788fd199622427,1,
trino,query68,validation,1,20260507_041934_00227_zj6nk,success,6.394,6.336,0.156397,0,0,0,24a2336f9cbd99e2d82f3ea462c7fc44,100,
trino,query68,warmup,0,20260507_041940_00228_zj6nk,success,3.967,3.909,0.252063,162185157,0,21396,ca66bb68d3052813c5788fd199622427,1,
trino,query68,measured,1,20260507_041944_00229_zj6nk,success,4.582,4.524,0.218223,217515577,0,21429,ca66bb68d3052813c5788fd199622427,1,
trino,query68,measured,2,20260507_041949_00230_zj6nk,success,4.204,4.145,0.237881,136893507,0,21402,ca66bb68d3052813c5788fd199622427,1,
trino,query68,measured,3,20260507_041953_00231_zj6nk,success,3.941,3.883,0.253734,177192460,0,21357,ca66bb68d3052813c5788fd199622427,1,
trino,query69,validation,1,20260507_041957_00232_zj6nk,failed,0.723,0.607,0.0,0,0,0,,0,
trino,query69,warmup,0,20260507_041958_00233_zj6nk,success,0.741,0.683,1.350112,3293892,0,375,9ea25eb23181a0b3f1a940b3bda30700,1,
trino,query69,measured,1,20260507_041958_00234_zj6nk,success,0.71,0.619,1.409228,3165108,0,311,9ea25eb23181a0b3f1a940b3bda30700,1,
trino,query69,measured,2,20260507_041959_00235_zj6nk,success,0.704,0.645,1.420696,3164468,0,311,9ea25eb23181a0b3f1a940b3bda30700,1,
trino,query69,measured,3,20260507_042000_00236_zj6nk,success,0.829,0.77,1.206699,3294298,0,367,9ea25eb23181a0b3f1a940b3bda30700,1,
trino,query70,validation,1,20260507_042001_00237_zj6nk,success,11.899,11.783,0.084042,0,0,0,67f8a4ec8d5b982f1ca4e4c8aa3464d2,8,
trino,query70,warmup,0,20260507_042013_00238_zj6nk,success,11.635,11.575,0.085951,276245657,0,73598,f534757926a102afb15733aa503a5d0d,1,
trino,query70,measured,1,20260507_042024_00239_zj6nk,success,11.34,11.264,0.088184,216580973,0,73083,f534757926a102afb15733aa503a5d0d,1,
trino,query70,measured,2,20260507_042036_00240_zj6nk,success,11.532,11.473,0.086712,278927087,0,72910,f534757926a102afb15733aa503a5d0d,1,
trino,query70,measured,3,20260507_042047_00241_zj6nk,success,11.651,11.592,0.08583,237678215,0,72703,f534757926a102afb15733aa503a5d0d,1,
trino,query71,validation,1,20260507_042059_00242_zj6nk,success,4.859,4.72,0.205796,0,0,0,1cfda1eb3477fcbba5c9b0652e47404c,35602,
trino,query71,warmup,0,20260507_042105_00243_zj6nk,success,2.683,2.591,0.372688,20438901,0,15127,51cf0c28c5ef7758f480aca95c867513,1,
trino,query71,measured,1,20260507_042107_00244_zj6nk,success,2.802,2.709,0.356838,5786143,0,14468,51cf0c28c5ef7758f480aca95c867513,1,
trino,query71,measured,2,20260507_042110_00245_zj6nk,success,2.797,2.708,0.357571,32292071,0,14750,51cf0c28c5ef7758f480aca95c867513,1,
trino,query71,measured,3,20260507_042113_00246_zj6nk,success,2.911,2.852,0.343474,5813164,0,14479,51cf0c28c5ef7758f480aca95c867513,1,
trino,query72,validation,1,20260507_042116_00247_zj6nk,success,12.963,12.898,0.077141,0,0,0,e1b398a37cbced55032ddb82ecd86e34,100,
trino,query72,warmup,0,20260507_042129_00248_zj6nk,success,12.584,12.525,0.079469,779241165,0,48751,ca66bb68d3052813c5788fd199622427,1,
trino,query72,measured,1,20260507_042141_00249_zj6nk,success,12.327,12.268,0.08112,705831966,0,50980,ca66bb68d3052813c5788fd199622427,1,
trino,query72,measured,2,20260507_042154_00250_zj6nk,success,13.084,13.026,0.07643,711110839,0,49794,ca66bb68d3052813c5788fd199622427,1,
trino,query72,measured,3,20260507_042207_00251_zj6nk,success,12.575,12.493,0.079522,829259055,0,49839,ca66bb68d3052813c5788fd199622427,1,
trino,query73,validation,1,20260507_042219_00252_zj6nk,success,3.672,3.613,0.272348,0,0,0,8140adf15e0d344b6bf8ccf1cdbde71c,57,
trino,query73,warmup,0,20260507_042223_00253_zj6nk,success,3.092,3.029,0.323423,97663672,0,17781,728ece966ccb527b86b5c82c0911bab5,1,
trino,query73,measured,1,20260507_042226_00254_zj6nk,success,3.269,3.158,0.30593,77948338,0,18498,728ece966ccb527b86b5c82c0911bab5,1,
trino,query73,measured,2,20260507_042229_00255_zj6nk,success,3.417,3.303,0.292668,58821636,0,18012,728ece966ccb527b86b5c82c0911bab5,1,
trino,query73,measured,3,20260507_042233_00256_zj6nk,success,3.24,3.179,0.308629,88055986,0,17758,728ece966ccb527b86b5c82c0911bab5,1,
trino,query74,validation,1,20260507_042236_00257_zj6nk,success,14.638,14.579,0.068315,0,0,0,ecf7c387019a800ef6a29c4de7c089cf,100,
trino,query74,warmup,0,20260507_042251_00258_zj6nk,success,15.324,15.215,0.065255,870415503,0,84917,ca66bb68d3052813c5788fd199622427,1,
trino,query74,measured,1,20260507_042306_00259_zj6nk,success,13.726,13.666,0.072855,833826094,0,83873,ca66bb68d3052813c5788fd199622427,1,
trino,query74,measured,2,20260507_042320_00260_zj6nk,success,13.784,13.725,0.072548,803107849,0,83766,ca66bb68d3052813c5788fd199622427,1,
trino,query74,measured,3,20260507_042334_00261_zj6nk,success,14.879,14.804,0.06721,831738832,0,83801,ca66bb68d3052813c5788fd199622427,1,
trino,query75,validation,1,20260507_042348_00262_zj6nk,success,31.255,31.145,0.031995,0,0,0,12f46ae329bcac0d21d61b7569a9bd7f,100,
trino,query75,warmup,0,20260507_042420_00263_zj6nk,success,22.506,22.447,0.044432,1710975421,0,119712,ca66bb68d3052813c5788fd199622427,1,
trino,query75,measured,1,20260507_042442_00264_zj6nk,success,22.293,22.207,0.044856,1666319548,0,116749,ca66bb68d3052813c5788fd199622427,1,
trino,query75,measured,2,20260507_042505_00265_zj6nk,success,21.212,21.125,0.047144,1614554496,0,118118,ca66bb68d3052813c5788fd199622427,1,
trino,query75,measured,3,20260507_042526_00266_zj6nk,success,22.277,22.217,0.044889,1858111457,0,118494,ca66bb68d3052813c5788fd199622427,1,
trino,query76,validation,1,20260507_042548_00267_zj6nk,success,7.922,7.855,0.126235,0,0,0,d23b5c2de8b23cc1e20fa2b44e1253ce,100,
trino,query76,warmup,0,20260507_042556_00268_zj6nk,success,5.002,4.932,0.199909,223224871,0,28028,ca66bb68d3052813c5788fd199622427,1,
trino,query76,measured,1,20260507_042601_00269_zj6nk,success,4.903,4.844,0.203966,248209593,0,28227,ca66bb68d3052813c5788fd199622427,1,
trino,query76,measured,2,20260507_042606_00270_zj6nk,success,4.757,4.699,0.210198,254325992,0,27972,ca66bb68d3052813c5788fd199622427,1,
trino,query76,measured,3,20260507_042611_00271_zj6nk,success,4.698,4.64,0.212856,236837619,0,27607,ca66bb68d3052813c5788fd199622427,1,
trino,query77,validation,1,20260507_042615_00272_zj6nk,success,4.922,4.862,0.203149,0,0,0,d255465826ac504860a6c33232f43af1,100,
trino,query77,warmup,0,20260507_042620_00273_zj6nk,success,2.504,2.444,0.399414,40630714,0,13565,ca66bb68d3052813c5788fd199622427,1,
trino,query77,measured,1,20260507_042623_00274_zj6nk,success,2.732,2.672,0.366022,22239462,0,13388,ca66bb68d3052813c5788fd199622427,1,
trino,query77,measured,2,20260507_042625_00275_zj6nk,success,2.755,2.695,0.36295,43533056,0,13528,ca66bb68d3052813c5788fd199622427,1,
trino,query77,measured,3,20260507_042628_00276_zj6nk,success,2.583,2.471,0.387151,35353953,0,13767,ca66bb68d3052813c5788fd199622427,1,
trino,query78,validation,1,20260507_042631_00277_zj6nk,success,44.279,44.219,0.022584,0,0,0,ea5703268c6de60756740522b91a24a1,100,
trino,query78,warmup,0,20260507_042715_00278_zj6nk,success,41.646,41.586,0.024012,4093894768,0,217837,ca66bb68d3052813c5788fd199622427,1,
trino,query78,measured,1,20260507_042757_00279_zj6nk,success,41.514,41.437,0.024089,4259659627,0,215880,ca66bb68d3052813c5788fd199622427,1,
trino,query78,measured,2,20260507_042838_00280_zj6nk,success,43.971,43.912,0.022742,4104401857,0,222642,ca66bb68d3052813c5788fd199622427,1,
trino,query78,measured,3,20260507_042922_00281_zj6nk,success,46.897,46.807,0.021323,4194551596,0,225158,ca66bb68d3052813c5788fd199622427,1,
trino,query79,validation,1,20260507_043009_00282_zj6nk,success,5.999,5.913,0.166682,0,0,0,54ec457ad0aa6d44fee51034db40bb32,100,
trino,query79,warmup,0,20260507_043015_00283_zj6nk,success,5.789,5.711,0.172753,394394160,0,30288,ca66bb68d3052813c5788fd199622427,1,
trino,query79,measured,1,20260507_043021_00284_zj6nk,success,5.476,5.416,0.182631,424798970,0,27906,ca66bb68d3052813c5788fd199622427,1,
trino,query79,measured,2,20260507_043026_00285_zj6nk,success,5.014,4.955,0.199423,392463236,0,28420,ca66bb68d3052813c5788fd199622427,1,
trino,query79,measured,3,20260507_043031_00286_zj6nk,success,5.203,5.143,0.192201,429824561,0,28589,ca66bb68d3052813c5788fd199622427,1,
trino,query80,validation,1,20260507_043037_00287_zj6nk,success,8.421,8.359,0.118754,0,0,0,165ecb7efe4a9cd4367e050ac62c3d58,100,
trino,query80,warmup,0,20260507_043045_00288_zj6nk,success,5.718,5.601,0.1749,180116822,0,29011,ca66bb68d3052813c5788fd199622427,1,
trino,query80,measured,1,20260507_043051_00289_zj6nk,success,5.752,5.636,0.173852,210097049,0,27671,ca66bb68d3052813c5788fd199622427,1,
trino,query80,measured,2,20260507_043056_00290_zj6nk,success,5.97,5.908,0.167496,242181289,0,29283,ca66bb68d3052813c5788fd199622427,1,
trino,query80,measured,3,20260507_043102_00291_zj6nk,success,6.461,6.393,0.154781,208739580,0,29290,ca66bb68d3052813c5788fd199622427,1,
trino,query81,validation,1,20260507_043109_00292_zj6nk,success,3.503,3.443,0.285473,0,0,0,f844f8d5b0eb6df5df56d7763c53115b,100,
trino,query81,warmup,0,20260507_043112_00293_zj6nk,success,3.894,3.827,0.256805,228659266,0,13419,ca66bb68d3052813c5788fd199622427,1,
trino,query81,measured,1,20260507_043116_00294_zj6nk,success,2.984,2.923,0.335162,284209925,0,13066,ca66bb68d3052813c5788fd199622427,1,
trino,query81,measured,2,20260507_043119_00295_zj6nk,success,3.126,3.066,0.319943,277606845,0,13619,ca66bb68d3052813c5788fd199622427,1,
trino,query81,measured,3,20260507_043122_00296_zj6nk,success,3.532,3.428,0.283121,272214913,0,13889,ca66bb68d3052813c5788fd199622427,1,
trino,query82,validation,1,20260507_043126_00297_zj6nk,success,2.949,2.89,0.339132,0,0,0,5bad32bae036c6a2912745d60af8f3a0,6,
trino,query82,warmup,0,20260507_043129_00298_zj6nk,success,2.947,2.886,0.33932,76066926,0,9381,8398a12346923512b85a6d8cbb030474,1,
trino,query82,measured,1,20260507_043132_00299_zj6nk,success,3.144,3.083,0.318083,98267250,0,11051,8398a12346923512b85a6d8cbb030474,1,
trino,query82,measured,2,20260507_043135_00300_zj6nk,success,2.297,2.236,0.435409,48046388,0,9848,8398a12346923512b85a6d8cbb030474,1,
trino,query82,measured,3,20260507_043137_00301_zj6nk,success,2.663,2.566,0.375502,76242326,0,9238,8398a12346923512b85a6d8cbb030474,1,
trino,query83,validation,1,20260507_043140_00302_zj6nk,success,2.082,2.013,0.480407,0,0,0,de99f2bfe3557e13383807890a934ae1,100,
trino,query83,warmup,0,20260507_043142_00303_zj6nk,success,1.823,1.761,0.54852,8625715,0,4567,ca66bb68d3052813c5788fd199622427,1,
trino,query83,measured,1,20260507_043144_00304_zj6nk,success,1.798,1.738,0.556185,6426413,0,4071,ca66bb68d3052813c5788fd199622427,1,
trino,query83,measured,2,20260507_043146_00305_zj6nk,success,2.15,2.088,0.465057,10394190,0,4383,ca66bb68d3052813c5788fd199622427,1,
trino,query83,measured,3,20260507_043148_00306_zj6nk,success,2.006,1.946,0.498478,20934092,0,4019,ca66bb68d3052813c5788fd199622427,1,
trino,query84,validation,1,20260507_043150_00307_zj6nk,success,1.154,1.095,0.86647,0,0,0,726e52c09ea870e93b4655ec005dd1f1,100,
trino,query84,warmup,0,20260507_043151_00308_zj6nk,success,1.203,1.145,0.831328,1314864,0,2527,ca66bb68d3052813c5788fd199622427,1,
trino,query84,measured,1,20260507_043152_00309_zj6nk,success,1.418,1.359,0.705282,1315624,0,2438,ca66bb68d3052813c5788fd199622427,1,
trino,query84,measured,2,20260507_043154_00310_zj6nk,success,1.286,1.227,0.777679,1316416,0,2285,ca66bb68d3052813c5788fd199622427,1,
trino,query84,measured,3,20260507_043155_00311_zj6nk,success,1.078,0.979,0.927243,1315800,0,2089,ca66bb68d3052813c5788fd199622427,1,
trino,query85,validation,1,20260507_043156_00312_zj6nk,success,15.673,15.61,0.063803,0,0,0,3bf13e837a5625d4134d28081aaa1fb4,32,
trino,query85,warmup,0,20260507_043212_00313_zj6nk,success,12.164,12.104,0.082209,950611911,0,34804,acd091aa52bcb1224750ce558bae7a7e,1,
trino,query85,measured,1,20260507_043224_00314_zj6nk,success,10.393,10.283,0.096216,933655510,0,34476,acd091aa52bcb1224750ce558bae7a7e,1,
trino,query85,measured,2,20260507_043234_00315_zj6nk,success,10.873,10.815,0.091967,950613614,0,38573,acd091aa52bcb1224750ce558bae7a7e,1,
trino,query85,measured,3,20260507_043245_00316_zj6nk,success,10.891,10.832,0.09182,950984871,0,33711,acd091aa52bcb1224750ce558bae7a7e,1,
trino,query86,validation,1,20260507_043256_00317_zj6nk,success,2.961,2.901,0.33774,0,0,0,e0d71db3f44e54882d9bfa267fd3c9d9,100,
trino,query86,warmup,0,20260507_043259_00318_zj6nk,success,2.945,2.886,0.339585,199418653,0,15414,ca66bb68d3052813c5788fd199622427,1,
trino,query86,measured,1,20260507_043302_00319_zj6nk,success,2.966,2.907,0.337157,199094327,0,15289,ca66bb68d3052813c5788fd199622427,1,
trino,query86,measured,2,20260507_043305_00320_zj6nk,success,2.892,2.833,0.345753,199032740,0,15499,ca66bb68d3052813c5788fd199622427,1,
trino,query86,measured,3,20260507_043308_00321_zj6nk,success,2.846,2.786,0.351314,199148584,0,14785,ca66bb68d3052813c5788fd199622427,1,
trino,query87,validation,1,20260507_043311_00322_zj6nk,success,9.977,9.915,0.10023,0,0,0,76d82de5f20e90d54c1b0ae50e2a1b95,1,
trino,query87,warmup,0,20260507_043321_00323_zj6nk,success,0.224,0.165,4.458845,90,0,0,195115f6fd7a5831cd5ff4b52339a5d1,1,
trino,query87,measured,1,20260507_043321_00324_zj6nk,success,0.273,0.162,3.657781,90,0,0,195115f6fd7a5831cd5ff4b52339a5d1,1,
trino,query87,measured,2,20260507_043321_00325_zj6nk,success,0.273,0.161,3.658826,90,0,0,195115f6fd7a5831cd5ff4b52339a5d1,1,
trino,query87,measured,3,20260507_043321_00326_zj6nk,success,0.221,0.163,4.534327,90,0,0,195115f6fd7a5831cd5ff4b52339a5d1,1,
trino,query88,validation,1,20260507_043322_00327_zj6nk,success,16.763,16.702,0.059657,0,0,0,3c4674879b409b17d22ba8c38c789168,1,
trino,query88,warmup,0,20260507_043338_00328_zj6nk,success,0.223,0.164,4.489176,90,0,0,195115f6fd7a5831cd5ff4b52339a5d1,1,
trino,query88,measured,1,20260507_043339_00329_zj6nk,success,0.274,0.162,3.64317,90,0,0,195115f6fd7a5831cd5ff4b52339a5d1,1,
trino,query88,measured,2,20260507_043339_00330_zj6nk,success,0.277,0.163,3.615258,90,0,0,195115f6fd7a5831cd5ff4b52339a5d1,1,
trino,query88,measured,3,20260507_043339_00331_zj6nk,success,0.225,0.165,4.451748,90,0,0,195115f6fd7a5831cd5ff4b52339a5d1,1,
trino,query89,validation,1,20260507_043339_00332_zj6nk,success,6.17,6.112,0.162068,0,0,0,9026b54f2e62395b9e376e7cd73a527f,100,
trino,query89,warmup,0,20260507_043345_00333_zj6nk,success,5.509,5.397,0.181536,234294942,0,27484,ca66bb68d3052813c5788fd199622427,1,
trino,query89,measured,1,20260507_043351_00334_zj6nk,success,5.357,5.299,0.186659,316489143,0,26288,ca66bb68d3052813c5788fd199622427,1,
trino,query89,measured,2,20260507_043356_00335_zj6nk,success,5.684,5.594,0.175918,288778240,0,27049,ca66bb68d3052813c5788fd199622427,1,
trino,query89,measured,3,20260507_043402_00336_zj6nk,success,6.345,6.285,0.157601,289856837,0,27993,ca66bb68d3052813c5788fd199622427,1,
trino,query90,validation,1,20260507_043408_00337_zj6nk,success,3.055,2.97,0.327366,0,0,0,b858a2d4d94ee68f63d07971b61c22bb,1,
trino,query90,warmup,0,20260507_043411_00338_zj6nk,success,2.077,2.017,0.48136,39541590,0,8828,195115f6fd7a5831cd5ff4b52339a5d1,1,
trino,query90,measured,1,20260507_043414_00339_zj6nk,success,1.738,1.638,0.57532,59393861,0,7479,195115f6fd7a5831cd5ff4b52339a5d1,1,
trino,query90,measured,2,20260507_043415_00340_zj6nk,success,1.712,1.64,0.584076,47824429,0,8157,195115f6fd7a5831cd5ff4b52339a5d1,1,
trino,query90,measured,3,20260507_043417_00341_zj6nk,success,4.776,4.715,0.209398,75713684,0,14860,195115f6fd7a5831cd5ff4b52339a5d1,1,
trino,query91,validation,1,20260507_043422_00342_zj6nk,success,1.441,1.382,0.694028,0,0,0,89526bd633d046b07211cea390b1f908,10,
trino,query91,warmup,0,20260507_043423_00343_zj6nk,success,1.308,1.249,0.764786,10297185,0,1681,ac1167c037274ff7323e1a9cc32124a8,1,
trino,query91,measured,1,20260507_043425_00344_zj6nk,success,1.148,1.069,0.871195,10297185,0,1441,ac1167c037274ff7323e1a9cc32124a8,1,
trino,query91,measured,2,20260507_043426_00345_zj6nk,success,1.119,1.06,0.893866,10035817,0,1373,ac1167c037274ff7323e1a9cc32124a8,1,
trino,query91,measured,3,20260507_043427_00346_zj6nk,success,0.904,0.834,1.106155,10297185,0,1171,ac1167c037274ff7323e1a9cc32124a8,1,
trino,query92,validation,1,20260507_043428_00347_zj6nk,success,1.746,1.687,0.572726,0,0,0,e75e92e8cfbe7b6ca81345e49eaffd18,1,
trino,query92,warmup,0,20260507_043429_00348_zj6nk,success,0.223,0.165,4.484069,90,0,0,195115f6fd7a5831cd5ff4b52339a5d1,1,
trino,query92,measured,1,20260507_043430_00349_zj6nk,success,0.222,0.162,4.509924,90,0,0,195115f6fd7a5831cd5ff4b52339a5d1,1,
trino,query92,measured,2,20260507_043430_00350_zj6nk,success,0.223,0.139,4.482248,90,0,0,195115f6fd7a5831cd5ff4b52339a5d1,1,
trino,query92,measured,3,20260507_043430_00351_zj6nk,success,0.276,0.162,3.623059,90,0,0,195115f6fd7a5831cd5ff4b52339a5d1,1,
trino,query93,validation,1,20260507_043430_00352_zj6nk,success,17.891,17.832,0.055893,0,0,0,42399c54db791e1527d31dfda0eac5c1,100,
trino,query93,warmup,0,20260507_043448_00353_zj6nk,success,23.856,23.744,0.041918,557139542,0,81842,ca66bb68d3052813c5788fd199622427,1,
trino,query93,measured,1,20260507_043512_00354_zj6nk,success,16.948,16.89,0.059003,563779597,0,72219,ca66bb68d3052813c5788fd199622427,1,
trino,query93,measured,2,20260507_043529_00355_zj6nk,success,16.409,16.351,0.060941,563561112,0,71542,ca66bb68d3052813c5788fd199622427,1,
trino,query93,measured,3,20260507_043545_00356_zj6nk,success,16.831,16.772,0.059414,566454777,0,71575,ca66bb68d3052813c5788fd199622427,1,
trino,query94,validation,1,20260507_043602_00357_zj6nk,success,4.685,4.626,0.213463,0,0,0,3e46b48d2e71440d0e5a2e7958649106,1,
trino,query94,warmup,0,20260507_043607_00358_zj6nk,success,0.222,0.164,4.498657,90,0,0,195115f6fd7a5831cd5ff4b52339a5d1,1,
trino,query94,measured,1,20260507_043607_00359_zj6nk,success,0.275,0.163,3.630496,90,0,0,195115f6fd7a5831cd5ff4b52339a5d1,1,
trino,query94,measured,2,20260507_043607_00360_zj6nk,success,0.223,0.164,4.493905,90,0,0,195115f6fd7a5831cd5ff4b52339a5d1,1,
trino,query94,measured,3,20260507_043608_00361_zj6nk,success,0.278,0.165,3.600292,90,0,0,195115f6fd7a5831cd5ff4b52339a5d1,1,
trino,query95,validation,1,20260507_043608_00362_zj6nk,success,14.567,14.487,0.068647,0,0,0,4550b804dae4f9ec8add27399bd8106c,1,
trino,query95,warmup,0,20260507_043623_00363_zj6nk,success,0.222,0.121,4.514083,90,0,0,195115f6fd7a5831cd5ff4b52339a5d1,1,
trino,query95,measured,1,20260507_043623_00364_zj6nk,success,0.276,0.163,3.623926,90,0,0,195115f6fd7a5831cd5ff4b52339a5d1,1,
trino,query95,measured,2,20260507_043623_00365_zj6nk,success,0.227,0.165,4.405346,90,0,0,195115f6fd7a5831cd5ff4b52339a5d1,1,
trino,query95,measured,3,20260507_043623_00366_zj6nk,success,0.276,0.163,3.625647,90,0,0,195115f6fd7a5831cd5ff4b52339a5d1,1,
trino,query96,validation,1,20260507_043624_00367_zj6nk,success,2.703,2.645,0.369908,0,0,0,ad1d8a590f34db2c7345796156c273c3,1,
trino,query96,warmup,0,20260507_043626_00368_zj6nk,success,0.277,0.163,3.608942,90,0,0,195115f6fd7a5831cd5ff4b52339a5d1,1,
trino,query96,measured,1,20260507_043627_00369_zj6nk,success,0.276,0.162,3.621723,90,0,0,195115f6fd7a5831cd5ff4b52339a5d1,1,
trino,query96,measured,2,20260507_043627_00370_zj6nk,success,0.274,0.162,3.64301,90,0,0,195115f6fd7a5831cd5ff4b52339a5d1,1,
trino,query96,measured,3,20260507_043627_00371_zj6nk,success,0.276,0.163,3.626986,90,0,0,195115f6fd7a5831cd5ff4b52339a5d1,1,
trino,query97,validation,1,20260507_043627_00372_zj6nk,success,18.318,18.204,0.054591,0,0,0,ce06f22714d50c0566d1c1ec5a773703,1,
trino,query97,warmup,0,20260507_043646_00373_zj6nk,success,0.225,0.165,4.447279,90,0,0,195115f6fd7a5831cd5ff4b52339a5d1,1,
trino,query97,measured,1,20260507_043646_00374_zj6nk,success,0.278,0.165,3.600176,90,0,0,195115f6fd7a5831cd5ff4b52339a5d1,1,
trino,query97,measured,2,20260507_043646_00375_zj6nk,success,0.276,0.163,3.617599,90,0,0,195115f6fd7a5831cd5ff4b52339a5d1,1,
trino,query97,measured,3,20260507_043646_00376_zj6nk,success,0.277,0.163,3.611633,90,0,0,195115f6fd7a5831cd5ff4b52339a5d1,1,
trino,query98,validation,1,20260507_043647_00377_zj6nk,success,4.123,3.987,0.242535,0,0,0,6fce8e58e6ea55be5f6636d656829585,9205,
trino,query98,warmup,0,20260507_043651_00378_zj6nk,success,1.942,1.882,0.514865,81580710,0,10267,8d8795a4db9f86cbce802cdbe0e7f0ff,1,
trino,query98,measured,1,20260507_043653_00379_zj6nk,success,2.163,2.077,0.462245,38817136,0,9032,8d8795a4db9f86cbce802cdbe0e7f0ff,1,
trino,query98,measured,2,20260507_043655_00380_zj6nk,success,2.403,2.29,0.416071,80755928,0,9705,8d8795a4db9f86cbce802cdbe0e7f0ff,1,
trino,query98,measured,3,20260507_043658_00381_zj6nk,success,2.032,1.972,0.492246,77721855,0,9661,8d8795a4db9f86cbce802cdbe0e7f0ff,1,
trino,query99,validation,1,20260507_043700_00382_zj6nk,success,5.295,5.231,0.188846,0,0,0,c954af873f0e2b4efa472d799c67b051,100,
trino,query99,warmup,0,20260507_043705_00383_zj6nk,success,2.827,2.767,0.353782,105322531,0,13905,ca66bb68d3052813c5788fd199622427,1,
trino,query99,measured,1,20260507_043708_00384_zj6nk,success,2.57,2.509,0.389158,97917099,0,13273,ca66bb68d3052813c5788fd199622427,1,
trino,query99,measured,2,20260507_043711_00385_zj6nk,success,2.75,2.692,0.363574,104830557,0,12892,ca66bb68d3052813c5788fd199622427,1,
trino,query99,measured,3,20260507_043713_00386_zj6nk,success,2.837,2.777,0.352524,104841081,0,14543,ca66bb68d3052813c5788fd199622427,1,
